English,CEFR,gender,word,wordAudio,region,definition,sentenceAudio,example,sentenceTranslation,oldSentenceToBeDeleted
"to, at",A1,preposition,a,X,,"Indica dirección, lugar, tiempo, modo u objeto de una acción.",X,Vamos a la playa.,Let’s go to the beach.,
open,A1,adjective,abierto,X,,Que no está cerrado.,X,La puerta está abierta.,The door is open.,
coat,A1,masculine,abrigo,X,,Prenda de vestir que sirve para abrigar el cuerpo del frío.,X,Tengo un abrigo rojo.,I have a red coat.,
April,A1,masculine,abril,X,,Cuarto mes del año.,X,Mi cumpleaños es en abril.,My birthday is in April.,
open,A1,verb,abrir,X,,Mover algo para dejarlo abierto.,X,Voy a abrir la ventana.,I’m going to open the window.,
grandmother,A1,feminine,abuela,X,,Mujer que es la madre del padre o de la madre de una persona.,X,Mi abuela cocina muy bien.,My grandmother cooks very well.,
grandfather,A1,masculine,abuelo,X,,Hombre que es el padre del padre o de la madre de una persona.,X,Mi abuelo vive en el campo.,My grandfather lives in the countryside.,
boring,A1,adjective,aburrido,X,,Que produce cansancio o falta de interés.,X,Esta película es muy aburrida.,This movie is very boring.,
activity,A1,feminine,actividad,X,,Conjunto de acciones realizadas con un fin.,X,Tenemos una actividad en clase.,We have an activity in class.,
goodbye,A1,interjection,adiós,X,,Expresión usada para despedirse de alguien.,X,"Adiós, nos vemos mañana.","Goodbye, see you tomorrow.",
airport,A1,masculine,aeropuerto,X,,Lugar donde llegan y salen los aviones.,X,El aeropuerto está cerca.,The airport is nearby.,
August,A1,masculine,agosto,X,,Octavo mes del año.,X,Vamos de vacaciones en agosto.,We go on vacation in August.,
water,A1,feminine,agua,X,,"Líquido transparente, incoloro, inodoro e insípido, esencial para la vida.",X,Quiero un vaso de agua.,I want a glass of water.,
now,A1,adverb,ahora,X,,En este momento presente.,X,Ahora vamos al parque.,Now we’re going to the park.,
Germany,A1,feminine,Alemania,X,,País situado en Europa central cuya capital es Berlín.,X,Mi amigo es de Alemania.,My friend is from Germany.,
"something, anything",A1,pronoun,algo,X,,Cosa indeterminada.,X,¿Tienes algo para mí?,Do you have something for me?,
"someone, anyone",A1,pronoun,alguien,X,,Persona indeterminada o desconocida.,X,Hay alguien en la puerta.,There’s someone at the door.,
over there,A1,adverb,allá,X,,Indica un lugar que está lejos del hablante.,X,Allá está la casa de mi abuela.,Over there is my grandmother’s house.,
"tall, high",A1,adjective,alto,X,,Que tiene gran estatura o elevación.,X,El edificio es muy alto.,The building is very tall.,
"student, pupil",A1,masculine,alumno,X,,"Persona que recibe enseñanza, especialmente en una escuela.",X,El alumno está en clase.,The student is in class.,
yellow,A1,adjective,amarillo,X,,De color semejante al del oro o al de la yema del huevo.,X,El coche es amarillo.,The car is yellow.,
friend,A1,feminine,amiga,X,,Persona del sexo femenino con la que se mantiene una relación de amistad.,X,Tengo una amiga en la escuela.,I have a friend at school.,
friend,A1,masculine,amigo,X,,Persona del sexo masculino con la que se mantiene una relación de amistad.,X,Mi amigo juega al fútbol conmigo.,My friend plays football with me.,
ring,A1,masculine,anillo,X,,"Aro, generalmente de metal, que se lleva como adorno en los dedos.",X,Tengo un anillo de plata.,I have a silver ring.,
animal,A1,masculine,animal,X,,Ser vivo que se distingue de las plantas por su capacidad de movimiento y sensibilidad.,X,El perro es un animal.,The dog is an animal.,
year,A1,masculine,año,X,,Período de doce meses en que se divide el tiempo.,X,Este año vamos a la playa.,This year we’re going to the beach.,
before,A1,preposition,antes,X,,Con anterioridad a un momento determinado.,X,Lávate las manos antes de comer.,Wash your hands before eating.,
learn,A1,verb,aprender,X,,Adquirir conocimiento de algo por medio del estudio o la experiencia.,X,Quiero aprender español.,I want to learn Spanish.,
here,A1,adverb,aquí,X,,En este lugar.,X,Aquí está tu mochila.,Here’s your backpack.,
tree,A1,masculine,árbol,X,,Planta de tronco leñoso que se ramifica a cierta altura del suelo.,X,El árbol es muy grande.,The tree is very big.,
closet,A1,masculine,armario,X,,Mueble con puertas que sirve para guardar ropa u otros objetos.,X,El armario está en el dormitorio.,The closet is in the bedroom.,
rice,A1,masculine,arroz,X,,Grano comestible que es alimento básico en muchas culturas.,X,Me gusta comer arroz.,I like eating rice.,
art,A1,masculine,arte,X,,Manifestación de la actividad humana con valor estético o expresivo.,X,Me encanta el arte.,I love art.,
airplane,A1,masculine,avión,X,,Aeronave más pesada que el aire que se mantiene en vuelo gracias a sus alas.,X,El avión ya ha salido.,The plane has already left.,
yesterday,A1,adverb,ayer,X,,El día inmediatamente anterior al de hoy.,X,Ayer fuimos al cine.,Yesterday we went to the cinema.,
help,A1,feminine,ayuda,X,,Acción de auxiliar o prestar servicio a alguien.,X,Necesito ayuda con mi tarea.,I need help with my homework.,
help,A1,verb,ayudar,X,,Prestar auxilio o colaboración a alguien.,X,Voy a ayudar a mi hermano.,I’m going to help my brother.,
blue,A1,adjective,azul,X,,De color del cielo despejado en un día soleado.,X,Mi camiseta es azul.,My T-shirt is blue.,
dance,A1,verb,bailar,X,,Mover el cuerpo al ritmo de la música.,X,Me gusta bailar con mis amigos.,I like dancing with my friends.,
dance,A1,masculine,baile,X,,Acción de bailar o espectáculo donde se baila.,X,El baile empieza a las ocho.,The dance starts at eight.,
"go down, descend",A1,verb,bajar,X,,Moverse hacia abajo o poner algo en un nivel inferior.,X,Vamos a bajar las escaleras.,Let’s go down the stairs.,
under,A1,preposition,bajo,X,,Indica que algo está en una posición inferior o debajo de otra cosa.,X,El gato duerme bajo la mesa.,The cat sleeps under the table.,
"low, short",A1,adjective,bajo,X,,Que tiene poca altura o estatura.,X,Mi hermano es más bajo que yo.,My brother is shorter than me.,
banana,A1,feminine,banana,X,LA,Fruto alargado y amarillo que se come crudo.,X,La banana está en la mesa.,The banana is on the table.,
bathe,A1,verb,bañar,X,,Meter a una persona o cosa en agua para lavarla o refrescarla.,X,Voy a bañar al perro.,I’m going to bathe the dog.,
bank,A1,masculine,banco,X,,Entidad financiera donde se guarda dinero o establecimiento público con asientos para sentarse.,X,Voy al banco a sacar dinero.,I’m going to the bank to withdraw money.,
bathroom,A1,masculine,baño,X,,Lugar provisto de instalaciones para el aseo o la higiene.,X,El baño está al final del pasillo.,The bathroom is at the end of the hallway.,
cheap,A1,adjective,barato,X,,Que cuesta poco dinero.,X,Este coche es muy barato.,This car is very cheap.,
boat,A1,masculine,barco,X,,Embarcación de gran tamaño que sirve para navegar.,X,El barco está en el puerto.,The boat is in the harbor.,
neighborhood,A1,masculine,barrio,X,,Parte de una ciudad o pueblo que forma una unidad diferenciada.,X,Mi barrio es tranquilo.,My neighborhood is quiet.,
baby,A1,masculine,bebé,X,,"Persona de corta edad, especialmente la que aún no sabe hablar ni andar.",X,El bebé duerme en su cuna.,The baby is sleeping in his crib.,
drink,A1,verb,beber,X,,Ingerir un líquido.,X,Quiero beber agua.,I want to drink water.,
drink,A1,feminine,bebida,X,,Líquido que se toma.,X,"Quiero una bebida fría, por favor.","I would like a cold drink, please.",
library,A1,feminine,biblioteca,X,,Lugar donde se guardan y se prestan libros para leer o estudiar.,X,Vamos a la biblioteca esta tarde.,We’re going to the library this afternoon.,
bicycle,A1,feminine,bicicleta,X,,Vehículo de dos ruedas impulsado por pedales.,X,Voy en bicicleta al colegio.,I ride my bike to school.,
well,A1,adverb,bien,X,,"De manera correcta, adecuada o satisfactoria.",X,"Estoy bien, gracias.","I’m fine, thanks.",
white,A1,adjective,blanco,X,,De color semejante a la nieve o a la leche.,X,La camisa es blanca.,The shirt is white.,
mouth,A1,feminine,boca,X,,"Abertura en la cara de las personas y animales, que sirve para hablar y comer.",X,"Abre la boca, por favor.","Open your mouth, please.",
pen,A1,masculine,bolígrafo,X,,Instrumento para escribir con tinta que se recarga o es desechable.,X,Necesito un bolígrafo para escribir.,I need a pen to write.,
bag,A1,feminine,bolsa,X,,Saco o envoltorio flexible que sirve para llevar cosas.,X,Tengo una bolsa roja.,I have a red bag.,
"pretty, lovely",A1,adjective,bonito,X,,Que resulta agradable a la vista o produce placer estético.,X,Tu casa es muy bonita.,Your house is very pretty.,
arm,A1,masculine,brazo,X,,"Cada una de las extremidades superiores del cuerpo humano, desde el hombro hasta la mano.",X,Me duele el brazo.,My arm hurts.,
good,A1,adjective,bueno,X,,Que tiene cualidades positivas o que es adecuado.,X,El pastel está muy bueno.,The cake is very good.,
look for,A1,verb,buscar,X,,Intentar encontrar algo o a alguien.,X,Voy a buscar mis llaves.,I’m going to look for my keys.,
horse,A1,masculine,caballo,X,,"Animal de gran tamaño, de cuatro patas, utilizado para montar o para realizar trabajos en el campo.",X,El caballo corre muy rápido.,The horse runs very fast.,
head,A1,feminine,cabeza,X,,"Parte superior del cuerpo humano donde están el cerebro, los ojos, la boca y otros órganos.",X,Me duele la cabeza.,My head hurts.,
"every, each",A1,determiner,cada,X,,Indica individualidad dentro de un conjunto.,X,Cada niño tiene un cuaderno.,Each child has a notebook.,
fall,A1,verb,caer,X,,Perder el equilibrio y venir abajo.,X,Ten cuidado o vas a caer.,Be careful or you’re going to fall.,
coffee,A1,masculine,café,X,,Bebida de color oscuro hecha con granos tostados de café.,X,Me gusta el café con leche.,I like coffee with milk.,
cafeteria,A1,feminine,cafetería,X,,Establecimiento donde se sirve café y otras bebidas o comidas ligeras.,X,Comemos en la cafetería.,We eat in the cafeteria.,
box,A1,feminine,caja,X,,Recipiente de diferentes tamaños que sirve para guardar objetos.,X,La caja está vacía.,The box is empty.,
sock,A1,masculine,calcetín,X,,Prenda que cubre el pie y parte de la pierna.,X,Solo tengo un calcetín.,I only have one sock.,
"hot, warm",A1,adjective,caliente,X,,Que tiene una temperatura elevada.,X,El té está caliente.,The tea is hot.,
street,A1,feminine,calle,X,,Vía pública de una ciudad o pueblo.,X,Mi calle es muy larga.,My street is very long.,
heat,A1,masculine,calor,X,,Sensación producida por la elevación de la temperatura.,X,Hace mucho calor hoy.,It’s very hot today.,
bed,A1,feminine,cama,X,,Mueble para acostarse y dormir.,X,La cama está hecha.,The bed is made.,
change,A1,verb,cambiar,X,,Sustituir una cosa por otra.,X,Quiero cambiar de asiento porque aquí no veo bien.,I want to change seats because I can’t see well here.,
walk,A1,verb,caminar,X,,Andar de un lugar a otro.,X,Vamos a caminar por el parque.,Let’s walk through the park.,
"road, way",A1,masculine,camino,X,,Vía que conduce a un sitio o trayecto para desplazarse.,X,El camino es corto.,The path is short.,
shirt,A1,feminine,camisa,X,,"Prenda de vestir que cubre el tronco, con cuello y mangas.",X,Llevo una camisa azul.,I’m wearing a blue shirt.,
T-shirt,A1,feminine,camiseta,X,,"Prenda de vestir ligera que cubre el tronco, sin cuello rígido.",X,Me gusta tu camiseta.,I like your T-shirt.,
"countryside, field",A1,masculine,campo,X,,Terreno rural o espacio al aire libre.,X,Trabaja en el campo.,He works in the countryside.,
sing,A1,verb,cantar,X,,Producir con la voz sonidos musicales.,X,Vamos a cantar una canción.,Let’s sing a song.,
face,A1,feminine,cara,X,,"Parte delantera de la cabeza en la que están los ojos, nariz y boca.",X,Tiene una cara feliz.,She has a happy face.,
meat,A1,feminine,carne,X,,Alimento que procede del cuerpo de los animales.,X,Hoy comemos carne.,Today we are eating meat.,
"dear, expensive",A1,adjective,caro,X,,Que tiene un precio elevado.,X,Este coche es muy caro.,This car is very expensive.,
letter,A1,feminine,carta,X,,Escrito que se envía a otra persona.,X,Escribo una carta a mi abuela.,I’m writing a letter to my grandmother.,
house,A1,feminine,casa,X,,Edificio destinado a la vivienda.,X,Mi casa es grande.,My house is big.,
almost,A1,adverb,casi,X,,Por poco o aproximadamente.,X,Casi llegamos.,We’re almost there.,
dinner,A1,feminine,cena,X,,Comida ligera que se toma por la noche.,X,La cena está lista.,Dinner is ready.,
"have dinner, dine",A1,verb,cenar,X,,Tomar la cena.,X,Vamos a cenar a las ocho.,We’re going to have dinner at eight.,
center,A1,masculine,centro,X,,Parte central de un lugar o espacio.,X,El centro está lleno de tiendas.,The center is full of shops.,
"around, near",A1,adverb,cerca,X,,A poca distancia en el espacio o en el tiempo.,X,La escuela está cerca de mi casa.,The school is near my house.,
close,A1,verb,cerrar,X,,Cubrir un hueco o impedir el paso de algo moviendo una parte que lo tapa.,X,Quiero cerrar la ventana.,I want to close the window.,
girl,A1,feminine,chica,X,,Persona joven de sexo femenino.,X,La chica está en la tienda.,The girl is in the shop.,
"boy, kid",A1,masculine,chico,X,,Persona joven de sexo masculino.,X,El chico tiene una bicicleta roja.,The boy has a red bicycle.,
five,A1,numeral,cinco,X,,Número que equivale a cuatro más uno.,X,Tengo cinco hermanos.,I have five siblings.,
movie theater,A1,masculine,cine,X,,Lugar donde se proyectan películas.,X,Vamos al cine esta noche.,We’re going to the cinema tonight.,
city,A1,feminine,ciudad,X,,Localidad con alta concentración de población y edificios.,X,Mi ciudad es bonita.,My city is beautiful.,
"clear, of course",A1,adjective,claro,X,,Que tiene mucha luz o es fácil de entender.,X,¡Claro que sí!,Of course!,
"client, customer",A1,masculine,cliente,X,,Persona que compra o utiliza bienes o servicios.,X,El cliente está esperando su pedido en la mesa.,The client is waiting for his order at the table.,
climate,A1,masculine,clima,X,,Condiciones atmosféricas de una región.,X,El clima está muy bien hoy.,The weather is very nice today.,
car,A1,feminine,coche,X,SP,Vehículo de cuatro ruedas destinado al transporte de personas.,X,El coche está aparcado afuera.,The car is parked outside.,
kitchen,A1,feminine,cocina,X,,Habitación o lugar donde se prepara la comida.,X,La cocina está limpia.,The kitchen is clean.,
cook,A1,verb,cocinar,X,,Preparar los alimentos para comerlos.,X,Voy a cocinar una sopa.,I’m going to cook a soup.,
"cook, chef",A1,masculine,cocinero,X,,Persona que prepara alimentos de manera profesional o doméstica.,X,El cocinero prepara la cena en la cocina.,The cook prepares dinner in the kitchen.,
school,A1,masculine,colegio,X,,Centro educativo para la enseñanza de niños.,X,El colegio está cerca de mi casa.,The school is near my house.,
color,A1,masculine,color,X,,Sensación que producen los rayos de luz en los ojos o apariencia de los objetos según esa luz.,X,¿Qué color te gusta más?,Which color do you like best?,
eat,A1,verb,comer,X,,Ingerir alimentos.,X,Vamos a comer ahora.,Let’s eat now.,
food,A1,feminine,comida,X,,Alimento preparado para ser comido.,X,La comida está deliciosa.,The food is delicious.,
"as, since",A1,conjunction,como,X,,Introduce comparaciones o semejanzas entre elementos.,X,"Como está lloviendo, nos quedamos en casa.","Since it’s raining, we stayed home.",
as,A1,preposition,como,X,,Introduce equivalencia o función de algo.,X,Trabajo como profesora.,I work as a teacher.,
as,A1,adverb,como,X,,Introduce modo o manera en que se hace algo.,X,Corre tan rápido como su hermano.,He runs as fast as his brother.,
how,A1,adverb,cómo,X,,Interroga sobre la manera en que ocurre algo.,X,¿Cómo te llamas?,What’s your name?,
"companion, classmate, partner",A1,masculine,compañero,X,,"Persona con la que se comparte una actividad, trabajo o estudios.",X,Mi compañero es muy simpático.,My classmate is very nice.,
buy,A1,verb,comprar,X,,Obtener algo a cambio de dinero.,X,Voy a comprar pan.,I’m going to buy bread.,
"comprehend, understand",A1,verb,comprender,X,,Llegar a entender el significado de algo.,X,No comprendo esta palabra.,I don’t understand this word.,
with,A1,preposition,con,X,,"Indica compañía, instrumento o modo.",X,Voy con mis amigos.,I’m going with my friends.,
with me,A1,pronoun,conmigo,X,,Forma de pronombre que indica compañía con la persona que habla.,X,¿Vienes conmigo al parque?,Are you coming with me to the park?,
"know, get to know",A1,verb,conocer,X,,Tener experiencia de alguien o algo por primera vez o de forma directa.,X,Quiero conocer a tus padres.,I want to meet your parents.,
count,A1,verb,contar,X,,Referir o enumerar algo.,X,Vamos a contar hasta diez.,Let’s count to ten.,
"answer, reply",A1,verb,contestar,X,,Responder a una pregunta o llamada.,X,Voy a contestar al profesor.,I’m going to answer the teacher.,
with you,A1,pronoun,contigo,X,,Forma de pronombre que indica compañía con la persona a la que se habla.,X,Voy contigo al supermercado.,I’m going with you to the supermarket.,
run,A1,verb,correr,X,,Desplazarse rápidamente con las piernas.,X,Me gusta correr en el parque.,I like running in the park.,
cut,A1,verb,cortar,X,,Separar con un instrumento afilado una parte de otra.,X,Voy a cortar el pan.,I'm going to cut the bread.,
short,A1,adjective,corto,X,,Que tiene poca longitud o duración.,X,Mi pelo es muy corto.,My hair is very short.,
thing,A1,feminine,cosa,X,,"Objeto material, indeterminado o abstracto.",X,Esa cosa es mía.,That thing is mine.,
cost,A1,verb,costar,X,,Tener un precio.,X,¿Cuánto cuesta esta chaqueta?,How much does this jacket cost?,
"believe, think",A1,verb,creer,X,,Aceptar como verdadero algo o tener fe en ello.,X,Creo que está en casa.,I think he's at home.,
"what, which",A1,pronoun,cuál,X,,Introduce una elección entre varias posibilidades.,X,¿Cuál es tu color favorito?,What's your favorite color?,
when,A1,conjunction,cuando,X,,Introduce el momento en que ocurre algo.,X,¿Cuándo es tu examen?,When is your exam?,
"room, quarter",A1,masculine,cuarto,X,,Habitación de una casa o piso.,X,Mi cuarto es pequeño.,My room is small.,
fourth,A1,adjective,cuarto,X,,Que ocupa la posición número cuatro en una serie.,X,Mi casa está en el cuarto piso.,My home is on the fourth floor.,
four,A1,numeral,cuatro,X,,Número equivalente a tres más uno.,X,Tengo cuatro libros.,I have four books.,
"count, bill, account",A1,feminine,cuenta,X,,Registro de cantidades u operaciones o relación de hechos.,X,Tengo una cuenta en el banco.,I have an account at the bank.,
birthday,A1,masculine,cumpleaños,X,,Aniversario del día de nacimiento de una persona.,X,Hoy es mi cumpleaños.,Today is my birthday.,
give,A1,verb,dar,X,,Entregar algo a alguien.,X,Voy a dar un regalo a mi amigo.,I'm going to give a gift to my friend.,
"of, from",A1,preposition,de,X,,"Indica posesión, origen, materia o relación.",X,La casa es de mi abuela.,The house is my grandmother's.,
say,A1,verb,decir,X,,Comunicar algo con palabras.,X,Voy a decir la verdad.,I'm going to tell the truth.,
finger,A1,masculine,dedo,X,,Cada una de las partes en que se dividen las manos y los pies.,X,Tengo un dedo herido.,I have an injured finger.,
sport,A1,masculine,deporte,X,,Actividad física realizada como juego o ejercicio.,X,Me gusta mucho el deporte.,I really like sports.,
have breakfast,A1,verb,desayunar,X,,Tomar la primera comida del día por la mañana.,X,Todos los días desayuno a las ocho.,I have breakfast every day at eight o’clock.,
breakfast,A1,masculine,desayuno,X,,"Primera comida del día, que se toma por la mañana.",X,El desayuno está listo.,Breakfast is ready.,
"from, since",A1,preposition,desde,X,,Indica el punto de origen en el espacio o en el tiempo.,X,Vivo en Madrid desde dos mil veinte.,I've lived in Madrid since 2020.,
after,A1,adverb,después,X,,Más tarde que el momento presente.,X,Vamos al cine después de cenar.,We're going to the cinema after dinner.,
behind,A1,adverb,detrás,X,,En la parte posterior de algo.,X,El perro está detrás.,The dog is behind.,
behind,A1,preposition,detrás de,X,,Indica posición situada en la parte trasera de otra cosa.,X,El coche está detrás de la casa.,The car is behind the house.,
day,A1,masculine,día,X,,Período de veinticuatro horas que comienza a medianoche.,X,Hoy es un buen día.,Today is a good day.,
December,A1,masculine,diciembre,X,,Duodécimo mes del año.,X,Diciembre es un mes muy frío.,December is a very cold month.,
nineteen,A1,numeral,diecinueve,X,,Número que equivale a diez y nueve unidades.,X,Mi hermana tiene diecinueve años.,My sister is nineteen years old.,
eighteen,A1,numeral,dieciocho,X,,Número equivalente a diez más ocho.,X,Tengo dieciocho años.,I am eighteen years old.,
ten,A1,numeral,diez,X,,Número equivalente a nueve más uno.,X,Tengo diez lápices en la mochila.,I have ten pencils in my backpack.,
difficult,A1,adjective,difícil,X,,Que presenta gran dificultad o no es fácil de hacer.,X,Este ejercicio es difícil.,This exercise is difficult.,
money,A1,masculine,dinero,X,,Conjunto de monedas y billetes que sirven como medio de pago.,X,No tengo dinero.,I don't have money.,
twelve,A1,numeral,doce,X,,Número equivalente a once más uno.,X,Mi hermana tiene doce años.,My sister is twelve years old.,
Sunday,A1,masculine,domingo,X,,Séptimo día de la semana.,X,El domingo vamos a la playa.,On Sunday we're going to the beach.,
where,A1,conjunction,donde,X,,Introduce el lugar en que sucede algo.,X,¿Dónde está el baño?,Where is the bathroom?,
sleep,A1,verb,dormir,X,,Reposar con los ojos cerrados en un estado de sueño.,X,Quiero dormir ocho horas.,I want to sleep eight hours.,
bedroom,A1,masculine,dormitorio,X,,Habitación de una vivienda destinada para dormir.,X,Mi dormitorio es pequeño.,My bedroom is small.,
two,A1,numeral,dos,X,,Número equivalente a uno más uno.,X,Tengo dos hermanos.,I have two brothers.,
sweet,A1,adjective,dulce,X,,Que tiene sabor agradable por contener azúcar.,X,Este pastel es muy dulce.,This cake is very sweet.,
age,A1,feminine,edad,X,,Tiempo que ha vivido una persona desde su nacimiento.,X,Tengo seis años de edad.,I am six years old.,
example,A1,masculine,ejemplo,X,,Modelo que sirve para explicar o mostrar algo.,X,Este es un ejemplo fácil.,This is an easy example.,
the,A1,article,el,X,,Artículo definido masculino singular.,X,El libro está sobre la mesa.,The book is on the table.,
he,A1,pronoun,él,X,,Pronombre personal masculino en tercera persona del singular.,X,Él es mi hermano.,He is my brother.,
she,A1,pronoun,ella,X,,Pronombre personal femenino en tercera persona del singular.,X,Ella es mi profesora.,She is my teacher.,
in,A1,preposition,en,X,,"Indica lugar, situación o estado.",X,Estoy en casa.,I’m at home.,
on top,A1,adverb,encima,X,,En la parte superior de algo.,X,El libro está encima.,The book is on top.,
on top of,A1,preposition,encima de,X,,Indica posición sobre otra cosa.,X,La taza está encima de la mesa.,The cup is on top of the table.,
January,A1,masculine,enero,X,,Primer mes del año.,X,Mi cumpleaños es en enero.,My birthday is in January.,
between,A1,preposition,entre,X,,Indica situación en medio de varias cosas.,X,El balón está entre la silla y la mesa.,The ball is between the chair and the table.,
school,A1,feminine,escuela,X,,Centro educativo donde aprenden los niños.,X,La escuela está cerca de mi casa.,The school is near my house.,
that,A1,determiner,ese,X,,Determina algo o alguien cercano al oyente.,X,Ese coche es rojo.,That car is red.,
Spain,A1,feminine,España,X,,País situado en el suroeste de Europa cuya capital es Madrid.,X,Vivo en España.,I live in Spain.,
Spanish,A1,adjective,español,X,,Natural de España o relativo a este país.,X,Me gusta el cine español.,I like Spanish cinema.,
be,A1,verb,estar,X,,"Indica estado, situación o ubicación.",X,Estoy cansado hoy.,I’m tired today.,
this,A1,pronoun,este,X,,Pronombre demostrativo que señala algo cercano al hablante.,X,Este es mi cuaderno.,This is my notebook.,
star,A1,feminine,estrella,X,,Cuerpo celeste que brilla en el cielo durante la noche.,X,Veo una estrella en el cielo.,I see a star in the sky.,
student,A1,masculine,estudiante,X,,Persona que recibe enseñanza en un centro educativo.,X,El estudiante escribe en su cuaderno.,The student writes in his notebook.,
study,A1,verb,estudiar,X,,Aplicarse al estudio para aprender.,X,Voy a estudiar matemáticas.,I’m going to study mathematics.,
Europe,A1,feminine,Europa,X,,Continente situado al norte de África y al oeste de Asia.,X,Europa es un continente grande.,Europe is a large continent.,
European,A1,adjective,europeo,X,,Natural de Europa o relativo a este continente.,X,La comida europea es muy variada.,European cuisine is very varied.,
easy,A1,adjective,fácil,X,,Que no presenta dificultad o se realiza sin esfuerzo.,X,Este ejercicio es fácil.,This exercise is easy.,
family,A1,feminine,familia,X,,Conjunto de personas unidas por parentesco.,X,Mi familia vive en Madrid.,My family lives in Madrid.,
February,A1,masculine,febrero,X,,Segundo mes del año.,X,Mi cumpleaños es en febrero.,My birthday is in February.,
happy,A1,adjective,feliz,X,,Que tiene un sentimiento de alegría.,X,Hoy estoy muy feliz.,Today I’m very happy.,
ugly,A1,adjective,feo,X,,Que resulta desagradable a la vista.,X,Ese cuadro es feo.,That painting is ugly.,
end,A1,masculine,fin,X,,Término de algo en el espacio o en el tiempo.,X,El fin de semana vamos al campo.,We’re going to the countryside this weekend.,
flower,A1,feminine,flor,X,,Órgano reproductor de las plantas con colores y formas diversas.,X,Me gusta esta flor.,I like this flower.,
"form, shape",A1,feminine,forma,X,,Aspecto o manera en que se presenta algo.,X,¿Cuál es la forma del círculo?,What is the shape of the circle?,
photo,A1,feminine,foto,X,,Imagen obtenida con una cámara fotográfica.,X,Mira esta foto de mi perro.,Look at this photo of my dog.,
French,A1,adjective,francés,X,,Natural de Francia o relativo a este país.,X,Mi profesora es francesa.,My teacher is French.,
France,A1,feminine,Francia,X,,País europeo cuya capital es París.,X,Francia está en Europa.,France is in Europe.,
strawberry,A1,feminine,fresa,X,,Fruto pequeño y rojo de sabor dulce que se come crudo.,X,Quiero una fresa con nata.,I want a strawberry with cream.,
cold,A1,adjective,frío,X,,Que tiene una temperatura baja.,X,Hoy hace mucho frío.,Today it’s very cold.,
fruit,A1,feminine,fruta,X,,"Producto comestible de las plantas, generalmente dulce.",X,Quiero comer una fruta.,I want to eat a fruit.,
fire,A1,masculine,fuego,X,,"Combustión que produce luz, calor y llamas.",X,El fuego está encendido en la chimenea.,The fire is lit in the fireplace.,
"soccer, football",A1,masculine,fútbol,X,,Deporte en el que dos equipos intentan introducir un balón en la portería contraria.,X,El fútbol es mi deporte favorito.,Soccer is my favorite sport.,
"glasses, eyeglasses",A1,feminine,gafas,X,SP,Objeto óptico formado por dos lentes unidas que se colocan delante de los ojos para mejorar la visión.,X,Necesito mis gafas para leer.,I need my glasses to read.,
cookie,A1,feminine,galleta,X,,"Producto alimenticio pequeño, dulce o salado, hecho con harina y horneado.",X,La galleta es muy dulce.,The cookie is very sweet.,
"win, earn",A1,verb,ganar,X,,"Obtener un beneficio, un premio o un resultado positivo en una actividad.",X,Quiero ganar el partido.,I want to win the match.,
kitten,A1,masculine,gatito,X,,Cría pequeña de un felino doméstico.,X,El gatito duerme en su cama.,The kitten is sleeping in its bed.,
cat,A1,masculine,gato,X,,Felino doméstico que suele convivir con las personas.,X,Mi gato es blanco y negro.,My cat is black and white.,
gazpacho,A1,masculine,gazpacho,X,,"Sopa fría típica de Andalucía hecha con tomate, pepino, pimiento, ajo, pan, aceite y vinagre.",X,El gazpacho es una sopa fría muy popular en verano.,Gazpacho is a cold soup that is very popular in summer.,
people,A1,feminine,gente,X,,Conjunto de personas en general.,X,Hay mucha gente en la calle.,There are a lot of people in the street.,
"big, large",A1,adjective,grande,X,,Que tiene un tamaño mayor de lo normal.,X,Esa casa es muy grande.,That house is very big.,
group,A1,masculine,grupo,X,,Conjunto de personas o cosas que forman una unidad.,X,Estamos en un grupo de cinco personas.,We are in a group of five people.,
"save, keep",A1,verb,guardar,X,,Colocar algo en un lugar para protegerlo o conservarlo.,X,Voy a guardar el dinero en la caja.,I'm going to keep the money in the box.,
"like, please, be pleasing to",A1,verb,gustar,X,,Experimentar agrado hacia alguien o algo.,X,Me gusta el helado de chocolate.,I like chocolate ice cream.,
speak,A1,verb,hablar,X,,Expresarse con palabras.,X,Quiero hablar contigo.,I want to talk to you.,
"do, make",A1,verb,hacer,X,,"Realizar una acción, producir algo o llevar a cabo una tarea.",X,Voy a hacer una tarta.,I’m going to make a cake.,
hunger,A1,feminine,hambre,X,,Sensación que se tiene cuando el cuerpo necesita alimento.,X,Tengo mucha hambre.,I'm very hungry.,
until,A1,preposition,hasta,X,,"Indica límite en el espacio, en el tiempo o en una acción.",X,Espero hasta las ocho.,I’ll wait until eight o’clock.,
there is,A1,verb,hay,X,,Forma impersonal del verbo “haber” para indicar existencia.,X,Hay un gato en el jardín.,There’s a cat in the garden.,
ice cream,A1,masculine,helado,X,,"Dulce frío preparado con leche o nata, azúcar y distintos sabores.",X,Quiero un helado de vainilla.,I want a vanilla ice cream.,
sister,A1,feminine,hermana,X,,Hija respecto de los mismos padres en relación con otra persona.,X,Mi hermana canta una canción.,My sister sings a song.,
"brother, sibling",A1,masculine,hermano,X,,Hijo respecto de los mismos padres en relación con otra persona.,X,Mi hermano lee un libro.,My brother is reading a book.,
daughter,A1,feminine,hija,X,,Persona de sexo femenino respecto a sus padres.,X,Mi hija tiene cuatro años.,My daughter is four years old.,
son,A1,masculine,hijo,X,,Persona de sexo masculino respecto a sus padres.,X,Mi hijo va al colegio.,My son goes to school.,
hello,A1,interjection,hola,X,,Expresión usada para saludar.,X,¡Hola! ¿Cómo estás?,Hello! How are you?,
man,A1,masculine,hombre,X,,Ser humano de sexo masculino.,X,Ese hombre es mi vecino.,That man is my neighbor.,
shoulder,A1,masculine,hombro,X,,Parte del cuerpo que une el brazo con el tronco.,X,Me duele el hombro derecho.,My right shoulder hurts.,
hour,A1,feminine,hora,X,,Unidad de tiempo equivalente a 60 minutos.,X,¿Qué hora es?,What time is it?,
hospital,A1,masculine,hospital,X,,Centro médico donde se atiende a los enfermos.,X,Vamos al hospital ahora.,We’re going to the hospital now.,
hotel,A1,masculine,hotel,X,,Establecimiento donde se paga por alojamiento temporal.,X,Dormimos en un hotel en la playa.,We slept in a hotel on the beach.,
today,A1,adverb,hoy,X,,El día presente en que se está.,X,Hoy es lunes.,Today is Monday.,
egg,A1,masculine,huevo,X,,Producto alimenticio con cáscara dura que contiene clara y yema en su interior.,X,Como un huevo cada mañana.,I eat an egg every morning.,
language,A1,masculine,idioma,X,,Lengua que habla un pueblo o comunidad.,X,Hablo tres idiomas.,I speak three languages.,
church,A1,feminine,iglesia,X,,Edificio destinado al culto cristiano.,X,Vamos a la iglesia los domingos.,We go to church on Sundays.,
English,A1,masculine,inglés,X,,Lengua oficial de Inglaterra o persona natural de ese país.,X,Mi amigo es inglés.,My friend is English.,
insect,A1,masculine,insecto,X,,Animal pequeño de cuerpo segmentado y seis patas.,X,Hay un insecto en la ventana.,There’s an insect on the window.,
internet,A1,noun,internet,X,,Red mundial de ordenadores que permite intercambiar información.,X,Uso internet todos los días.,I use the internet every day.,
winter,A1,masculine,invierno,X,,"Estación del año más fría, comprendida entre el otoño y la primavera.",X,El invierno es muy frío.,Winter is very cold.,
go,A1,verb,ir,X,,Desplazarse de un lugar a otro.,X,Vamos a ir al cine.,We’re going to the cinema.,
island,A1,feminine,isla,X,,Porción de tierra rodeada de agua.,X,La isla es pequeña y bonita.,The island is small and pretty.,
Italy,A1,feminine,Italia,X,,País europeo cuya capital es Roma.,X,Italia está en Europa.,Italy is in Europe.,
Italian,A1,masculine,italiano,X,,Lengua propia de Italia o persona natural de ese país.,X,Mi profesor es italiano.,My teacher is Italian.,
soap,A1,masculine,jabón,X,,Sustancia que se usa con agua para lavar o limpiar.,X,Uso jabón para lavar las manos.,I use soap to wash my hands.,
ham,A1,masculine,jamón,X,,Carne curada del cerdo que se corta en lonchas finas.,X,Comemos jamón en el desayuno.,We eat ham for breakfast.,
game,A1,masculine,juego,X,,Actividad recreativa o deportiva con reglas.,X,Este juego es divertido.,This game is fun.,
Thursday,A1,masculine,jueves,X,,"Cuarto día de la semana, entre miércoles y viernes.",X,El jueves tengo clase de música.,I have music class on Thursday.,
play,A1,verb,jugar,X,,Participar en un juego o actividad recreativa.,X,Me gusta jugar al fútbol.,I like playing football.,
juice,A1,masculine,jugo,X,LA,Bebida obtenida del zumo de frutas u hortalizas.,X,Quiero un jugo de naranja.,I want an orange juice.,
July,A1,masculine,julio,X,,Séptimo mes del año.,X,Julio es el mes más caluroso.,July is the hottest month.,
June,A1,masculine,junio,X,,Sexto mes del año.,X,Junio es un mes caluroso.,June is a hot month.,
it,A1,pronoun,la,X,,Pronombre de complemento directo femenino singular.,X,La casa es grande.,The house is big.,
"side, face",A1,masculine,lado,X,,Parte o sitio que está a la derecha o a la izquierda de algo.,X,Ese es el lado derecho.,That’s the right side.,
pencil,A1,masculine,lápiz,X,,Instrumento de madera o de otro material con mina de grafito para escribir o dibujar.,X,Necesito un lápiz para escribir.,I need a pencil to write.,
long,A1,adjective,largo,X,,Que tiene gran longitud.,X,El camino es muy largo.,The road is very long.,
wash,A1,verb,lavar,X,,Quitar la suciedad de una cosa con agua u otro producto.,X,Voy a lavar los platos.,I’m going to wash the dishes.,
milk,A1,feminine,leche,X,,Líquido blanco producido por las glándulas mamarias de las hembras de los mamíferos.,X,Bebo leche todas las mañanas.,I drink milk every morning.,
lettuce,A1,feminine,lechuga,X,,Planta comestible de hojas verdes que se usa en ensaladas.,X,La ensalada lleva lechuga.,The salad has lettuce.,
read,A1,verb,leer,X,,Interpretar por escrito un texto con la vista.,X,Me gusta leer libros en casa.,I like to read books at home.,
far away,A1,adverb,lejos,X,,A gran distancia en el espacio.,X,Mi abuela vive lejos.,My grandmother lives far away.,
slow,A1,adjective,lento,X,,Que se mueve con poca rapidez.,X,Mi coche es lento.,My car is slow.,
lion,A1,masculine,león,X,,"Animal mamífero carnívoro de gran tamaño, conocido como “rey de la selva”.",X,El león es un animal fuerte.,The lion is a strong animal.,
bookstore,A1,feminine,librería,X,,Tienda donde se venden libros.,X,Vamos a la librería mañana.,We’re going to the bookstore tomorrow.,
book,A1,masculine,libro,X,,Conjunto de hojas impresas encuadernadas que forman un texto.,X,Este libro es muy interesante.,This book is very interesting.,
"clean, wash",A1,verb,limpiar,X,,Quitar la suciedad de un objeto o lugar.,X,Voy a limpiar mi habitación.,I’m going to clean my room.,
call,A1,verb,llamar,X,,Decir a alguien su nombre o dirigirse a una persona por teléfono.,X,Voy a llamar a mi madre.,I’m going to call my mother.,
be called,A1,verb,llamarse,X,,Usar el propio nombre para identificarse.,X,Me llamo Marta y soy de Valencia.,My name is Marta and I am from Valencia.,
key,A1,feminine,llave,X,,Objeto pequeño que sirve para abrir o cerrar una cerradura.,X,No encuentro mi llave.,I can’t find my key.,
arrive,A1,verb,llegar,X,,Alcanzar un lugar después de un desplazamiento.,X,El tren va a llegar pronto.,The train is going to arrive soon.,
full,A1,adjective,lleno,X,,Que está ocupado completamente con algo.,X,La botella está llena de agua.,The bottle is full of water.,
"take, have been",A1,verb,llevar,X,,Transportar algo de un sitio a otro o ponerse una prenda de ropa.,X,Voy a llevar mi mochila.,I’m going to take my backpack.,
rain,A1,feminine,lluvia,X,,Precipitación de agua en forma de gotas desde las nubes.,X,Hoy hay mucha lluvia.,There’s a lot of rain today.,
sorry,A1,interjection,lo siento,X,,Expresión usada para pedir disculpas.,X,"Lo siento, fue un error.","Sorry, it was a mistake.",
London,A1,masculine,Londres,X,,Capital del Reino Unido.,X,Vivo en Londres.,I live in London.,
place,A1,masculine,lugar,X,,Espacio ocupado por algo o sitio donde ocurre algo.,X,Este lugar es muy bonito.,This place is very beautiful.,
moon,A1,feminine,luna,X,,Satélite natural de la Tierra que se observa en el cielo por la noche.,X,La luna está llena esta noche.,The moon is full tonight.,
Monday,A1,masculine,lunes,X,,Primer día de la semana laboral.,X,El lunes tengo clase.,I have class on Monday.,
light,A1,feminine,luz,X,,Energía que hace visibles los objetos.,X,Enciendo la luz al entrar.,I turn on the light when I enter.,
mother,A1,feminine,madre,X,,Mujer que ha tenido hijos.,X,Mi madre cocina muy bien.,My mother cooks very well.,
Madrid,A1,feminine,Madrid,X,,"Capital de España, situada en el centro de la península ibérica.",X,Madrid es una ciudad grande.,Madrid is a big city.,
badly,A1,adverb,mal,X,,De manera incorrecta o con un resultado negativo.,X,Lo hizo mal en el examen.,He did poorly on the exam.,
tomorrow,A1,adverb,mañana,X,,El día siguiente al de hoy.,X,Mañana vamos al cine.,We’re going to the cinema tomorrow.,
morning,A1,feminine,mañana,X,,Parte del día comprendida entre el amanecer y el mediodía.,X,La mañana está soleada.,The morning is sunny.,
hand,A1,feminine,mano,X,,Extremidad superior del cuerpo humano desde la muñeca hasta los dedos.,X,Levanta la mano si sabes la respuesta.,Raise your hand if you know the answer.,
apple,A1,feminine,manzana,X,,Fruto comestible de color rojo o verde y forma redonda.,X,Quiero una manzana.,I want an apple.,
map,A1,masculine,mapa,X,,Representación gráfica de la superficie de la Tierra o parte de ella.,X,Este es un mapa del mundo.,This is a map of the world.,
sea,A1,masculine,mar,X,,Gran extensión de agua salada que cubre la mayor parte de la superficie terrestre.,X,El mar está tranquilo hoy.,The sea is calm today.,
Tuesday,A1,masculine,martes,X,,"Segundo día de la semana laboral, después del lunes.",X,El martes hay reunión.,There’s a meeting on Tuesday.,
March,A1,masculine,marzo,X,,Tercer mes del año.,X,Las flores crecen en marzo.,Flowers bloom in March.,
"more, most",A1,adverb,más,X,,Indica cantidad en grado superior.,X,"Quiero más arroz, por favor.","I want more rice, please.",
male,A1,adjective,masculino,X,,Relativo al sexo de los varones.,X,Ese nombre es masculino.,That name is masculine.,
May,A1,masculine,mayo,X,,Quinto mes del año.,X,En mayo celebramos una fiesta.,In May we celebrate a holiday.,
"bigger, older",A1,adjective,mayor,X,,De más edad o con un rango superior.,X,Mi hermano mayor vive en Barcelona.,My older brother lives in Barcelona.,
me,A1,pronoun,me,X,,Pronombre personal de primera persona que funciona como complemento.,X,Me gusta el chocolate.,I like chocolate.,
doctor,A1,masculine,médico,X,,Persona que ejerce la medicina.,X,El médico está en su consulta.,The doctor is in his office.,
month,A1,masculine,mes,X,,Cada una de las doce divisiones del año.,X,El mes que viene viajamos.,We’re traveling next month.,
table,A1,feminine,mesa,X,,Mueble que consiste en una superficie plana sostenida por patas.,X,La mesa está en el salón.,The table is in the living room.,
my,A1,adjective,mi,X,,Determinante posesivo de primera persona del singular.,X,Mi casa está cerca.,My house is nearby.,
Wednesday,A1,masculine,miércoles,X,,"Tercer día de la semana laboral, después del martes.",X,El miércoles tengo fútbol.,I have football on Wednesday.,
minute,A1,masculine,minuto,X,,Unidad de tiempo equivalente a sesenta segundos.,X,Falta un minuto para salir.,There’s one minute left to go.,
look at,A1,verb,mirar,X,,Fijar la vista en algo o alguien.,X,Voy a mirar la televisión.,I’m going to watch television.,
"girl, young woman",A1,feminine,muchacha,X,,Joven de sexo femenino.,X,La muchacha baila en la fiesta.,The young girl dances at the party.,
"boy, young man",A1,masculine,muchacho,X,,Joven de sexo masculino.,X,El muchacho corre en el parque.,The young boy runs in the park.,
"many, a lot",A1,adverb,mucho,X,,En gran cantidad.,X,Hay muchas personas en la calle.,There are many people in the street.,
woman,A1,feminine,mujer,X,,Persona de sexo femenino.,X,Esa mujer es profesora.,That woman is a teacher.,
very,A1,adverb,muy,X,,Indica un grado elevado en la cualidad expresada por un adjetivo o adverbio.,X,Estoy muy cansado hoy.,I’m very tired today.,
nothing,A1,pronoun,nada,X,,"Nada en absoluto, ausencia de algo.",X,No hay nada en la caja.,There’s nothing in the box.,
swim,A1,verb,nadar,X,,Desplazarse en el agua moviendo el cuerpo y los brazos.,X,Me gusta nadar en verano.,I like swimming in summer.,
no one,A1,pronoun,nadie,X,,Ninguna persona.,X,No hay nadie en casa.,There’s no one at home.,
orange,A1,feminine,naranja,X,,"Fruto de color anaranjado, jugoso y comestible.",X,La naranja está dulce.,The orange is sweet.,
nose,A1,feminine,nariz,X,,"Parte del rostro situada sobre la boca, que sirve para respirar y oler.",X,Me duele la nariz.,My nose hurts.,
Christmas,A1,feminine,Navidad,X,,Fiesta cristiana que celebra el nacimiento de Jesús.,X,Celebramos la Navidad con la familia.,We celebrate Christmas with family.,
black,A1,adjective,negro,X,,De color semejante al del carbón o la oscuridad total.,X,Ese coche es negro.,That car is black.,
refrigerator,A1,feminine,nevera,X,,Electrodoméstico que sirve para mantener los alimentos fríos.,X,La leche está en la nevera.,The milk is in the fridge.,
granddaughter,A1,feminine,nieta,X,,Hija de un hijo o de una hija.,X,Mi nieta se llama Lucía.,My granddaughter’s name is Lucía.,
grandson,A1,masculine,nieto,X,,Hijo de un hijo o de una hija.,X,Mi nieto juega al fútbol.,My grandson plays football.,
girl,A1,feminine,niña,X,,Persona de sexo femenino en la infancia.,X,La niña juega con su muñeca.,The girl plays with her doll.,
"child, boy",A1,masculine,niño,X,,Persona de sexo masculino en la infancia.,X,El niño está en el parque.,The boy is in the park.,
"no, not",A1,adverb,no,X,,Partícula usada para negar.,X,No quiero más comida.,I don’t want any more food.,
night,A1,feminine,noche,X,,Parte del día comprendida entre la puesta del sol y el amanecer.,X,La noche está tranquila.,The night is calm.,
name,A1,masculine,nombre,X,,"Palabra con la que se identifica a una persona, animal o cosa.",X,Mi nombre es Ana.,My name is Ana.,
normal,A1,adjective,normal,X,,Que sigue la norma general o es habitual.,X,El clima hoy es normal.,The weather today is normal.,
us,A1,pronoun,nos,X,,Pronombre personal de primera persona del plural como complemento.,X,Nos vamos al cine.,We’re going to the cinema.,
we,A1,pronoun,nosotros,X,,Pronombre personal de primera persona del plural como sujeto.,X,Nosotros vivimos en Madrid.,We live in Madrid.,
November,A1,masculine,noviembre,X,,Undécimo mes del año.,X,Noviembre tiene muchos días de lluvia.,November has many rainy days.,
our,A1,adjective,nuestro,X,,Que pertenece a nosotros.,X,Nuestro coche es azul.,Our car is blue.,
new,A1,adjective,nuevo,X,,Que aparece por primera vez o se estrena.,X,Tengo un coche nuevo.,I have a new car.,
never,A1,adverb,nunca,X,,En ninguna ocasión.,X,Nunca he visto eso.,I’ve never seen that.,
or,A1,conjunction,o,X,,Indica elección entre varias opciones.,X,¿Quieres té o café?,Do you want tea or coffee?,
eight,A1,numeral,ocho,X,,Número equivalente a siete más uno.,X,El número ocho es mi favorito.,The number eight is my favorite.,
October,A1,masculine,octubre,X,,Décimo mes del año.,X,En octubre caen las hojas.,Leaves fall in October.,
oh,A1,interjection,oh,X,,"Expresión que indica sorpresa, emoción o duda.",X,"¡Oh, qué bonito!","Oh, how beautiful!",
eye,A1,masculine,ojo,X,,Órgano de la vista.,X,Me duele el ojo derecho.,My right eye hurts.,
wave,A1,feminine,ola,X,,Masa de agua que se levanta y se desplaza en la superficie del mar.,X,La ola del mar es muy grande.,The wave of the sea is very large.,
ear,A1,feminine,oreja,X,,Órgano externo de la audición situado a los lados de la cabeza.,X,Me duele la oreja.,My ear hurts.,
bear,A1,masculine,oso,X,,"Mamífero grande, de cuerpo robusto, que vive en bosques y montañas.",X,El oso vive en el bosque.,The bear lives in the forest.,
"other, different",A1,adjective,otro,X,,Distinto o diferente del ya mencionado.,X,Tengo otro libro en casa.,I have another book at home.,
"parent, father",A1,masculine,padre,X,,Hombre respecto de sus hijos.,X,Mi padre se llama Juan.,My father’s name is Juan.,
country,A1,masculine,país,X,,Territorio independiente con gobierno propio.,X,España es un país bonito.,Spain is a beautiful country.,
bird,A1,masculine,pájaro,X,,"Ave de pequeño o mediano tamaño, generalmente voladora.",X,El pájaro canta en la mañana.,The bird sings in the morning.,
word,A1,feminine,palabra,X,,Unidad con significado que se pronuncia o se escribe.,X,Esa palabra es nueva para mí.,That word is new to me.,
stick,A1,masculine,palo,X,,"Objeto largo y delgado, generalmente de madera.",X,El niño juega con un palo.,The boy plays with a stick.,
bread,A1,masculine,pan,X,,"Alimento básico hecho con harina, agua y levadura, cocido al horno.",X,Quiero pan con mantequilla.,I want bread with butter.,
paper,A1,masculine,papel,X,,"Material fino fabricado a partir de fibras vegetales, usado para escribir o envolver.",X,Escribo en el papel blanco.,I write on the white paper.,
"for, in order to",A1,preposition,para,X,,"Indica finalidad, destino o propósito.",X,Estudio para el examen.,I’m studying for the exam.,
umbrella,A1,masculine,paraguas,X,,Objeto que protege de la lluvia y se abre con varillas.,X,Llevo un paraguas porque llueve.,I carry an umbrella because it’s raining.,
stop,A1,verb,parar,X,,Detener el movimiento o la acción.,X,Necesito parar un momento.,I need to stop for a moment.,
park,A1,masculine,parque,X,,"Espacio público con árboles, jardines y zonas de recreo.",X,Vamos al parque a jugar.,We’re going to the park to play.,
"happen, spend",A1,verb,pasar,X,,Atravesar de un lugar a otro o transcurrir.,X,¿Qué va a pasar mañana?,What is going to happen tomorrow?,
take a walk,A1,verb,pasear,X,,Andar por placer o para pasar el tiempo.,X,Me gusta pasear por el parque.,I like to take walks in the park.,
walk,A1,masculine,paseo,X,,Recorrido corto que se hace caminando por ocio.,X,Damos un paseo por la ciudad.,We take a walk through the city.,
potato,A1,feminine,patata,X,SP,Tubérculo comestible de piel marrón y pulpa blanca o amarilla.,X,Como patata con carne.,I eat potato with meat.,
"movie, film",A1,feminine,película,X,,Película cinematográfica que se proyecta en una sala o en pantalla.,X,La película es muy divertida.,The movie is very entertaining.,
hair,A1,masculine,pelo,X,,Conjunto de cabellos que crecen en la cabeza.,X,Me cepillo el pelo todos los días.,I brush my hair every day.,
think,A1,verb,pensar,X,,Formar ideas en la mente.,X,Voy a pensar en eso.,I’m going to think about that.,
"small, little",A1,adjective,pequeño,X,,De tamaño reducido.,X,El perro es pequeño.,The dog is small.,
pear,A1,feminine,pera,X,,"Fruto alargado, de piel verde o amarilla y pulpa blanca.",X,La pera está muy dulce.,The pear is very sweet.,
"lose, miss",A1,verb,perder,X,,No encontrar algo que se tenía o dejar de ganar.,X,No quiero perder el autobús.,I don’t want to miss the bus.,
but,A1,conjunction,pero,X,,Introduce contraste u oposición entre dos ideas.,X,"Me gusta el helado, pero no el chocolate.","I like ice cream, but not chocolate.",
dog,A1,masculine,perro,X,,"Animal doméstico de cuatro patas, considerado amigo del hombre.",X,Mi perro se llama Max.,My dog’s name is Max.,
person,A1,feminine,persona,X,,Ser humano sin distinción de sexo o edad.,X,Esa persona es muy amable.,That person is very kind.,
foot,A1,masculine,pie,X,,Extremidad inferior del cuerpo humano que se utiliza para caminar.,X,Me duele el pie.,My foot hurts.,
stone,A1,feminine,piedra,X,,Mineral duro que forma parte de la corteza terrestre.,X,La piedra es gris.,The stone is gray.,
leg,A1,feminine,pierna,X,,Extremidad inferior del cuerpo humano que sirve para andar.,X,Me duele la pierna.,My leg hurts.,
pepper,A1,masculine,pimiento,X,,Fruto o verdura alargada de piel verde o roja que se come crudo o cocinado.,X,El pimiento rojo es dulce y sabroso.,Red pepper is sweet and tasty.,
plan,A1,masculine,plan,X,,Proyecto o intención de hacer algo.,X,Tengo un plan para el fin de semana.,I have a plan for the weekend.,
planet,A1,masculine,planeta,X,,Cuerpo celeste que gira alrededor de una estrella.,X,La Tierra es un planeta.,The Earth is a planet.,
plant,A1,feminine,planta,X,,"Ser vivo que realiza la fotosíntesis y que tiene raíz, tallo y hojas.",X,La planta necesita agua.,The plant needs water.,
banana,A1,masculine,plátano,X,SP,Fruto alargado y amarillo de sabor dulce.,X,El plátano está maduro.,The banana is ripe.,
"plate, dish",A1,masculine,plato,X,,Objeto cóncavo que sirve para comer o presentar comida.,X,El plato está en la mesa.,The dish is on the table.,
beach,A1,feminine,playa,X,,Extensión de arena junto al mar o a un río.,X,Vamos a la playa en verano.,We’re going to the beach in summer.,
square,A1,feminine,plaza,X,,Espacio abierto en una ciudad o pueblo donde se reúnen las personas.,X,La plaza está llena de gente.,The square is full of people.,
bit,A1,masculine,poco,X,,En poca cantidad.,X,Tengo poco dinero.,I have little money.,
"can, be able to",A1,verb,poder,X,,Tener capacidad o posibilidad de hacer algo.,X,No puedo ir hoy.,I can’t go today.,
police officer,A1,masculine,policía,X,,Agente que trabaja en la institución de seguridad pública.,X,El policía habla con la señora.,The police officer speaks with the lady.,
police,A1,feminine,policía,X,,Institución encargada de mantener el orden y la seguridad pública.,X,La policía está en la calle.,The police are on the street.,
chicken,A1,masculine,pollo,X,,Ave doméstica criada para su carne y sus huevos.,X,Comemos pollo con arroz.,We eat chicken with rice.,
through,A1,preposition,por,X,,"Indica causa, medio, lugar o tiempo.",X,Caminamos por el parque.,We walked through the park.,
please,A1,interjection,por favor,X,,Expresión de cortesía para pedir algo.,X,"Por favor, ayúdame.",Please help me.,
why,A1,adverb,por qué,X,,Introduce una pregunta sobre la causa o el motivo de algo.,X,¿Por qué estás triste?,Why are you sad?,
of course,A1,adverb,por supuesto,X,,Expresión para afirmar algo sin duda.,X,Por supuesto que sí.,Of course.,
because,A1,conjunction,porque,X,,Introduce la causa de lo que se dice.,X,No salí porque llovía.,I didn’t go out because it was raining.,
price,A1,masculine,precio,X,,Valor en dinero que se asigna a una cosa.,X,¿Cuál es el precio?,What’s the price?,
question,A1,feminine,pregunta,X,,Cuestión que se formula para obtener una respuesta.,X,Tengo una pregunta para ti.,I have a question for you.,
cousin,A1,feminine,prima,X,,Hija de un tío o de una tía.,X,Mi prima vive en Valencia.,My cousin lives in Valencia.,
spring,A1,feminine,primavera,X,,Estación del año comprendida entre el invierno y el verano.,X,La primavera empieza en marzo.,Spring begins in March.,
first,A1,adjective,primero,X,,Que ocupa el primer lugar en una serie.,X,Es mi primer día en la escuela.,It’s my first day at school.,
cousin,A1,masculine,primo,X,,Hijo de un tío o de una tía.,X,Mi primo vive en Madrid.,My cousin lives in Madrid.,
problem,A1,masculine,problema,X,,Situación difícil que requiere solución.,X,Tengo un problema con mi móvil.,I have a problem with my mobile phone.,
product,A1,masculine,producto,X,,Cosa que resulta de un proceso de fabricación o producción.,X,Este producto es nuevo.,This product is new.,
professor,A1,masculine,profesor,X,,Persona que enseña en un centro educativo.,X,El profesor explica la lección.,The teacher explains the lesson.,
"village, town, people",A1,masculine,pueblo,X,,Localidad pequeña o conjunto de habitantes de un mismo lugar.,X,El pueblo está en la montaña.,The village is in the mountains.,
door,A1,feminine,puerta,X,,Abertura que permite entrar o salir de un espacio.,X,"Cierra la puerta, por favor.","Close the door, please.",
point,A1,masculine,punto,X,,Señal o marca mínima en una superficie.,X,Ese es el punto final.,That is the final point.,
"that, which",A1,conjunction,que,X,,Introduce una oración subordinada o elemento necesario en la frase.,X,Sé que estás cansado.,I know you are tired.,
what,A1,pronoun,qué,X,,"Interroga por la naturaleza, identidad o cualidad de algo.",X,¿Qué quieres para cenar?,What do you want for dinner?,
"stay, be, meet",A1,verb,quedar,X,,Permanecer en un lugar o tener una cita pendiente.,X,Vamos a quedar en la plaza.,We’re going to meet at the plaza.,
"want, love",A1,verb,querer,X,,Desear algo o tener la intención de hacerlo.,X,Quiero un café con leche.,I want a coffee with milk.,
cheese,A1,masculine,queso,X,,Alimento sólido hecho con leche cuajada.,X,El queso está en la nevera.,The cheese is in the fridge.,
who,A1,pronoun,quien,X,,Pronombre relativo o interrogativo que se refiere a una persona.,X,¿Quién es ese chico?,Who is that boy?,
fifteen,A1,numeral,quince,X,,Número equivalente a diez más cinco.,X,Tengo quince años.,I am fifteen years old.,
fifth,A1,adjective,quinto,X,,Que ocupa el lugar número cinco en una serie.,X,Es el quinto día de clase.,It’s the fifth day of class.,
"remove, get rid of",A1,verb,quitar,X,,Apartar algo de un lugar o hacer que deje de estar donde estaba.,X,Quiero quitar el polvo de la mesa.,I want to dust the table.,
radio,A1,feminine,radio,X,,Aparato para escuchar emisiones sonoras transmitidas por ondas.,X,Escucho música en la radio.,I listen to music on the radio.,
fast,A1,adjective,rápido,X,,Que se mueve o actúa con rapidez.,X,Ese coche es muy rápido.,That car is very fast.,
receive,A1,verb,recibir,X,,Aceptar algo que se entrega o se envía.,X,Voy a recibir un paquete mañana.,I’m going to receive a package tomorrow.,
rule,A1,feminine,regla,X,,Norma que regula una conducta o establece un procedimiento.,X,Esta es la regla del juego.,This is the rule of the game.,
queen,A1,feminine,reina,X,,Mujer que ejerce la soberanía en un reino.,X,La reina vive en un castillo.,The queen lives in a castle.,
laugh,A1,verb,reír,X,,Expresar alegría con sonidos que acompañan a la sonrisa.,X,Los niños empiezan a reír en clase.,The children start laughing in class.,
"clock, watch",A1,masculine,reloj,X,,Instrumento que sirve para medir y señalar el tiempo.,X,Mi reloj está en la mesa.,My watch is on the table.,
restaurant,A1,masculine,restaurante,X,,Local donde se sirven comidas y bebidas a los clientes.,X,Vamos al restaurante a cenar.,We’re going to the restaurant for dinner.,
river,A1,masculine,río,X,,Corriente natural de agua que fluye hasta desembocar en el mar o en un lago.,X,El río pasa por la ciudad.,The river flows through the city.,
knee,A1,feminine,rodilla,X,,Articulación que une el muslo con la pierna.,X,Ella se toca la rodilla.,She touches her knee.,
red,A1,adjective,rojo,X,,De color semejante a la sangre.,X,Mi coche es rojo.,My car is red.,
Rome,A1,feminine,Roma,X,,Capital de Italia y una de las ciudades más influyentes de la historia occidental.,X,Roma es una ciudad muy bonita en Italia.,Rome is a very beautiful city in Italy.,
break,A1,verb,romper,X,,Hacer que algo se parta o deje de estar entero.,X,Voy a romper el papel.,I’m going to tear the paper.,
blond,A1,adjective,rubio,X,,"De cabello claro, entre amarillo y dorado.",X,Mi hermano es rubio.,My brother is blond.,
Saturday,A1,masculine,sábado,X,,Sexto día de la semana.,X,El sábado vamos al cine.,On Saturday we’re going to the cinema.,
know,A1,verb,saber,X,,Tener conocimiento o información de algo.,X,No sé la respuesta.,I don’t know the answer.,
take out,A1,verb,sacar,X,,Extraer algo del interior de un lugar.,X,Voy a sacar la basura.,I’m going to take out the trash.,
salt,A1,feminine,sal,X,,Sustancia blanca que se usa para sazonar y conservar los alimentos.,X,La sal está en la cocina.,Salt is in the kitchen.,
room,A1,feminine,sala,X,,Espacio cubierto dentro de una casa o edificio.,X,La sala es muy grande.,The living room is very large.,
exit,A1,feminine,salida,X,,Lugar o apertura por donde se puede salir.,X,Busco la salida.,I’m looking for the exit.,
leave,A1,verb,salir,X,,Salir de un lugar hacia otro.,X,Vamos a salir a las ocho.,We’re going out at eight.,
health,A1,feminine,salud,X,,Estado de bienestar físico.,X,La salud es importante.,Health is important.,
greet,A1,verb,saludar,X,,Dirigir un gesto o palabra de cortesía a alguien al encontrarlo o despedirse.,X,Me gusta saludar a mis vecinos cada mañana.,I like to greet my neighbors every morning.,
greeting,A1,masculine,saludo,X,,Expresión o gesto usado para mostrar cortesía al encontrarse con alguien.,X,Te envío un saludo desde la playa.,I’m sending you greetings from the beach.,
reflexive marker,A1,pronoun,se,X,,Pronombre que indica acción reflejada o pasiva.,X,Se despierta temprano todos los días.,She wakes up early every day.,
thirst,A1,feminine,sed,X,,Necesidad de beber líquidos.,X,"Después de correr, tengo sed.","After running, I'm thirsty.",
"follow, continue",A1,verb,seguir,X,,Continuar una acción o ir detrás de alguien.,X,Vamos a seguir este camino.,We’re going to follow this path.,
second,A1,adjective,segundo,X,,Que ocupa el lugar número dos en una serie.,X,Este es mi segundo libro.,This is my second book.,
second,A1,masculine,segundo,X,,Unidad de tiempo equivalente a una sesentava parte de un minuto.,X,El tren sale en un segundo.,The train leaves in a second.,
week,A1,feminine,semana,X,,Período de siete días consecutivos.,X,La semana tiene siete días.,The week has seven days.,
simple,A1,adjective,sencillo,X,,Que es fácil de comprender o sin complicaciones.,X,Este ejercicio es sencillo.,This exercise is simple.,
mister,A1,masculine,señor,X,,Hombre adulto tratado con respeto o cortesía.,X,El señor habla con el profesor.,The gentleman speaks with the teacher.,
lady,A1,feminine,señora,X,,Mujer adulta tratada con respeto o cortesía.,X,La señora compra pan en la panadería.,The lady buys bread at the bakery.,
miss,A1,feminine,señorita,X,,Mujer joven o soltera tratada con respeto o cortesía.,X,La señorita espera el autobús.,The young lady is waiting for the bus.,
"feel, regret",A1,verb,sentir,X,,Experimentar una emoción o percibir con el cuerpo.,X,Lo siento mucho.,I’m really sorry.,
September,A1,masculine,septiembre,X,,Noveno mes del año.,X,La escuela empieza en septiembre.,School starts in September.,
be,A1,verb,ser,X,,Existir o tener una cualidad permanente.,X,Ser feliz es importante.,Being happy is important.,
serve,A1,verb,servir,X,,"Dar un servicio, especialmente de comida o bebida; ser útil para algo.",X,El camarero sirve la comida.,The waiter serves the food.,
if,A1,conjunction,si,X,,Introduce una condición o posibilidad.,X,"Si llueve, no salimos.","If it rains, we don’t go out.",
"yes, indeed",A1,adverb,sí,X,,Expresión afirmativa que indica conformidad.,X,"Sí, quiero ir contigo.","Yes, I want to go with you.",
always,A1,adverb,siempre,X,,"En todo momento, sin excepción.",X,Siempre desayuno pan con queso.,I always have bread with cheese for breakfast.,
simple,A1,adjective,simple,X,,Que no tiene dificultad o está formado por pocos elementos.,X,La tarea es simple.,The task is simple.,
without,A1,preposition,sin,X,,Indica ausencia o falta de algo.,X,No me gusta el café sin azúcar.,I don’t like coffee without sugar.,
about,A1,preposition,sobre,X,,Encima de algo o acerca de un tema.,X,El libro está sobre la mesa.,The book is on the table.,
niece,A1,feminine,sobrina,X,,Hija de un hermano o hermana.,X,Mi sobrina tiene tres años.,My niece is three years old.,
nephew,A1,masculine,sobrino,X,,Hijo de un hermano o hermana.,X,Mi sobrino va al colegio.,My nephew goes to school.,
sun,A1,masculine,sol,X,,Estrella que ilumina la Tierra durante el día.,X,El sol brilla en el cielo.,The sun shines in the sky.,
hat,A1,masculine,sombrero,X,,Prenda que se lleva en la cabeza como protección o adorno.,X,Me pongo un sombrero en verano.,I wear a hat in summer.,
smile,A1,verb,sonreír,X,,Expresar alegría con un gesto en la boca.,X,Ella siempre quiere sonreír por la mañana.,She always wants to smile in the morning.,
smile,A1,feminine,sonrisa,X,,Expresión alegre del rostro en la que se curvan los labios.,X,Tu sonrisa es bonita.,Your smile is beautiful.,
soup,A1,feminine,sopa,X,,"Caldo caliente hecho con carne, verduras o pasta.",X,Quiero sopa de verduras.,I want vegetable soup.,
"his, her, their",A1,adjective,su,X,,Determinante posesivo que indica pertenencia de la tercera persona.,X,Su casa es muy bonita.,His house is very beautiful.,
"also, too",A1,adverb,también,X,,Indica que algo se suma a lo dicho anteriormente.,X,También me gusta el cine.,I also like cinema.,
so,A1,adverb,tan,X,,Expresa igualdad o intensidad en comparación con algo.,X,Esa camisa es tan bonita.,That shirt is so pretty.,
cup,A1,feminine,taza,X,,Recipiente pequeño con asa que se usa para beber líquidos calientes.,X,Bebo café en una taza.,I drink coffee in a cup.,
"phone, telephone",A1,masculine,teléfono,X,,Aparato para comunicarse a distancia mediante la voz.,X,Mi teléfono está en la mochila.,My phone is in my backpack.,
television,A1,feminine,televisión,X,,Aparato que transmite imágenes y sonidos a distancia.,X,Veo la televisión por la noche.,I watch television at night.,
early,A1,adjective,temprano,X,,Que ocurre antes de lo habitual.,X,Me levanté temprano hoy.,I got up early today.,
have,A1,verb,tener,X,,Poseer o estar en relación con algo.,X,Tengo dos hermanos.,I have two brothers.,
third,A1,adjective,tercero,X,,Que ocupa el lugar número tres en una serie.,X,Vivo en el tercer edificio de la calle.,I live in the third building on the street.,
aunt,A1,feminine,tía,X,,Hermana del padre o de la madre de una persona.,X,Mi tía trabaja en un hospital.,My aunt works in a hospital.,
time,A1,masculine,tiempo,X,,"Duración de los acontecimientos medidos en horas, días, meses, etc.",X,No tengo tiempo hoy.,I don’t have time today.,
weather,A1,masculine,tiempo,X,,Estado atmosférico en un lugar en un momento determinado.,X,El tiempo está nublado.,The weather is cloudy.,
"store, shop",A1,feminine,tienda,X,,Establecimiento donde se venden productos.,X,La tienda está cerrada.,The shop is closed.,
earth,A1,feminine,tierra,X,,"Superficie del planeta donde viven los seres humanos, animales y plantas.",X,La tierra es redonda.,The earth is round.,
tiger,A1,masculine,tigre,X,,Animal carnívoro de gran tamaño con rayas negras en el cuerpo.,X,El tigre es un animal salvaje.,The tiger is a wild animal.,
uncle,A1,masculine,tío,X,,Hermano del padre o de la madre de una persona.,X,Mi tío toca la guitarra.,My uncle plays the guitar.,
towel,A1,feminine,toalla,X,,Pieza de tela que se usa para secarse después de mojarse.,X,Uso una toalla después de ducharme.,I use a towel after showering.,
"touch, play",A1,verb,tocar,X,,"Poner en contacto algo con otra cosa, especialmente con las manos o un instrumento.",X,Voy a tocar la guitarra.,I’m going to play the guitar.,
"all, each, every",A1,adjective,todo,X,,Que incluye a todas las personas o cosas.,X,Todo está listo para la fiesta.,Everything is ready for the party.,
"take, drink",A1,verb,tomar,X,,Coger algo con las manos o ingerir un alimento o bebida.,X,Voy a tomar un zumo.,I’m going to have a juice.,
tomato,A1,masculine,tomate,X,,Fruto rojo o verde de forma redonda usado en ensaladas y salsas.,X,El tomate está rojo y fresco.,The tomato is red and fresh.,
omelette,A1,feminine,tortilla,X,,Plato típico español hecho con huevo batido y otros ingredientes como patata.,X,Como una tortilla de patata.,Like a Spanish omelette.,
work,A1,verb,trabajar,X,,Realizar una actividad para obtener dinero.,X,Necesito trabajar mañana.,I need to work tomorrow.,
"work, job",A1,masculine,trabajo,X,,Actividad que se realiza a cambio de un salario o esfuerzo.,X,Tengo mucho trabajo hoy.,I have a lot of work today.,
bring,A1,verb,traer,X,,Llevar algo consigo hasta otro lugar.,X,Voy a traer agua para todos.,I’m going to bring water for everyone.,
"suit, dress",A1,masculine,traje,X,,Prenda formal de chaqueta y pantalón o falda que se usa en ocasiones especiales.,X,El traje es muy elegante.,The suit is very elegant.,
train,A1,masculine,tren,X,,Vehículo que circula sobre raíles y transporta personas o mercancías.,X,El tren llega a las cinco.,The train arrives at five.,
three,A1,numeral,tres,X,,Número equivalente a dos más uno.,X,Tengo tres hermanos.,I have three siblings.,
your,A1,adjective,tu,X,,Determinante posesivo de segunda persona del singular.,X,Tu casa es muy bonita.,Your house is very pretty.,
you,A1,pronoun,tú,X,,Pronombre personal de segunda persona del singular.,X,Tú eres mi mejor amigo.,You are my best friend.,
a,A1,article,un,X,,Artículo indefinido masculino singular.,X,Quiero un helado.,I want an ice cream.,
one,A1,numeral,uno,X,,Número equivalente a la unidad.,X,Uno de mis amigos vive en Valencia.,One of my friends lives in Valencia.,
use,A1,verb,usar,X,,Emplear algo para un fin determinado.,X,Voy a usar mi móvil.,I’m going to use my phone.,
you,A1,pronoun,usted,X,,Forma de tratamiento cortés dirigida a la segunda persona.,X,¿Usted quiere café?,Would you like coffee?,
cow,A1,feminine,vaca,X,,Animal hembra de gran tamaño que produce leche.,X,La vaca está en el campo.,The cow is in the field.,
"OK, okay",A1,interjection,vale,X,SP,Expresión usada para mostrar acuerdo.,X,¿Quieres venir? ¡Vale!,Do you want to come? Okay!,
"glass, cup, vase",A1,masculine,vaso,X,,Recipiente de cristal u otro material para beber líquidos.,X,Bebo agua en un vaso.,I drink water in a glass.,
twenty-one,A1,numeral,veintiuno,X,,Número equivalente a veinte más uno.,X,Tengo veintiuno años.,I am twenty-one years old.,
come,A1,verb,venir,X,,Ir hacia el lugar donde está la persona que habla.,X,Mis amigos vienen a mi casa.,My friends come to my house.,
window,A1,feminine,ventana,X,,Abertura en la pared de un edificio que deja pasar la luz y el aire.,X,La ventana está abierta.,The window is open.,
see,A1,verb,ver,X,,Percibir con los ojos.,X,Puedo ver el mar desde aquí.,I can see the sea from here.,
summer,A1,masculine,verano,X,,Estación del año comprendida entre la primavera y el otoño.,X,El verano es mi estación favorita.,Summer is my favorite season.,
truth,A1,feminine,verdad,X,,Conformidad con los hechos o la realidad.,X,"Dime la verdad, por favor.","Tell me the truth, please.",
green,A1,adjective,verde,X,,De color semejante al de la hierba fresca.,X,El árbol es verde.,The tree is green.,
"time, instance",A1,feminine,vez,X,,Cada ocasión en que sucede algo.,X,Esta es la primera vez que vengo aquí.,This is the first time I’ve come here.,
life,A1,feminine,vida,X,,Tiempo que transcurre desde el nacimiento hasta la muerte de un ser vivo.,X,La vida en el campo es tranquila.,Life in the countryside is peaceful.,
old,A1,adjective,viejo,X,,Que tiene mucha edad o es antiguo.,X,Mi abuelo es muy viejo.,My grandfather is very old.,
Friday,A1,masculine,viernes,X,,Quinto día laborable de la semana.,X,El viernes vamos al cine.,On Friday we are going to the cinema.,
wine,A1,masculine,vino,X,,Bebida alcohólica hecha con la fermentación de la uva.,X,Me gusta el vino tinto.,I like red wine.,
live,A1,verb,vivir,X,,Habitar en un lugar o tener vida.,X,Quiero vivir en España.,I want to live in Spain.,
you,A1,pronoun,vosotros,X,,Pronombre personal de segunda persona del plural.,X,¿Vosotros venís con nosotros al cine?,Are you coming with us to the cinema?,
and,A1,conjunction,y,X,,Une palabras u oraciones con el mismo valor.,X,Pedro y Ana son amigos.,Pedro and Ana are friends.,
"already, now",A1,adverb,ya,X,,Indica que algo ya ha ocurrido o que está cumplido.,X,Ya he terminado mi tarea.,I’ve already finished my homework.,
I,A1,pronoun,yo,X,,Pronombre personal de primera persona del singular.,X,Yo tengo un perro.,I have a dog.,
yogurt,A1,masculine,yogur,X,,Producto lácteo fermentado de sabor ácido.,X,Tomo yogur después de comer.,I have yogurt after eating.,
shoe,A1,masculine,zapato,X,,Calzado que cubre el pie y suele tener suela dura.,X,Este zapato no me queda bien.,This shoe doesn’t fit me well.,
juice,A1,masculine,zumo,X,SP,Líquido obtenido al exprimir frutas u hortalizas.,X,Bebo zumo de naranja por la mañana.,I drink orange juice in the morning.,
often,A2,adverb,a menudo,X,,Con frecuencia.,X,Voy al cine a menudo con mis amigos.,I often go to the cinema with my friends.,
sometimes,A2,adverb,a veces,X,,En algunas ocasiones.,X,A veces salgo a caminar por la tarde.,Sometimes I go for a walk in the afternoon.,
let's see,A2,interjection,a ver,X,,Expresión usada para llamar la atención o proponer hacer algo.,X,A ver qué pasa mañana.,Let’s see what happens tomorrow.,
"downstairs, below",A2,adverb,abajo,X,,En la parte inferior de un lugar.,X,"Los zapatos están abajo, en la entrada.","The shoes are downstairs, at the entrance.",
lawyer,A2,masculine,abogado,X,,Persona que ejerce profesionalmente la abogacía.,X,Mi padre es abogado.,My father is a lawyer.,
"hug, embrace",A2,verb,abrazar,X,,Rodear a alguien con los brazos en señal de afecto.,X,Me gusta abrazar a mis amigos cuando los veo.,I like to hug my friends when I see them.,
"bore, be bored",A2,verb,aburrir,X,,Causar cansancio o fastidio.,X,Esta clase me aburre un poco.,This class bores me a little.,
just,A2,verb,acabar,X,,Dar fin a una cosa o terminar algo.,X,Acabo de llegar a casa.,I just got home.,
accident,A2,masculine,accidente,X,,Suceso imprevisto que causa daño o desgracia.,X,Hubo un accidente en la carretera.,There was an accident on the road.,
action,A2,feminine,acción,X,,Hecho o conjunto de hechos realizados por alguien.,X,Esa película tiene mucha acción.,That movie has a lot of action.,
oil,A2,masculine,aceite,X,,Líquido graso obtenido de aceitunas o semillas.,X,Necesito aceite para cocinar.,I need oil for cooking.,
accept,A2,verb,aceptar,X,,Dar el consentimiento o conformidad a algo.,X,Acepto tu invitación a la fiesta.,I accept your invitation to the party.,
go to bed,A2,verb,acostarse,X,,Ir a la cama para dormir o descansar.,X,Cada noche me acuesto a las once.,Every night I go to bed at eleven.,
active,A2,adjective,activo,X,,Que realiza muchas actividades o se mueve con energía.,X,Mi perro es muy activo.,My dog is very active.,
actor,A2,masculine,actor,X,,"Persona que interpreta un papel en el cine, el teatro o la televisión.",X,Mi primo quiere ser actor.,My cousin wants to be an actor.,
actress,A2,feminine,actriz,X,,"Mujer que interpreta un papel en el cine, el teatro o la televisión.",X,Esa actriz es muy famosa.,That actress is very famous.,
"act, behave",A2,verb,actuar,X,,Representar un papel o realizar una acción en público.,X,Los niños deben aprender a actuar bien.,Children must learn to behave well.,
forward,A2,adverb,adelante,X,,Hacia la parte delantera.,X,Vamos hacia adelante.,We’re moving forward.,
"in addition, moreover, furthermore",A2,adverb,además,X,,"Además de lo dicho, añade otra cosa.",X,"Además, vamos a visitar el museo.","In addition, we’re going to visit the museum.",
admire,A2,verb,admirar,X,,Sentir aprecio o respeto por alguien o algo.,X,Admiro mucho a mis padres.,I admire my parents a lot.,
adult,A2,masculine,adulto,X,,Persona que ha llegado a la edad de la madurez.,X,Solo los adultos pueden entrar aquí.,Only adults can enter here.,
shave,A2,verb,afeitar,X,,Cortar el vello con una cuchilla o máquina.,X,Voy a afeitar mi barba antes de salir.,I am going to shave my beard before I go out.,
shave,A2,verb,afeitarse,X,,Eliminar el vello de la cara o del cuerpo con una cuchilla o máquina.,X,Mi padre se afeita todas las mañanas.,My father shaves every morning.,
agency,A2,feminine,agencia,X,,Oficina que organiza servicios o gestiones.,X,Trabajo en una agencia de viajes.,I work at a travel agency.,
agenda,A2,feminine,agenda,X,,"Cuaderno donde se anotan citas, tareas o recordatorios.",X,Apunta la cita en la agenda.,Write down the appointment in your diary.,
pleasant,A2,adjective,agradable,X,,"Que produce agrado, resulta placentero o cómodo.",X,La música es muy agradable.,The music is very pleasant.,
there,A2,adverb,ahí,X,,En ese lugar cercano.,X,"El libro está ahí, sobre la mesa.","The book is there, on the table.",
right now,A2,adverb,ahora mismo,X,,En este mismo momento.,X,Voy al supermercado ahora mismo.,I’m going to the supermarket right now.,
air,A2,masculine,aire,X,,Sustancia gaseosa que rodea la Tierra y que los seres vivos respiran.,X,Necesito aire fresco.,I need fresh air.,
garlic,A2,masculine,ajo,X,,Planta de bulbo blanco muy usada como condimento.,X,Pongo ajo en casi todas mis comidas.,I put garlic in almost all my meals.,
artichoke,A2,feminine,alcachofa,X,,"Planta comestible de tallo y flor verde, utilizada en la cocina.",X,Hoy vamos a cocinar alcachofa con arroz.,Today we’re going to cook artichoke with rice.,
"joyful, cheerful",A2,adjective,alegre,X,,Que muestra felicidad o buen humor.,X,Ella siempre está alegre.,She is always cheerful.,
"joy, cheer",A2,feminine,alegría,X,,Sentimiento de placer y satisfacción.,X,Me da mucha alegría verte.,It brings me so much joy to see you.,
German,A2,adjective,alemán,X,,Relativo a Alemania o a su lengua.,X,Mi profesora es alemana.,My teacher is German.,
"some, someone",A2,pronoun,alguno,X,,Alguna persona o cosa indeterminada.,X,¿Tienes alguno que me puedas prestar?,Do you have one I can borrow?,
feed,A2,verb,alimentar,X,,Dar alimento o nutrir.,X,Necesitamos alimentar al perro tres veces al día.,We need to feed the dog three times a day.,
lunch,A2,masculine,almuerzo,X,,Comida que se toma a mediodía.,X,El almuerzo será a las dos.,Lunch will be at two.,
lodging,A2,masculine,alojamiento,X,,Lugar o espacio donde una persona se hospeda temporalmente.,X,Buscamos un alojamiento cerca de la playa.,We’re looking for lodging near the beach.,
around,A2,adverb,alrededor,X,,En torno o cerca de algo.,X,Vivimos en una casa con árboles alrededor.,We live in a house with trees around.,
surroundings,A2,masculine,alrededor,X,,Lo que está en torno a una cosa o persona.,X,Hay muchas flores alrededor del jardín.,There are many flowers around the garden.,
around,A2,preposition,alrededor de,X,,Indica proximidad en el espacio de algo respecto a otra cosa.,X,La tienda está alrededor de la esquina.,The shop is around the corner.,
love,A2,verb,amar,X,,Sentir afecto intenso hacia alguien o algo.,X,Te amo con todo mi corazón.,I love you with all my heart.,
ambulancia,A2,feminine,ambulancia,X,,Vehículo sanitario preparado para transportar a personas enfermas o heridas.,X,La ambulancia llegó muy rápido.,The ambulance arrived very quickly.,
friendship,A2,feminine,amistad,X,,Relación de afecto y confianza entre personas.,X,Nuestra amistad es muy especial.,Our friendship is very special.,
love,A2,masculine,amor,X,,Sentimiento de cariño intenso hacia alguien o algo.,X,El amor es importante para todos.,Love is important for everyone.,
orange,A2,adjective,anaranjado,X,,De color parecido al de la naranja.,X,Mi coche es de color anaranjado.,My car is orange.,
"wide, broad",A2,adjective,ancho,X,,Que tiene gran anchura.,X,La calle es muy ancha.,The street is very wide.,
"walk, go",A2,verb,andar,X,,Desplazarse a pie.,X,Me gusta andar por el campo.,I like walking through the countryside.,
platform,A2,masculine,andén,X,,Plataforma elevada en una estación de tren donde los pasajeros suben o bajan de los vagones.,X,El tren sale del andén número tres.,The train leaves from platform number three.,
announce,A2,verb,anunciar,X,,Dar a conocer algo públicamente.,X,Van a anunciar los resultados mañana.,They are going to announce the results tomorrow.,
"ad, advertisement",A2,masculine,anuncio,X,,Mensaje que informa o promociona un producto o servicio.,X,Vi un anuncio en la televisión.,I saw an ad on TV.,
apparatus,A2,masculine,aparato,X,,Objeto o máquina con una función determinada.,X,El aparato de música no funciona bien.,The music player doesn’t work well.,
braces,A2,masculine,aparatos,X,,Plural de aparato.,X,El dentista me puso aparatos en los dientes.,The dentist put braces on my teeth.,
appear,A2,verb,aparecer,X,,Hacerse visible o presentarse en un lugar de manera inesperada.,X,Él puede aparecer en cualquier momento.,He can appear at any moment.,
apartment,A2,masculine,apartamento,X,,Vivienda dentro de un edificio de varias plantas.,X,Vivo en un apartamento pequeño.,I live in a small apartment.,
that,A2,pronoun,aquel,X,,Pronombre demostrativo que señala algo lejano de quien habla y de quien escucha.,X,Aquel día fue muy especial.,That day was very special.,
file,A2,masculine,archivo,X,,Conjunto de documentos o datos ordenados para su conservación.,X,Guardé el documento en un archivo.,I saved the document in a file.,
sand,A2,feminine,arena,X,,Conjunto de partículas sueltas de piedra muy pequeñas que cubren playas o desiertos.,X,La arena está muy caliente.,The sand is very hot.,
"fix, arrange",A2,verb,arreglar,X,,Poner en orden o reparar algo.,X,Voy a arreglar la lámpara de mi habitación.,I am going to fix the lamp in my room.,
upstairs,A2,adverb,arriba,X,,En la parte superior.,X,Las habitaciones están arriba.,The rooms are upstairs.,
artist,A2,masculine,artista,X,,Persona que se dedica a alguna de las bellas artes.,X,Mi hermano es artista.,My brother is an artist.,
"elevator, lift",A2,masculine,ascensor,X,,Aparato que sube y baja entre las plantas de un edificio.,X,Subimos en el ascensor.,We went up in the elevator.,
"so, this way, that way",A2,adverb,así,X,,De esta manera o de ese modo.,X,"Hazlo así, como te enseñé.","Do it like this, just as I showed you.",
tie,A2,verb,atar,X,,Unir algo con una cuerda o lazo.,X,Voy a atar los zapatos bien fuertes.,I am going to tie my shoes tightly.,
attention,A2,feminine,atención,X,,Concentración o interés que se presta a algo.,X,Presta atención a la profesora.,Pay attention to the teacher.,
athlete,A2,noun,atleta,X,,"Persona que practica un deporte, especialmente en competiciones.",X,El atleta corre todos los días en el estadio.,The athlete runs every day in the stadium.,
"back, behind",A2,adverb,atrás,X,,Hacia o en la parte posterior; en un momento anterior.,X,Me siento atrás en el autobús.,I sit in the back of the bus.,
tuna,A2,masculine,atún,X,,Pez marino comestible de carne rosada o roja.,X,Comemos atún con pan y tomate.,We eat tuna with bread and tomato.,
"still, yet",A2,adverb,aún,X,,"Todavía, hasta este momento.",X,Aún no he terminado el trabajo.,I still haven’t finished the work.,
"although, even though",A2,conjunction,aunque,X,,Introduce una objeción que no impide lo que se dice en la oración principal.,X,"Aunque hace frío, vamos a salir.","Even though it’s cold, we’re going out.",
"automobile, car",A2,masculine,auto,X,LA,Vehículo de motor para transportar personas.,X,Mi auto es rojo.,My car is red.,
automobile,A2,masculine,automóvil,X,,Sinónimo de coche.,X,El automóvil está en el garaje.,The automobile is in the garage.,
notify,A2,verb,avisar,X,,Comunicar algo a alguien como advertencia.,X,Voy a avisar a Juan de la reunión.,I’m going to notify Juan about the meeting.,
"city council, town council",A2,masculine,ayuntamiento,X,,Institución de gobierno de un municipio.,X,El ayuntamiento organiza las fiestas del pueblo.,The city council organizes the village festivals.,
sugar,A2,masculine,azúcar,X,,Sustancia dulce de origen vegetal usada para endulzar.,X,No tomo azúcar en el café.,I don’t take sugar in my coffee.,
ball,A2,masculine,balón,X,,Pelota grande usada en varios deportes.,X,El niño juega con el balón en el patio.,The child plays with the ball in the yard.,
basketball,A2,masculine,baloncesto,X,,Deporte en el que dos equipos intentan introducir una pelota en la canasta del contrario.,X,El baloncesto es muy popular entre los jóvenes.,Basketball is very popular among young people.,
bathe,A2,verb,bañarse,X,,Lavar el cuerpo dentro de una bañera.,X,En verano nos bañamos en el río.,In summer we bathe in the river.,
band,A2,feminine,banda,X,,Conjunto de personas unidas por un fin común o grupo musical.,X,La banda toca música en la plaza.,The band plays music in the square.,
"tray, platter",A2,feminine,bandeja,X,,Objeto plano que sirve para presentar o llevar comida.,X,La bandeja está llena de comida.,The tray is full of food.,
flag,A2,feminine,bandera,X,,"Tela o emblema que representa a una nación, grupo o institución.",X,La bandera de España es roja y amarilla.,The flag of Spain is red and yellow.,
beard,A2,feminine,barba,X,,Conjunto de pelos que crecen en la parte inferior de la cara de los hombres.,X,Mi abuelo tiene una barba muy larga.,My grandfather has a very long beard.,
sweep,A2,verb,barrer,X,,Limpiar el suelo con una escoba.,X,Cada mañana barro el suelo de la cocina.,Every morning I sweep the kitchen floor.,
belly,A2,feminine,barriga,X,,"Parte delantera y blanda del cuerpo humano, entre el pecho y la cadera.",X,Me duele la barriga después de comer.,My belly hurts after eating.,
basic,A2,adjective,básico,X,,Que es fundamental o principal.,X,Es importante aprender los conceptos básicos.,It’s important to learn the basic concepts.,
"enough, quite",A2,adverb,bastante,X,,En cantidad suficiente o incluso abundante.,X,Estoy bastante cansado después del trabajo.,I’m quite tired after work.,
eggplant,A2,feminine,berenjena,X,,Hortaliza de piel morada y pulpa blanca comestible.,X,La berenjena está en la nevera.,The eggplant is in the fridge.,
Berlin,A2,noun,Berlín,X,,"Capital de Alemania, situada en el noreste del país.",X,Berlín es una ciudad muy grande en Alemania.,Berlin is a very big city in Germany.,
kiss,A2,masculine,beso,X,,Contacto afectuoso que se hace con los labios.,X,Me dio un beso en la mejilla.,He gave me a kiss on the cheek.,
bike,A2,feminine,bici,X,,Vehículo de dos ruedas impulsado por pedales.,X,Voy al colegio en bici todos los días.,I go to school by bike every day.,
welcome,A2,interjection,bienvenidos,X,,Expresión de saludo dirigida a quienes llegan.,X,¡Bienvenidos a nuestra casa!,Welcome to our home!,
"ticket, bill",A2,masculine,billete,X,,"Papel moneda; también, documento que permite viajar o entrar a un espectáculo.",X,Compré un billete de tren a Madrid.,I bought a train ticket to Madrid.,
sandwich,A2,masculine,bocadillo,X,SP,"Pan partido con relleno dentro, generalmente para comer como merienda.",X,Quiero un bocadillo de jamón y queso.,I want a ham and cheese sandwich.,
forest,A2,masculine,bosque,X,,Terreno poblado de árboles y vegetación densa.,X,El bosque está lleno de árboles altos.,The forest is full of tall trees.,
container,A2,masculine,bote,X,,"Recipiente pequeño de plástico, cristal o metal.",X,Hay un bote de tomate en la mesa.,There’s a can of tomato on the table.,
bottle,A2,feminine,botella,X,,Recipiente de vidrio o plástico con cuello estrecho para líquidos.,X,Necesito una botella de agua.,I need a bottle of water.,
joke,A2,feminine,broma,X,,Dicho o acción hecha con intención de divertir.,X,Contó una broma muy graciosa.,He told a very funny joke.,
donkey,A2,masculine,burro,X,,"Animal doméstico de carga de tamaño mediano, semejante al caballo pero más pequeño.",X,El burro lleva carga por el camino.,The donkey is carrying a load along the path.,
cable,A2,masculine,cable,X,,"Conductor de electricidad o de señales, recubierto de material aislante.",X,El cable no funciona bien.,The cable doesn’t work well.,
goat,A2,feminine,cabra,X,,"Animal doméstico o salvaje de cuernos curvos, del que se aprovecha la leche y la carne.",X,La cabra está comiendo hierba en el campo.,The goat is eating grass in the field.,
poop,A2,feminine,caca,X,,"Excremento humano, especialmente el de los niños.",X,El niño hizo caca en el pañal.,The child pooped in the diaper.,
drawer,A2,masculine,cajón,X,,"Caja o compartimento que se abre y se cierra, generalmente en un mueble.",X,Guardo mis camisetas en el cajón.,I keep my T-shirts in the drawer.,
calendar,A2,masculine,calendario,X,,"Sistema de cómputo del tiempo que organiza el año en meses, semanas y días; también, cuadro que lo muestra.",X,Tengo un calendario en la cocina para apuntar mis citas y cumpleaños.,I have a calendar in the kitchen to write down my appointments and birthdays.,
"calm, make calm",A2,verb,callar,X,,Dejar de hablar o guardar silencio.,X,"Por favor, cállate un momento, quiero escuchar.","Please be quiet for a moment, I want to listen.",
bald,A2,adjective,calvo,X,,Que no tiene pelo en la cabeza.,X,Mi tío es calvo desde joven.,My uncle has been bald since he was young.,
underpant,A2,masculine,calzoncillo,X,,Prenda de ropa interior masculina que cubre desde la cintura hasta los muslos.,X,Llevaba unos calzoncillos rojos.,He was wearing red underpants.,
waiter,A2,masculine,camarero,X,,Persona que trabaja sirviendo comida o bebida en un bar o restaurante.,X,El camarero trae la comida a la mesa.,The waiter brings the food to the table.,
change,A2,masculine,cambio,X,,Acción de sustituir una cosa por otra o el resultado de esa acción.,X,Hubo un cambio en el horario del tren.,There was a change in the train schedule.,
bell,A2,feminine,campana,X,,"Objeto metálico que suena al ser golpeado, usado en iglesias y torres.",X,Suena una campana en la iglesia.,A bell is ringing at the church.,
song,A2,feminine,canción,X,,Composición musical cantada con letra.,X,Esa canción me recuerda a mi infancia.,That song reminds me of my childhood.,
cinnamon,A2,feminine,canela,X,,Especia aromática de color marrón usada en repostería y cocina.,X,Me gusta el café con canela.,I like coffee with cinnamon.,
tired,A2,adjective,cansado,X,,Que siente cansancio o falta de energía.,X,Estoy cansado después de caminar tanto.,I’m tired after walking so much.,
singer,A2,masculine,cantante,X,,Persona que canta profesionalmente o por afición.,X,El cantante tiene una voz muy bonita.,The singer has a very beautiful voice.,
"quantity, amount",A2,feminine,cantidad,X,,Magnitud que expresa cuántas unidades de algo existen.,X,Hay una gran cantidad de comida.,There is a large amount of food.,
capital city,A2,feminine,capital,X,,Ciudad principal de un país o región.,X,Madrid es la capital de España.,Madrid is the capital of Spain.,
caramel,A2,masculine,caramelo,X,,"Dulce pequeño y duro, hecho de azúcar.",X,Quiero un caramelo de fresa.,I want a strawberry-flavored caramel.,
"race, career",A2,feminine,carrera,X,,Competición deportiva o estudios universitarios según el contexto.,X,Participé en una carrera de cinco kilómetros.,I took part in a five-kilometer race.,
"road, highway",A2,feminine,carretera,X,,Camino ancho y asfaltado para la circulación de vehículos.,X,La carretera está cerrada por obras.,The road is closed due to construction.,
car,A2,masculine,carro,X,LA,"Vehículo de cuatro ruedas, sinónimo de coche en algunos países.",X,Mi carro es azul y bastante nuevo.,My car is blue and fairly new.,
wallet,A2,feminine,cartera,X,,"Objeto para guardar dinero, documentos u otros efectos personales.",X,Perdí mi cartera en el centro comercial.,I lost my wallet at the shopping center.,
get married,A2,verb,casarse,X,,Unirse legalmente y socialmente a otra persona en matrimonio.,X,Ellos se casan el próximo sábado.,They are getting married next Saturday.,
case,A2,masculine,caso,X,,"Hecho, situación o asunto concreto.",X,"En este caso, no podemos ayudarte.","In this case, we can’t help you.",
castle,A2,masculine,castillo,X,,Construcción fortificada donde vivían reyes o señores en la Edad Media.,X,Visitamos un castillo antiguo en el pueblo.,We visited an old castle in the village.,
cathedral,A2,feminine,catedral,X,,Iglesia principal de una ciudad.,X,La catedral está en el centro de la ciudad.,The cathedral is in the city center.,
onion,A2,feminine,cebolla,X,,"Hortaliza de forma redondeada y capas superpuestas, de olor fuerte y sabor intenso.",X,La cebolla me hace llorar.,Onions make me cry.,
celebrate,A2,verb,celebrar,X,,Realizar una fiesta o acto en conmemoración de algo.,X,Vamos a celebrar tu cumpleaños el sábado.,We’re going to celebrate your birthday on Saturday.,
cell phone,A2,masculine,celular,X,LA,Teléfono móvil.,X,Olvidé mi celular en casa.,I forgot my phone at home.,
mall,A2,masculine,centro comercial,X,,Edificio con muchas tiendas donde se venden productos.,X,El centro comercial está lleno de tiendas y restaurantes.,The mall is full of shops and restaurants.,
brush,A2,verb,cepillarse,X,,Limpiar los dientes o el cabello con un cepillo.,X,Yo me cepillo los dientes después de comer.,I brush my teeth after eating.,
fence,A2,feminine,cerca,X,,Lugar que está próximo o cercano.,X,Hay una cerca blanca alrededor del jardín.,There's a white fence around the garden.,
pig,A2,masculine,cerdo,X,,Animal doméstico de cuatro patas criado para la alimentación.,X,El cerdo está en la granja.,The pig is on the farm.,
beer,A2,feminine,cerveza,X,,Bebida alcohólica elaborada a partir de la fermentación de la cebada.,X,Tomamos una cerveza en la terraza.,We had a beer on the terrace.,
"grass, lawn",A2,masculine,césped,X,,Conjunto de hierba fina y verde que cubre el suelo de jardines o campos.,X,El césped del parque está muy verde.,The grass in the park is very green.,
mushroom,A2,masculine,champiñón,X,,Hongo comestible de forma redondeada.,X,Voy a comprar champiñón para la cena.,I’m going to buy mushrooms for dinner.,
"chat, talk",A2,feminine,charla,X,,Exposición oral breve y de carácter informal sobre un tema.,X,La profesora dio una charla sobre la historia de Madrid.,The teacher gave a talk about the history of Madrid.,
chat,A2,verb,charlar,X,,Hablar de manera informal y relajada.,X,Vamos a charlar un rato en el café.,Let’s chat for a while at the café.,
chimney,A2,feminine,chimenea,X,,Conducto de salida del humo en un edificio con chimenea.,X,La chimenea está encendida.,The chimney is lit.,
biker,A2,noun,ciclista,X,,Persona que monta en bicicleta.,X,El ciclista gana la carrera.,The cyclist wins the race.,
sky,A2,masculine,cielo,X,,"Espacio que se ve sobre la Tierra, donde aparecen el sol, la luna y las estrellas.",X,Hoy el cielo está muy azul y sin nubes.,Today the sky is very blue and without clouds.,
science,A2,feminine,ciencia,X,,Conjunto de conocimientos obtenidos mediante la observación y el estudio.,X,La ciencia nos ayuda a entender el mundo.,Science helps us understand the world.,
"ribbon, tape",A2,feminine,cinta,X,,"Tira larga y estrecha de tela, papel u otro material.",X,Necesito una cinta para envolver el regalo.,I need a ribbon to wrap the gift.,
circus,A2,masculine,circo,X,,"Espectáculo ambulante con payasos, acróbatas y animales.",X,El circo llega a la ciudad la próxima semana.,The circus is coming to town next week.,
"appointment, date",A2,feminine,cita,X,,Acuerdo para encontrarse con alguien en un lugar y hora determinados.,X,Tengo una cita con el médico a las cinco.,I have a doctor’s appointment at five.,
elbow,A2,masculine,codo,X,,"Parte exterior de la articulación del brazo, opuesta al pliegue.",X,Me duele el codo derecho.,My right elbow hurts.,
"seize, catch, fuck",A2,verb,coger,X,,Agarrar o tomar con la mano.,X,Voy a coger el tren de las ocho.,I’m going to catch the eight o’clock train.,
place,A2,verb,colocar,X,,Poner algo en un lugar determinado.,X,Voy a colocar los libros en la estantería.,I’m going to place the books on the shelf.,
dining room,A2,masculine,comedor,X,,Sala destinada a comer en una vivienda o institución.,X,Comemos en el comedor todos los días.,We eat in the dining room every day.,
"begin, commence",A2,verb,comenzar,X,,Empezar una acción o actividad.,X,Vamos a comenzar la clase ahora.,Let’s begin the class now.,
comfortable,A2,adjective,cómodo,X,,Que proporciona bienestar o resulta agradable.,X,Este sofá es muy cómodo para leer y descansar.,This sofa is very comfortable for reading and relaxing.,
company,A2,feminine,compañía,X,,"Grupo de personas reunidas para un fin común, especialmente con fines económicos o artísticos.",X,Trabaja en una compañía de seguros muy conocida.,She works at a very well-known insurance company.,
compare,A2,verb,comparar,X,,Establecer semejanzas o diferencias entre dos o más cosas.,X,Vamos a comparar los precios antes de comprar.,Let’s compare prices before buying.,
complete,A2,verb,completar,X,,Terminar de hacer algo añadiendo lo que falta.,X,Necesitamos completar el formulario.,We need to complete the form.,
complete,A2,adjective,completo,X,,Que está terminado en su totalidad.,X,El álbum está completo.,The album is complete.,
computer,A2,feminine,computadora,X,LA,Máquina electrónica utilizada para procesar datos e información.,X,Mi hermana usa la computadora para estudiar.,My sister uses the computer to study.,
common,A2,adjective,común,X,,Que pertenece a todos o es compartido.,X,Es una costumbre común en mi país.,It’s a common custom in my country.,
communication,A2,feminine,comunicación,X,,Acción de transmitir o intercambiar información.,X,La comunicación es clave en una buena relación.,Communication is key in a good relationship.,
communicate,A2,verb,comunicar,X,,"Transmitir información, ideas o sentimientos.",X,Tenemos que comunicar el cambio a todos.,We have to inform everyone about the change.,
community,A2,feminine,comunidad,X,,Conjunto de personas que viven en un mismo lugar o comparten intereses.,X,Mi comunidad organiza eventos culturales.,My community organizes cultural events.,
driver,A2,masculine,conductor,X,,Persona que maneja un vehículo.,X,El conductor del autobús es muy amable.,The bus driver is very friendly.,
advice,A2,masculine,consejo,X,,Recomendación o advertencia que se da a alguien.,X,Necesito un consejo sobre mi trabajo.,I need some advice about my job.,
construction,A2,feminine,construcción,X,,Acción o resultado de edificar edificios u otras estructuras.,X,La construcción del puente terminará el próximo año.,The construction of the bridge will be completed next year.,
"build, construct",A2,verb,construir,X,,Fabricar o levantar algo uniendo materiales.,X,Queremos construir una casa en el campo.,We want to build a house in the countryside.,
continue,A2,verb,continuar,X,,Seguir haciendo lo que se había comenzado.,X,Vamos a continuar después del descanso.,Let’s continue after the break.,
conversation,A2,feminine,conversación,X,,Intercambio oral de ideas entre dos o más personas.,X,Tuvimos una conversación interesante.,We had an interesting conversation.,
heart,A2,masculine,corazón,X,,Órgano del cuerpo humano que impulsa la sangre.,X,Mi corazón late muy rápido cuando corro.,My heart beats very fast when I run.,
lamb,A2,masculine,cordero,X,,"Cría de la oveja, que se utiliza como alimento.",X,Hoy comemos cordero al horno.,Today we’re eating roast lamb.,
correct,A2,adjective,correcto,X,,Que es adecuado o exacto.,X,Tu respuesta no es correcta.,Your answer is not correct.,
"mail, email",A2,masculine,correo,X,,Servicio encargado de recibir y enviar cartas y paquetes.,X,Voy a enviar un correo a mi jefe.,I'm going to send an email to my boss.,
email,A2,masculine,correo electronico,X,,Mensaje enviado mediante ordenador por internet.,X,Revisa tu correo electrónico por favor.,"Check your email, please.",
coast,A2,feminine,costa,X,,Orilla de un mar u océano.,X,La costa tiene playas muy bonitas.,The coast has very beautiful beaches.,
custom,A2,feminine,costumbre,X,,Hábito adquirido por la repetición de actos que se transmiten en una comunidad.,X,Es costumbre comer juntos los domingos.,It’s a custom to eat together on Sundays.,
create,A2,verb,crear,X,,Producir algo nuevo o darle existencia.,X,Vamos a crear un cartel para la fiesta.,Let's create a poster for the party.,
grow,A2,verb,crecer,X,,Aumentar de tamaño un ser vivo o desarrollarse.,X,Los niños empiezan a crecer muy rápido en esta edad.,Children start to grow very quickly at this age.,
cream,A2,feminine,crema,X,,Sustancia pastosa o líquida usada en la piel con fines cosméticos o médicos.,X,Quiero un café con crema.,I want coffee with cream.,
crystral,A2,masculine,cristal,X,,"Material duro y transparente, similar al vidrio.",X,El vaso es de cristal.,The glass is made of crystal.,
"how much, how many",A2,pronoun,cuánto,X,,Pronombre interrogativo o exclamativo que expresa cantidad.,X,¿Cuánto cuesta esta camiseta?,How much does this T-shirt cost?,
neck,A2,masculine,cuello,X,,Parte del cuerpo que une la cabeza con el tronco.,X,Me duele el cuello después de dormir mal.,My neck hurts after sleeping badly.,
"rope, cord, string",A2,feminine,cuerda,X,,"Cuerda delgada, flexible y resistente, hecha de fibras o hilos entrelazados.",X,La cuerda está en la mochila.,The rope is in the backpack.,
body,A2,masculine,cuerpo,X,,"Conjunto organizado de huesos, músculos y órganos que forman a una persona o animal.",X,El cuerpo humano tiene muchos huesos.,The human body has many bones.,
cave,A2,feminine,cueva,X,,Cavidad natural subterránea en una montaña o roca.,X,Visitamos una cueva muy profunda en las montañas.,We visited a very deep cave in the mountains.,
care,A2,masculine,cuidado,X,,Atención que se presta para evitar un daño o peligro.,X,Ten cuidado al cruzar la calle.,Be careful when crossing the street.,
care for,A2,verb,cuidar,X,,Prestar atención y proteger a alguien o algo.,X,Voy a cuidar a mi hermano pequeño.,I’m going to take care of my little brother.,
culture,A2,feminine,cultura,X,,"Conjunto de costumbres, conocimientos y manifestaciones artísticas de una sociedad.",X,Me interesa mucho la cultura japonesa.,I'm very interested in Japanese culture.,
course,A2,masculine,curso,X,,Asignatura o período de enseñanza en un centro educativo.,X,Estoy haciendo un curso de francés.,I'm taking a French course.,
"data, information",A2,masculine,datos,X,,Conjunto de informaciones o hechos conocidos.,X,Necesitamos los datos del cliente.,We need the client's information.,
from time to time,A2,adverb,de vez en cuando,X,,"En algunas ocasiones, pero no con frecuencia.",X,De vez en cuando visito a mis abuelos.,From time to time I visit my grandparents.,
under,A2,preposition,debajo,X,,Indica posición inferior a otra cosa.,X,El gato está debajo de la mesa.,The cat is under the table.,
"should, must",A2,verb,deber,X,,Tener obligación de hacer algo o conveniencia de realizarlo.,X,Debes estudiar para el examen.,You should study for the exam.,
decide,A2,verb,decidir,X,,Elegir entre varias opciones.,X,Voy a decidir qué comer.,I’m going to decide what to eat.,
tenth,A2,adjective,décimo,X,,Que ocupa el lugar número diez en una serie.,X,Hoy es el décimo aniversario de la tienda.,Today is the store’s tenth anniversary.,
decision,A2,feminine,decisión,X,,Determinación que se toma tras considerar una situación.,X,Fue una decisión difícil.,It was a difficult decision.,
decorate,A2,verb,decorar,X,,Adornar un espacio con objetos decorativos.,X,Vamos a decorar la casa para la Navidad.,Let's decorate the house for Christmas.,
toe,A2,masculine,dedo del pie,X,,Extremidad corta y articulada situada en la parte anterior del pie.,X,Me he golpeado un dedo del pie.,I hit a toe.,
"leave, let, allow",A2,verb,dejar,X,,"Permitir, abandonar o interrumpir algo.",X,Puedes dejar tus cosas en esa silla.,You can leave your things on that chair.,
in front,A2,adverb,delante,X,,En la parte frontal o más adelante.,X,El coche está aparcado delante de la casa.,The car is parked in front of the house.,
"thin, skinny",A2,adjective,delgado,X,,Que tiene poca grasa o poca anchura.,X,Mi hermana es muy delgada.,My sister is very skinny.,
delicious,A2,adjective,delicioso,X,,Que produce un sabor muy agradable.,X,Esta paella está deliciosa.,This paella is delicious.,
too,A2,adverb,demasiado,X,,En cantidad excesiva.,X,Comiste demasiado pastel.,You ate too much cake.,
dentist,A2,masculine,dentista,X,,Profesional que cuida la salud de los dientes.,X,Voy al dentista cada seis meses.,I go to the dentist every six months.,
inside,A2,preposition,dentro de,X,,Indica que algo está en el interior de un lugar.,X,La mochila está dentro de la habitación.,The backpack is inside the room.,
department,A2,masculine,departamento,X,,Sección administrativa o de vivienda dentro de un edificio.,X,Trabajo en el departamento de ventas.,I work in the sales department.,
depend,A2,verb,depender,X,,Estar condicionado por otra cosa.,X,Todo depende del tiempo que tengamos.,It all depends on the time we have.,
"right, straight",A2,adjective,derecho,X,,Que se encuentra en línea recta o en la dirección opuesta a la izquierda.,X,Gira a la derecha en la próxima calle.,Turn right at the next street.,
rest,A2,verb,descansar,X,,Reposar para recuperar fuerzas.,X,Necesito descansar después del trabajo.,I need to rest after work.,
rest,A2,masculine,descanso,X,,Tiempo en que se reposa.,X,Tomamos un descanso de diez minutos.,We took a ten-minute break.,
discover,A2,verb,descubrir,X,,Encontrar algo que estaba oculto o desconocido.,X,Quiero descubrir lugares nuevos este verano.,I want to discover new places this summer.,
discount,A2,masculine,descuento,X,,Reducción en el precio de un producto o servicio.,X,Este producto tiene un buen descuento.,This product has a good discount.,
wish,A2,verb,desear,X,,Tener el deseo de algo.,X,Deseo pasar unas vacaciones tranquilas.,I wish for a calm vacation.,
desert,A2,masculine,desierto,X,,Región árida con escasa vegetación y lluvias.,X,El desierto es muy caluroso durante el día.,The desert is very hot during the day.,
slowly,A2,adjective,despacio,X,,Con poca velocidad o lentitud.,X,"Camina despacio, no tengas prisa.","Walk slowly, don't rush.",
"awaken, wake up",A2,verb,despertar,X,,Interrumpir el sueño de alguien o volverlo a la vigilia.,X,Voy a despertar a mi hermana.,I’m going to wake up my sister.,
wake up,A2,verb,despertarse,X,,Salir del sueño y volver a estar despierto.,X,Los niños se despiertan temprano los lunes.,The children wake up early on Mondays.,
dialogue,A2,masculine,diálogo,X,,Conversación entre dos o más personas.,X,El profesor leyó un diálogo en clase.,The teacher read a dialogue in class.,
diary,A2,masculine,diario,X,,Publicación periódica de noticias o anotaciones personales.,X,Compro un diario en la tienda.,I buy a diary at the store.,
daily,A2,adjective,diario,X,,Que ocurre cada día.,X,Leo el periódico diario.,I read the daily newspaper.,
tooth,A2,masculine,diente,X,,Pieza dura y blanca que crece en la boca y sirve para masticar.,X,Tengo un diente suelto.,I have a loose tooth.,
difference,A2,feminine,diferencia,X,,Circunstancia que distingue una cosa de otra.,X,Hay una diferencia entre oír y escuchar.,There's a difference between hearing and listening.,
different,A2,adjective,diferente,X,,"Que no es igual, que cambia respecto a lo habitual.",X,Mis gustos son diferentes a los tuyos.,My tastes are different from yours.,
god,A2,masculine,dios,X,,Ser supremo considerado como divinidad.,X,Muchas personas creen en Dios.,Many people believe in God.,
"address, direction",A2,feminine,dirección,X,,"Indicación del lugar, destino o datos de una persona.",X,La dirección está escrita en el sobre.,The address is written on the envelope.,
"director, principal",A2,masculine,director,X,,"Persona que dirige una institución, empresa o actividad.",X,El director de la escuela llegó temprano esta mañana.,The school principal arrived early this morning.,
disc,A2,masculine,disco,X,,Disco de música o soporte circular que almacena sonido.,X,Compré un disco nuevo de música.,I bought a new music disc.,
nightclub,A2,feminine,discoteca,X,,Local donde se baila y se escucha música.,X,Vamos a la discoteca esta noche.,We’re going to the nightclub tonight.,
excuse me,A2,adjective,disculpe,X,,Expresión de cortesía para llamar la atención o pedir disculpas.,X,"Disculpe, ¿me puede ayudar?","Excuse me, can you help me?",
fun,A2,adjective,divertido,X,,Que produce diversión o entretenimiento.,X,El juego fue muy divertido.,The game was very fun.,
have fun,A2,verb,divertirse,X,,Pasarlo bien haciendo algo que produce alegría.,X,Nos divertimos mucho en la fiesta.,We had a lot of fun at the party.,
dollar,A2,masculine,dólar,X,,"Moneda oficial de varios países, especialmente de Estados Unidos.",X,Cuesta veinte dólares.,It costs twenty dollars.,
pain,A2,masculine,dolor,X,,Sensación desagradable del cuerpo producida por una causa interna o externa.,X,Tengo dolor de cabeza.,I have a headache.,
fall asleep,A2,verb,dormirse,X,,"Entrar en estado de sueño, dejar de estar despierto.",X,Me duermo en el sofá después de cenar.,I fall asleep on the sofa after dinner.,
shower,A2,feminine,ducha,X,,Instalación que produce agua para lavarse de pie.,X,Voy a darme una ducha.,I'm going to take a shower.,
shower,A2,verb,duchar,X,,Lavar el cuerpo bajo una ducha.,X,Me ducho por la mañana antes de salir.,I shower in the morning before going out.,
shower,A2,verb,ducharse,X,,Lavar el cuerpo bajo el agua de una ducha.,X,Me ducho antes de ir al trabajo.,I shower before going to work.,
during,A2,adjective,durante,X,,Que indica duración en el tiempo.,X,Durante el invierno hace mucho frío.,During winter it's very cold.,
"hard, firm",A2,adjective,duro,X,,Que es resistente o difícil de cortar o romper.,X,Esta silla es muy dura.,This chair is very hard.,
"throw, pour",A2,verb,echar,X,,Arrojar algo con la mano.,X,Puedes echar la sal en la sopa.,You can throw in the salt into the soup.,
equator,A2,masculine,ecuador,X,,Línea imaginaria que divide la Tierra en dos hemisferios.,X,El ecuador divide la Tierra en dos hemisferios.,The equator divides the Earth into two hemispheres.,
building,A2,masculine,edificio,X,,Construcción hecha para distintos usos humanos.,X,Ese edificio tiene más de cien años.,That building is over a hundred years old.,
exercise,A2,masculine,ejercicio,X,,Actividad física realizada para mantener la salud o aprender.,X,Hago ejercicio todos los días por la mañana.,I exercise every morning.,
electrician,A2,masculine,electricista,X,,Persona que instala o repara sistemas eléctricos.,X,Llamé al electricista porque no hay luz en la cocina.,I called the electrician because there’s no light in the kitchen.,
electric,A2,adjective,eléctrico,X,,Que funciona con electricidad.,X,El coche eléctrico es muy silencioso.,The electric car is very quiet.,
elephant,A2,masculine,elefante,X,,Mamífero de gran tamaño con trompa y colmillos.,X,Vimos un elefante en el zoológico.,We saw an elephant at the zoo.,
emergency,A2,feminine,emergencia,X,,Situación de peligro que requiere atención inmediata.,X,Llama al 112 en caso de emergencia.,Call 112 in case of emergency.,
emotion,A2,feminine,emoción,X,,Reacción intensa de sentimiento.,X,Sentí una gran emoción al ver a mi familia.,I felt great emotion when I saw my family.,
"start, begin",A2,verb,empezar,X,,Comenzar algo.,X,Vamos a empezar la reunión a las nueve.,We’re going to start the meeting at nine.,
employee,A2,masculine,empleado,X,,Persona que trabaja para una empresa.,X,El empleado llegó temprano al trabajo.,The employee arrived early to work.,
company,A2,feminine,empresa,X,,Entidad dedicada a actividades económicas o de servicios.,X,Mi empresa organiza eventos deportivos.,My company organizes sports events.,
instead of,A2,preposition,en vez de,X,,En lugar de.,X,"En vez de tomar el coche, fuimos caminando al mercado.","Instead of taking the car, we walked to the market.",
turn on,A2,verb,encender,X,,Hacer que algo produzca luz o funcione.,X,Voy a encender la luz del salón.,I’m going to turn on the living room light.,
find,A2,verb,encontrar,X,,Dar con algo o alguien tras buscar o por casualidad.,X,No puedo encontrar mis llaves.,I can’t find my keys.,
energy,A2,feminine,energía,X,,Capacidad que permite realizar una actividad o trabajo.,X,Necesito más energía para terminar el día.,I need more energy to get through the day.,
get angry,A2,verb,enfadarse,X,,Sentir enojo o disgusto hacia alguien o algo.,X,Ella se enfada cuando llega tarde el autobús.,She gets angry when the bus arrives late.,
salad,A2,feminine,ensalada,X,,Plato frío hecho con verduras crudas y aliño.,X,Prefiero una ensalada con tomate y atún.,I prefer a salad with tomato and tuna.,
"right away, immediately",A2,adverb,enseguida,X,,"Sin demora, inmediatamente.",X,"Llego enseguida, espera un momento.","I’ll be right there, wait a moment.",
teach,A2,verb,enseñar,X,,Transmitir conocimientos a otra persona.,X,Voy a enseñar a mi primo a nadar.,I’m going to teach my cousin how to swim.,
understand,A2,verb,entender,X,,Comprender el sentido de algo.,X,¿Puedes repetirlo? No lo entiendo bien.,Can you repeat it? I don’t understand it well.,
"so, therefore",A2,conjunction,entonces,X,,Indica consecuencia o continuación de lo dicho.,X,"Estaba cansado, entonces me fui a casa.","I was tired, so I went home.",
entrance,A2,feminine,entrada,X,,Lugar por el que se entra a un espacio.,X,La entrada del museo cuesta cinco euros.,Museum entrance costs five euros.,
enter,A2,verb,entrar,X,,Pasar al interior de un lugar.,X,Vamos a entrar por la puerta principal.,We’re going to enter through the main door.,
train,A2,verb,entrenar,X,,Ejercitarse para mejorar en una actividad física.,X,Me gusta entrenar en el gimnasio tres veces por semana.,I like training at the gym three times a week.,
send,A2,verb,enviar,X,,Mandar algo a otra persona.,X,Voy a enviar una carta a mis abuelos.,I’m going to send a letter to my grandparents.,
"error, mistake",A2,masculine,error,X,,Equivocación o falta cometida.,X,Cometí un error en el formulario.,I made a mistake on the form.,
"staircase, stairs, ladder",A2,feminine,escalera,X,,Serie de peldaños que permiten subir o bajar.,X,Subimos por la escalera porque el ascensor no funcionaba.,We went up the stairs because the elevator wasn’t working.,
hide,A2,verb,esconder,X,,Poner algo o a alguien en un lugar donde no pueda ser visto.,X,El niño se esconde detrás de la puerta.,The boy hides behind the door.,
write,A2,verb,escribir,X,,Representar palabras mediante letras.,X,Voy a escribir una postal desde la playa.,I’m going to write a postcard from the beach.,
effort,A2,masculine,esfuerzo,X,,Fuerza física o mental empleada para realizar una tarea.,X,"Con un poco más de esfuerzo, puedes terminarlo hoy.","With a bit more effort, you can finish it today.",
space,A2,masculine,espacio,X,,Extensión disponible o lugar que ocupa algo.,X,Hay mucho espacio en esta habitación.,There is a lot of space in this room.,
sword,A2,feminine,espada,X,,Arma blanca larga con filo y punta.,X,El caballero llevaba una espada de plata.,The knight carried a silver sword.,
special,A2,adjective,especial,X,,"Que no es común, distinto de lo ordinario.",X,Hoy es un día especial para nosotros.,Today is a special day for us.,
mirror,A2,masculine,espejo,X,,Superficie pulida en la que se refleja la imagen.,X,Me miré en el espejo antes de salir.,I looked at myself in the mirror before going out.,
"hope for, expect, wait for",A2,verb,esperar,X,,Aguardar a que algo ocurra o llegue.,X,Tenemos que esperar el autobús unos minutos.,We have to wait a few minutes for the bus.,
wife,A2,feminine,esposa,X,,Mujer unida en matrimonio con su pareja.,X,Su esposa está en la cocina preparando la cena.,His wife is in the kitchen preparing dinner.,
husband,A2,masculine,esposo,X,,Hombre unido en matrimonio con su pareja.,X,Su esposo conduce al trabajo todos los días.,Her husband drives to work every day.,
corner,A2,feminine,esquina,X,,Lugar donde se cruzan dos calles.,X,La tienda está en la esquina.,The shop is on the corner.,
stomach,A2,masculine,estómago,X,,Órgano del abdomen que recibe los alimentos y los digiere.,X,Me duele el estómago.,My stomach hurts.,
sneeze,A2,verb,estornudar,X,,Expulsar aire por la nariz y la boca de manera brusca.,X,"Cuando tengo alergia, empiezo a estornudar mucho.","When I have allergies, I start sneezing a lot.",
study,A2,masculine,estudio,X,,Trabajo intelectual o de investigación sobre un tema.,X,Tengo un estudio pequeño en casa.,I have a small study at home.,
success,A2,masculine,éxito,X,,Resultado positivo de un esfuerzo o proyecto.,X,Su esfuerzo tuvo mucho éxito.,His effort was very successful.,
exterior,A2,adjective,exterior,X,,Que está situado en la parte de fuera.,X,La puerta exterior está cerrada.,The exterior door is closed.,
factory,A2,feminine,fábrica,X,,Lugar donde se fabrican productos en grandes cantidades.,X,La fábrica cierra a las seis de la tarde.,The factory closes at six in the afternoon.,
lack,A2,feminine,falta,X,,Carencia o ausencia de algo necesario.,X,Hay una falta de agua en el pueblo.,There is a lack of water in the village.,
lack,A2,verb,faltar,X,,No estar presente algo que se necesita.,X,Nos va a faltar tiempo para terminar.,We’re going to run out of time to finish.,
pharmacy,A2,feminine,farmacia,X,,Establecimiento donde se venden medicinas y productos de salud.,X,Voy a la farmacia a comprar medicinas.,I’m going to the pharmacy to buy medicine.,
favor,A2,masculine,favor,X,,Ayuda o apoyo que se da a alguien.,X,"¿Puedes hacerme un favor, por favor?","Can you do me a favor, please?",
favorite,A2,adjective,favorito,X,,Preferido sobre los demás.,X,Mi color favorito es el azul.,My favorite color is blue.,
date,A2,feminine,fecha,X,,Día del calendario.,X,Hoy es la fecha del examen.,Today is the date of the exam.,
festival,A2,feminine,festival,X,,Celebración cultural o artística de carácter público.,X,El festival de música empieza mañana en la plaza principal.,The music festival starts tomorrow in the main square.,
noodle,A2,masculine,fideo,X,,Pasta fina y alargada que se cuece en agua.,X,Hoy vamos a comer sopa con fideos.,Today we’re going to eat soup with noodles.,
"holiday, party",A2,feminine,fiesta,X,,Reunión de personas para celebrar algo.,X,La fiesta fue muy divertida y duró hasta tarde.,The party was very fun and lasted until late.,
skinny,A2,adjective,flaco,X,,Que tiene muy poca carne o grasa.,X,Ese chico es muy flaco y alto.,That boy is very thin and tall.,
form,A2,verb,formar,X,,Dar forma o crear algo a partir de un modelo o idea.,X,Vamos a formar un grupo.,Let’s form a group.,
form,A2,masculine,formulario,X,,Documento con espacios para rellenar datos.,X,Rellena el formulario con tus datos.,Fill out the form with your information.,
fry,A2,verb,freír,X,,Cocinar un alimento en aceite caliente.,X,Voy a freír unas patatas para la cena.,I’m going to fry some potatoes for dinner.,
forehead,A2,feminine,frente,X,,"Parte superior de la cara, sobre los ojos y hasta el inicio del cabello.",X,Ella tiene la frente caliente.,She has a warm forehead.,
bean,A2,masculine,frijol,X,LA,"Semilla comestible usada en la cocina, típica en América.",X,Los frijoles están cocidos y listos para servir.,The beans are cooked and ready to serve.,
outside,A2,adverb,fuera,X,,En el exterior de un lugar.,X,Los niños juegan fuera cuando hace buen tiempo.,The children play outside when the weather is good.,
strong,A2,adjective,fuerte,X,,Que tiene gran resistencia física o moral.,X,Mi hermana es una persona muy fuerte.,My sister is a very strong person.,
smoke,A2,verb,fumar,X,,Consumir tabaco encendiéndolo e inhalando el humo.,X,No está permitido fumar en este edificio.,Smoking is not allowed in this building.,
future,A2,masculine,futuro,X,,Tiempo que está por venir.,X,En el futuro quiero vivir en otro país.,"In the future, I want to live in another country.",
winner,A2,masculine,ganador,X,,Persona que obtiene la victoria en un concurso o competición.,X,El ganador del concurso recibió un premio.,The winner of the contest received a prize.,
chickpea,A2,masculine,garbanzo,X,,Legumbre redonda y pequeña usada en guisos.,X,El cocido lleva garbanzo.,The stew has chickpeas.,
throat,A2,feminine,garganta,X,,Conducto interno del cuerpo que comunica la boca con el estómago y los pulmones.,X,Me duele la garganta al tragar.,My throat hurts when I swallow.,
gasoline,A2,feminine,gasolina,X,,Combustible líquido derivado del petróleo.,X,Necesito gasolina para el coche.,I need gas for the car.,
spend,A2,verb,gastar,X,,Emplear dinero o recursos en algo.,X,Voy a gastar poco dinero en las vacaciones.,I’m going to spend little money on the holidays.,
general,A2,adjective,general,X,,Que es común o se aplica a la mayoría.,X,Es un problema general que afecta a muchas personas.,It’s a general problem that affects many people.,
"turn, revolve",A2,verb,girar,X,,Dar vueltas o cambiar de dirección.,X,Tienes que girar a la izquierda en la próxima calle.,You have to turn left at the next street.,
globe,A2,masculine,globo,X,,Objeto esférico lleno de aire o gas.,X,El globo subió al cielo muy rápido.,The balloon rose into the sky very quickly.,
"fat, overweight",A2,adjective,gordo,X,,Que tiene exceso de peso.,X,Ese gato está muy gordo porque come mucho.,That cat is very fat because it eats a lot.,
"thank you, favor",A2,feminine,gracia,X,,Cualidad que hace reír o resulta graciosa.,X,Muchas gracias por tu ayuda.,Thank you very much for your help.,
farm,A2,feminine,granja,X,,Terreno dedicado a la cría de animales o cultivo de plantas.,X,La granja tiene muchos animales y campos verdes.,The farm has many animals and green fields.,
farmer,A2,masculine,granjero,X,,Persona que trabaja en una granja.,X,El granjero trabaja desde muy temprano.,The farmer works from very early in the morning.,
free,A2,adjective,gratis,X,,Que no tiene precio ni coste.,X,La entrada es gratis hoy.,Admission is free today.,
for free,A2,adverb,gratis,X,,Sin coste alguno.,X,Entramos al museo gratis.,We entered the museum for free.,
Greece,A2,feminine,Grecia,X,,País del sureste de Europa con gran relevancia histórica y cultural.,X,Quiero viajar a Grecia en verano.,I want to travel to Greece in the summer.,
Greek,A2,masculine,griego,X,,"Lengua indoeuropea originaria de la antigua Hélade, con una tradición literaria milenaria y con variantes modernas habladas principalmente en Grecia y Chipre.",X,El griego es un idioma muy antiguo.,Greek is a very ancient language.,
Greek,A2,adjective,griego,X,,"Relacionado con el país del sureste de Europa, su cultura o su idioma.",X,Me gusta la comida griega.,I like Greek food.,
glove,A2,masculine,guante,X,,Prenda que cubre la mano para protegerla.,X,Llevo un guante en cada mano.,I’m wearing a glove on each hand.,
"handsome, pretty",A2,adjective,guapo,X,,De aspecto atractivo.,X,Tu amigo es muy guapo.,Your friend is very handsome.,
cool,A2,adjective,guay,X,SP,"Que resulta moderno, atractivo o agradable.",X,Ese chico es muy guay y simpático.,That guy is really cool and friendly.,
"travel guide, guide book",A2,feminine,guía,X,,Persona que conduce a un grupo en un recorrido turístico.,X,Llevamos una guía de viaje para conocer la ciudad.,We brought a travel guide to explore the city.,
guide,A2,noun,guía,X,,Persona que orienta o dirige a otros en un lugar o actividad.,X,La guía explicó la historia del castillo.,The guide explained the history of the castle.,
pea,A2,feminine,guisante,X,SP,Semilla verde comestible que crece en vainas.,X,Los guisantes están en el congelador.,The peas are in the freezer.,
"taste, flavor",A2,masculine,gusto,X,,Sensación de placer al probar o experimentar algo.,X,Este plato tiene un gusto muy especial.,This dish has a very special flavor.,
room,A2,feminine,habitación,X,,Cuarto destinado al descanso en una vivienda o alojamiento.,X,La habitación es pequeña pero cómoda.,The room is small but comfortable.,
need,A2,verb,hacer falta,X,,Ser necesario algo.,X,Hace falta más pan para la cena.,We need more bread for dinner.,
"towards, to",A2,preposition,hacia,X,,Indica dirección o movimiento en sentido a un lugar.,X,Vamos hacia el centro comercial.,We’re heading toward the shopping mall.,
flour,A2,feminine,harina,X,,Polvo obtenido del trigo u otros cereales molidos.,X,Necesitamos más harina para hacer la tarta.,We need more flour to make the cake.,
fact,A2,masculine,hecho,X,,Suceso o acontecimiento que ha ocurrido.,X,Eso es un hecho real.,That is a real fact.,
tool,A2,feminine,herramienta,X,,Objeto que sirve para realizar un trabajo manual.,X,Esta herramienta sirve para arreglar bicicletas.,This tool is used to fix bicycles.,
ice,A2,masculine,hielo,X,,Agua en estado sólido.,X,Hay hielo en la carretera esta mañana.,There’s ice on the road this morning.,
"herb, grass",A2,feminine,hierba,X,,Planta baja y verde que crece en los campos y jardines.,X,Esa hierba se usa en la medicina natural.,That herb is used in natural medicine.,
smoke,A2,masculine,humo,X,,Sustancia gaseosa producida por combustión.,X,Del coche salía mucho humo.,A lot of smoke was coming out of the car.,
idea,A2,feminine,idea,X,,Conjunto de pensamientos u ocurrencias.,X,Tengo una idea para resolver el problema.,I have an idea to solve the problem.,
imagine,A2,verb,imaginar,X,,Formar imágenes mentales de algo inexistente o posible.,X,Puedo imaginar un lugar tranquilo.,I can imagine a quiet place.,
important,A2,adjective,importante,X,,Que tiene relevancia o valor.,X,Es importante descansar bien cada noche.,It’s important to sleep well every night.,
impossible,A2,adjective,imposible,X,,Que no puede realizarse o es muy difícil de lograr.,X,Es imposible terminar todo en un día.,It’s impossible to finish everything in one day.,
information,A2,feminine,información,X,,Conjunto de datos que comunican algo.,X,Busco más información sobre el curso.,I’m looking for more information about the course.,
engineer,A2,masculine,ingeniero,X,,Persona que ejerce la ingeniería.,X,Mi padre es ingeniero.,My father is an engineer.,
innocent,A2,adjective,inocente,X,,Que no tiene maldad ni intención de dañar.,X,El niño parece muy inocente.,The boy seems very innocent.,
toilet,A2,masculine,inodoro,X,,Aparato sanitario usado para evacuar los excrementos.,X,El inodoro no funciona bien.,The toilet doesn’t work properly.,
try,A2,verb,intentar,X,,Probar a hacer algo con intención de lograrlo.,X,Voy a intentar aprender a tocar la guitarra.,I’m going to try to learn to play the guitar.,
leave,A2,verb,irse,X,,Salir de un lugar para irse a otro.,X,Nos vamos de casa a las ocho.,We leave home at eight.,
Japan,A2,masculine,Japón,X,,País insular situado en Asia oriental.,X,Mi amigo quiere viajar a Japón.,My friend wants to travel to Japan.,
garden,A2,masculine,jardín,X,,Terreno con plantas y flores cultivadas.,X,El jardín tiene muchas flores de colores.,The garden has many colorful flowers.,
boss,A2,masculine,jefe,X,,Persona que dirige a un grupo de trabajadores.,X,El jefe quiere hablar contigo.,The boss wants to talk to you.,
young,A2,adjective,joven,X,,De poca edad o reciente.,X,Mi primo es joven pero muy responsable.,My cousin is young but very responsible.,
bean,A2,feminine,judía,X,SP,Legumbre alargada y verde que se come como verdura.,X,Las judías verdes son buenas para la salud.,Green beans are good for your health.,
"just, fair, right",A2,adjective,justo,X,,Que es equitativo o adecuado a la justicia.,X,No es justo que siempre gane el mismo.,It’s not fair that the same person always wins.,
lip,A2,masculine,labio,X,,Cada uno de los pliegues carnosos que rodean la boca.,X,Tiene un labio hinchado.,His lip is swollen.,
wool,A2,feminine,lana,X,,Fibra que recubre el cuerpo de algunos animales y que se utiliza en la fabricación de tejidos.,X,Este jersey es de lana.,This sweater is made of wool.,
"can, tin",A2,feminine,lata,X,,Recipiente de metal usado para conservar alimentos o bebidas.,X,Compré una lata de refresco para el almuerzo.,I bought a can of soda for lunch.,
washing machine,A2,feminine,lavadora,X,,Electrodoméstico que sirve para lavar la ropa automáticamente.,X,La lavadora está en la cocina.,The washing machine is in the kitchen.,
wash,A2,verb,lavarse,X,,Limpiar una parte del cuerpo con agua y jabón.,X,Me lavo las manos antes de cocinar.,I wash my hands before cooking.,
dishwasher,A2,masculine,lavavajillas,X,,Electrodoméstico que lava platos y utensilios de cocina de manera automática.,X,El lavavajillas está lleno de platos.,The dishwasher is full of dishes.,
"to him, to her",A2,pronoun,le,X,,Pronombre de complemento indirecto de tercera persona.,X,Le compré un regalo para su cumpleaños.,I bought him a gift for his birthday.,
reading,A2,feminine,lectura,X,,Acción de leer o resultado de leer un texto.,X,La lectura es mi pasatiempo favorito.,Reading is my favorite hobby.,
"tongue, language",A2,feminine,lengua,X,,"Órgano de la boca que sirve para hablar y saborear, o idioma propio de un pueblo.",X,La lengua francesa es difícil para mí.,The French language is hard for me.,
lentil,A2,feminine,lenteja,X,,Legumbre pequeña y redonda de color marrón o verde.,X,La sopa tiene lenteja y verduras.,The soup has lentils and vegetables.,
"letter, handwriting",A2,feminine,letra,X,,Signo gráfico que representa un sonido en la escritura.,X,Su letra es clara y bonita.,His handwriting is clear and beautiful.,
sign,A2,masculine,letrero,X,,Cartel colocado en un lugar público con palabras o símbolos.,X,Hay un letrero en la puerta.,There’s a sign on the door.,
get up,A2,verb,levantarse,X,,Pasar de estar tumbado a estar de pie o sentado.,X,Me levanto a las siete de la mañana.,I get up at seven in the morning.,
free,A2,adjective,libre,X,,Que no está preso ni sujeto a obligación.,X,Hoy tengo el día libre.,I have the day off today.,
lemonade,A2,feminine,limonada,X,,"Bebida hecha con zumo de limón, agua y azúcar.",X,Quiero una limonada bien fría.,I want a very cold lemonade.,
clean,A2,adjective,limpio,X,,Que no tiene suciedad.,X,La mesa ya está limpia después de comer.,The table is already clean after eating.,
"pretty, cute",A2,adjective,lindo,X,,Que resulta bonito o agradable a la vista.,X,Tu perro es muy lindo.,Your dog is very cute.,
line,A2,feminine,línea,X,,"Trazo continuo y estrecho, real o imaginario, que marca una forma, un límite o una dirección.",X,Esa línea es muy larga.,That line is very long.,
list,A2,feminine,lista,X,,Conjunto de cosas organizadas en orden.,X,Tengo una lista de cosas por hacer.,I have a to-do list.,
ready,A2,adjective,listo,X,,Que está preparado o dispuesto para algo.,X,Estoy listo para salir.,I’m ready to go out.,
rain,A2,verb,llover,X,,Caer agua de las nubes en forma de lluvia.,X,En otoño empieza a llover mucho.,It starts to rain a lot in autumn.,
"it, the",A2,pronoun,lo,X,,Pronombre que sustituye a un complemento directo neutro o masculino.,X,No lo entiendo bien.,I don’t understand it well.,
wolf,A2,masculine,lobo,X,,"Mamífero carnívoro, de la familia de los cánidos, semejante al perro, que vive en manadas.",X,El lobo vive en el bosque.,The wolf lives in the forest.,
crazy,A2,adjective,loco,X,,Que ha perdido la razón o actúa de manera extraña.,X,Está un poco loco pero es buena persona.,He’s a bit crazy but a good person.,
"later, therefore",A2,adverb,luego,X,,"Después, en un momento posterior.",X,Primero vamos al cine y luego a cenar.,First we’ll go to the cinema and then to dinner.,
wood,A2,feminine,madera,X,,Material duro que se obtiene de los árboles.,X,La mesa es de madera.,The table is made of wood.,
"master, teacher",A2,masculine,maestro,X,,Persona que enseña en la escuela.,X,El maestro explica bien la lección.,The teacher explains the lesson well.,
bad,A2,adjective,malo,X,,Que no es bueno o causa daño.,X,Esa película fue muy mala.,That movie was very bad.,
send,A2,verb,mandar,X,,"Enviar algo a alguien, ordenar.",X,Voy a mandar un paquete a mi abuela.,I’m going to send a package to my grandmother.,
peanut,A2,masculine,maní,X,LA,Fruto seco también conocido como cacahuete.,X,"No puedo comer maní, soy alérgico.",I can’t eat peanuts; I’m allergic.,
butter,A2,feminine,mantequilla,X,,Producto graso obtenido de batir la nata de la leche.,X,Prefiero pan con mantequilla en el desayuno.,I prefer bread with butter for breakfast.,
peanut butter,A2,feminine,mantequilla de cacahuete,X,SP,Crema hecha con cacahuetes molidos.,X,Compramos mantequilla de cacahuete en el supermercado.,We bought peanut butter at the supermarket.,
camomile,A2,feminine,manzanilla,X,,Infusión de flores de una planta que se toma como bebida.,X,La manzanilla es buena para el estómago.,Chamomile is good for the stomach.,
machine,A2,feminine,máquina,X,,Aparato o conjunto de piezas que realizan un trabajo.,X,La máquina de café está rota.,The coffee machine is broken.,
husband,A2,masculine,marido,X,,Hombre casado en relación con su esposa.,X,Mi marido trabaja en una oficina.,My husband works in an office.,
hammer,A2,masculine,martillo,X,,"Herramienta de mano con cabeza pesada, normalmente de metal, usada para golpear.",X,Necesito un martillo para colgar el cuadro.,I need a hammer to hang the picture.,
massage,A2,masculine,masaje,X,,Terapia manual que consiste en presionar y frotar el cuerpo.,X,Quiero un masaje en la espalda.,I want a back massage.,
subject,A2,feminine,materia,X,,Sustancia de la que están hechas las cosas; asignatura que se estudia en la escuela.,X,La materia de hoy es matemáticas.,Today’s subject is mathematics.,
majority,A2,feminine,mayoría,X,,Parte mayor de un conjunto.,X,La mayoría votó a favor.,The majority voted in favor.,
midnight,A2,feminine,medianoche,X,,Las doce de la noche; punto medio de la noche.,X,Normalmente me voy a dormir a medianoche cuando termino de estudiar.,I usually go to sleep at midnight when I finish studying.,
medicine,A2,feminine,medicina,X,,Sustancia usada para prevenir o curar enfermedades.,X,Toma la medicina después de las comidas.,Take the medicine after meals.,
measure,A2,feminine,medida,X,,Acción o efecto de medir.,X,Tomaron una medida para reducir el ruido.,They took a measure to reduce the noise.,
midday,A2,masculine,mediodía,X,,Hora del día en que el sol está en lo más alto.,X,Quedamos en el parque al mediodía.,We are meeting in the park at midday.,
"better, best",A2,adjective,mejor,X,,Que supera en cualidades a otro.,X,Esta opción es mejor que la anterior.,This option is better than the previous one.,
improve,A2,verb,mejorar,X,,Hacer que algo se vuelva mejor.,X,Quiero mejorar mi español.,I want to improve my Spanish.,
peach,A2,masculine,melocotón,X,SP,Fruta de piel aterciopelada y pulpa jugosa de color anaranjado.,X,El melocotón está muy maduro.,The peach is very ripe.,
melon,A2,masculine,melón,X,,"Fruta grande, de corteza verde y pulpa dulce.",X,Este melón está muy dulce.,This melon is very sweet.,
"smaller, younger",A2,adjective,menor,X,,De menos edad o de categoría inferior.,X,Mi hermana menor tiene ocho años.,My younger sister is eight years old.,
"less, fewer",A2,adverb,menos,X,,En cantidad inferior.,X,Hoy hay menos gente que ayer.,Today there are fewer people than yesterday.,
menu,A2,masculine,menú,X,,Lista de platos que se ofrecen en un restaurante.,X,El menú del día incluye sopa y carne.,Today’s menu includes soup and meat.,
market,A2,masculine,mercado,X,,Lugar donde se compran y venden productos.,X,Vamos al mercado los sábados por la mañana.,We go to the market on Saturday mornings.,
have a snack,A2,verb,merendar,X,,Tomar una comida ligera por la tarde.,X,Vamos a merendar en casa de mi abuela.,We’re going to have a snack at my grandmother’s house.,
midday snack,A2,feminine,merienda,X,,Comida ligera que se toma entre horas.,X,Tomamos una merienda con pan y queso.,We had a snack with bread and cheese.,
jam,A2,feminine,mermelada,X,,Conserva dulce hecha con fruta y azúcar.,X,Pon un poco de mermelada en el pan.,Put a bit of jam on the bread.,
goal,A2,feminine,meta,X,,Objetivo o fin que se quiere alcanzar.,X,Mi meta es aprender español.,My goal is to learn Spanish.,
subway,A2,masculine,metro,X,,Transporte subterráneo formado por trenes eléctricos.,X,Voy en metro al trabajo todos los días.,I take the subway to work every day.,
meter,A2,masculine,metro,X,,Unidad de longitud equivalente a cien centímetros.,X,El edificio tiene veinte metros de altura.,The building is twenty meters tall.,
fear,A2,masculine,miedo,X,,Sensación de angustia causada por un peligro real o imaginario.,X,Tiene miedo a la oscuridad.,He is afraid of the dark.,
"meanwhile, in the meantime",A2,adverb,mientras tanto,X,,Durante ese tiempo intermedio.,X,"Mientras tanto, prepara los cubiertos.","Meanwhile, set the cutlery.",
thousand,A2,numeral,mil,X,,Número equivalente a diez centenas.,X,Esa casa cuesta mil euros al mes.,That house costs a thousand euros a month.,
million,A2,masculine,millón,X,,Número que equivale a mil veces mil.,X,Hay más de un millón de habitantes en esta ciudad.,There are more than a million inhabitants in this city.,
"same, right, exactly",A2,adjective,mismo,X,,Que es idéntico a otro.,X,Es el mismo problema que tuvimos ayer.,It’s the same problem we had yesterday.,
backpack,A2,feminine,mochila,X,,Bolsa que se lleva en la espalda con correas.,X,Mi mochila está en la silla.,My backpack is on the chair.,
model,A2,masculine,modelo,X,,"Persona que muestra o exhibe algo, o que sirve como ejemplo o patrón.",X,El modelo lleva ropa de verano en el desfile.,The model wears summer clothes in the fashion show.,
modern,A2,adjective,moderno,X,,Que pertenece a la época actual.,X,Este edificio es muy moderno.,This building is very modern.,
wet,A2,adjective,mojado,X,,Que está cubierto de agua o líquido.,X,Mi ropa está mojada por la lluvia.,My clothes are wet from the rain.,
"bother, trouble",A2,verb,molestar,X,,Causar molestia o incomodidad a alguien.,X,No quiero molestar a nadie.,I don’t want to bother anyone.,
mountain,A2,feminine,montaña,X,,Elevación natural de gran altura del terreno.,X,Vamos a subir la montaña este fin de semana.,We’re going to climb the mountain this weekend.,
"lot, heap, pile",A2,masculine,montón,X,,Gran cantidad de algo amontonado.,X,Tengo un montón de libros en casa.,I have a pile of books at home.,
purple,A2,adjective,morado,X,,De color parecido al de la mora.,X,Me gusta tu camiseta morada.,I like your purple shirt.,
fly,A2,feminine,mosca,X,,Insecto pequeño volador que suele resultar molesto.,X,Hay una mosca en la cocina.,There’s a fly in the kitchen.,
mosquito,A2,masculine,mosquito,X,,Insecto volador que se alimenta de sangre.,X,Un mosquito me picó anoche.,A mosquito bit me last night.,
mobile,A2,adjective,móvil,X,,Que se puede trasladar o mover con facilidad.,X,Los ordenadores portátiles son dispositivos móviles.,Laptops are mobile devices.,
cell phone,A2,masculine,móvil,X,SP,Teléfono portátil.,X,He perdido mi móvil en el autobús.,I lost my phone on the bus.,
music,A2,feminine,música,X,,Arte de combinar sonidos de manera agradable.,X,Me gusta la música clásica.,I like classical music.,
nationality,A2,feminine,nacionalidad,X,,Condición legal que une a una persona con un Estado.,X,Mi nacionalidad es española.,My nationality is Spanish.,
swimmer,A2,masculine,nadador,X,,Persona que practica la natación.,X,El nadador ganó tres medallas.,The swimmer won three medals.,
swimming,A2,feminine,natación,X,,Deporte o acción de nadar.,X,La natación es buena para la espalda.,Swimming is good for the back.,
natural,A2,adjective,natural,X,,Que pertenece a la naturaleza o no está modificado.,X,Es un producto natural sin conservantes.,It is a natural product without preservatives.,
nature,A2,feminine,naturaleza,X,,"Conjunto de seres vivos, paisajes y fenómenos naturales.",X,La naturaleza aquí es impresionante.,Nature here is breathtaking.,
necessary,A2,adjective,necesario,X,,Que es imprescindible o hace falta.,X,Es necesario descansar bien.,It’s necessary to rest well.,
need,A2,verb,necesitar,X,,Tener necesidad de algo.,X,Necesito ayuda con esta tarea.,I need help with this task.,
snow,A2,feminine,nieve,X,,Agua congelada que cae del cielo en forma de copos.,X,La nieve cubre las montañas en invierno.,The snow covers the mountains in winter.,
level,A2,masculine,nivel,X,,Grado o altura que alcanza algo en una escala.,X,Estoy en un nivel intermedio de español.,I’m at an intermediate level of Spanish.,
rule,A2,feminine,norma,X,,Regla establecida para regular conductas o actividades.,X,Hay que seguir la norma para evitar errores.,You have to follow the rule to avoid mistakes.,
north,A2,masculine,norte,X,,Punto cardinal opuesto al sur.,X,El viento sopla fuerte en el norte.,The wind blows strong in the north.,
Norway,A2,feminine,Noruega,X,,País europeo cuya capital es Oslo.,X,Noruega es un país muy frío.,Norway is a very cold country.,
"grade, note",A2,feminine,nota,X,,Calificación o apunte escrito breve.,X,Saqué una buena nota en el examen.,I got a good grade on the exam.,
news,A2,feminine,noticia,X,,Información nueva que se comunica sobre un hecho reciente.,X,He leído una noticia interesante en el periódico.,I have read an interesting piece of news in the newspaper.,
ninth,A2,adjective,noveno,X,,Que ocupa el lugar número nueve en una serie.,X,Vivo en el noveno piso del edificio.,I live on the ninth floor of the building.,
nut,A2,masculine,nuez,X,,Fruto seco de cáscara dura con una semilla comestible.,X,Voy a comer una nuez después de cenar.,I’m going to eat a walnut after dinner.,
number,A2,masculine,número,X,,Signo o conjunto de signos que expresan una cantidad.,X,Ese número es muy fácil de recordar.,That number is very easy to remember.,
"objective, target",A2,masculine,objetivo,X,,Meta o fin que se quiere alcanzar.,X,Nuestro objetivo es terminar el proyecto.,Our objective is to finish the project.,
object,A2,masculine,objeto,X,,Cosa material perceptible por los sentidos.,X,El objeto está sobre la mesa.,The object is on the table.,
ocean,A2,masculine,océano,X,,Gran masa de agua salada que cubre gran parte de la Tierra.,X,El océano es muy profundo.,The ocean is very deep.,
eighth,A2,adjective,octavo,X,,Que ocupa el lugar número ocho en una serie.,X,Llegamos en el octavo lugar del concurso.,We finished in eighth place in the contest.,
offer,A2,feminine,oferta,X,,Propuesta de algo con condiciones ventajosas.,X,Esa oferta es muy buena.,That offer is very good.,
office,A2,feminine,oficina,X,,Lugar de trabajo administrativo.,X,Trabajo en una oficina en el centro.,I work in an office downtown.,
offer,A2,verb,ofrecer,X,,Dar algo a alguien voluntariamente.,X,Voy a ofrecer mi ayuda.,I’m going to offer my help.,
olive,A2,feminine,oliva,X,,Fruto del olivo del que se extrae aceite.,X,La ensalada lleva tomate y oliva.,The salad has tomato and olive.,
odor,A2,masculine,olor,X,,Sensación percibida por el sentido del olfato.,X,Hay un olor agradable en la cocina.,There is a pleasant smell in the kitchen.,
forget,A2,verb,olvidar,X,,Dejar de tener en la memoria.,X,No quiero olvidar tu cumpleaños.,I don’t want to forget your birthday.,
opportunity,A2,feminine,oportunidad,X,,Circunstancia que permite hacer algo.,X,Tengo una oportunidad de trabajar en Madrid.,I have an opportunity to work in Madrid.,
computer,A2,masculine,ordenador,X,SP,"Máquina electrónica para procesar información, ordenador.",X,Mi ordenador es muy rápido.,My computer is very fast.,
gold,A2,masculine,oro,X,,Metal precioso de color amarillo brillante.,X,Este anillo es de oro.,This ring is made of gold.,
"autumn, fall",A2,masculine,otoño,X,,Estación del año entre verano e invierno.,X,"En otoño, las hojas cambian de color.","In autumn, the leaves change color.",
sheep,A2,feminine,oveja,X,,"Animal doméstico de cuatro patas criado para obtener leche, carne o fibras.",X,En el campo hay muchas ovejas.,In the countryside there are many sheep.,
paella,A2,feminine,paella,X,,"Plato típico español de arroz con mariscos, carne o verduras.",X,Vamos a comer una paella este domingo.,We’re going to eat paella this Sunday.,
landscape,A2,masculine,paisaje,X,,Extensión de terreno natural que se percibe a la vista.,X,El paisaje es muy bonito.,The landscape is very beautiful.,
shovel,A2,feminine,pala,X,,Herramienta plana y ancha que sirve para cavar o mover tierra.,X,Necesito una pala para recoger las hojas.,I need a shovel to gather the leaves.,
palace,A2,masculine,palacio,X,,"Residencia grande y lujosa, propia de reyes o nobles.",X,El palacio está abierto al público los sábados.,The palace is open to the public on Saturdays.,
panda,A2,masculine,panda,X,,"Animal mamífero herbívoro originario de China, de pelaje blanco y negro.",X,El panda come bambú en el zoológico.,The panda eats bamboo in the zoo.,
screen,A2,feminine,pantalla,X,,Superficie en la que se proyectan imágenes o se muestran datos.,X,La pantalla del televisor es muy grande.,The TV screen is very large.,
potato,A2,feminine,papa,X,LA,Tubérculo comestible también llamado patata.,X,¿Me pegas una papa al puré?,Can you mash a potato for me?,
package,A2,masculine,paquete,X,,Conjunto envuelto de cosas para enviar o transportar.,X,Llegó un paquete para ti esta mañana.,A package arrived for you this morning.,
forever,A2,adverb,para siempre,X,,De manera eterna o sin final.,X,Te querré para siempre.,I will love you forever.,
"stop, station",A2,feminine,parada,X,,Lugar donde se detienen vehículos de transporte público.,X,La próxima parada es el centro.,The next stop is downtown.,
"couple, pair, match",A2,feminine,pareja,X,,Conjunto de dos personas unidas por una relación.,X,Compraron una pareja de zapatos nuevos.,They bought a pair of new shoes.,
relative,A2,noun,pariente,X,,Persona que pertenece a la misma familia.,X,Mi pariente vive en otra ciudad.,My relative lives in another city.,
part,A2,feminine,parte,X,,Porción de un todo.,X,La parte superior está dañada.,The upper part is damaged.,
passport,A2,masculine,pasaporte,X,,Documento oficial para viajar entre países.,X,Necesito mi pasaporte para viajar.,I need my passport to travel.,
hallway,A2,masculine,pasillo,X,,Corredor largo y estrecho dentro de un edificio.,X,El pasillo es largo y estrecho.,The hallway is long and narrow.,
step,A2,masculine,paso,X,,Movimiento al andar o acción de avanzar.,X,Dimos un paso adelante en el proyecto.,We took a step forward in the project.,
"pasta, paste",A2,feminine,pasta,X,,"Masa alimenticia hecha con harina, agua y otros ingredientes.",X,Me gusta la pasta con salsa de tomate.,I like pasta with tomato sauce.,
cake,A2,masculine,pastel,X,,"Dulce hecho con harina, huevos, azúcar y otros productos.",X,Compré un pastel para tu cumpleaños.,I bought a cake for your birthday.,
yard,A2,masculine,patio,X,,Espacio descubierto de una casa o edificio.,X,El patio trasero tiene muchas plantas.,The backyard has many plants.,
"chest, breast",A2,masculine,pecho,X,,Parte delantera y superior del tronco humano.,X,Me duele el pecho al correr.,My chest hurts when I run.,
piece,A2,masculine,pedazo,X,,Porción separada de un cuerpo o de una cosa.,X,Quiero un pedazo de pastel.,I want a piece of cake.,
order,A2,masculine,pedido,X,,Encargo de algo que se quiere recibir.,X,El pedido llegará a tu casa en tres días.,The order will arrive at your house in three days.,
"order, ask for",A2,verb,pedir,X,,Solicitar algo de manera formal o informal.,X,"¿Puedes pedirme una bebida, por favor?","Can you order me a drink, please?",
paste,A2,verb,pegar,X,,Unir una cosa a otra mediante contacto fuerte.,X,Voy a pegar las fotos en el cuaderno.,I'm going to stick the photos in my notebook.,
comb,A2,verb,peinarse,X,,Arreglarse el cabello con un peine.,X,Ella se peina frente al espejo.,She combs her hair in front of the mirror.,
ball,A2,feminine,pelota,X,,Esfera usada en juegos y deportes.,X,La niña lanza la pelota al perro.,The girl throws the ball to the dog.,
"excuse me, sorry",A2,interjection,perdón,X,,Expresión de cortesía para disculparse.,X,"Perdón, ¿dónde está el baño?","Excuse me, where is the bathroom?",
forgive,A2,verb,perdonar,X,,Perdonar a alguien una falta o error.,X,Quiero perdonar a mi hermano por lo que hizo.,I want to forgive my brother for what he did.,
character,A2,masculine,personaje,X,,"Figura en una obra literaria, artística o cinematográfica.",X,Ese personaje es muy divertido en la serie.,That character is very funny in the series.,
weigh,A2,verb,pesar,X,,Tener determinado peso o masa.,X,Voy a pesar las frutas en la balanza.,I'm going to weigh the fruits on the scale.,
fish,A2,masculine,pescado,X,,Alimento procedente de un pez cocinado.,X,El pescado fresco estaba delicioso.,The fresh fish was delicious.,
fish,A2,verb,pescar,X,,Atrapar peces.,X,Vamos a pescar en el lago este fin de semana.,We’re going fishing at the lake this weekend.,
weight,A2,masculine,peso,X,,Medida de la masa de un cuerpo.,X,El bebé ha ganado mucho peso.,The baby has gained a lot of weight.,
spicy,A2,adjective,picante,X,,Que produce sensación de calor en la boca.,X,La salsa está muy picante.,The sauce is very spicy.,
piñata,A2,feminine,piñata,X,,Recipiente decorado que se llena de dulces y se rompe en celebraciones.,X,Hoy rompimos una piñata en la fiesta.,Today we broke a piñata at the party.,
pee,A2,masculine,pis,X,,"Orina, especialmente en lenguaje infantil.",X,El niño hace pis antes de dormir.,The child pees before going to bed.,
pool,A2,feminine,piscina,X,,Lugar artificial con agua para bañarse o nadar.,X,La piscina está abierta todo el verano.,The pool is open all summer.,
"floor, apartment",A2,masculine,piso,X,SP,Cada una de las plantas de un edificio.,X,Vivo en un piso céntrico.,I live in a central apartment.,
plant,A2,verb,plantar,X,,Colocar una planta en la tierra para que crezca.,X,Vamos a plantar un árbol en el jardín.,We’re going to plant a tree in the garden.,
silver,A2,feminine,plata,X,,Metal precioso de color gris brillante.,X,La pulsera es de plata auténtica.,The bracelet is made of genuine silver.,
"little by little, bit by bit, step by step, gradually",A2,adverb,poco a poco,X,,De manera progresiva y lenta.,X,"Poco a poco, todo mejora.","Little by little, everything gets better.",
pole,A2,masculine,polo,X,,Región situada alrededor del polo norte o sur.,X,El polo norte está cubierto de hielo.,The North Pole is covered in ice.,
put,A2,verb,poner,X,,Colocar algo en un lugar determinado.,X,Puedes poner el libro en la mesa.,You can put the book on the table.,
tiny,A2,adjective,poquito,X,,De muy poca cantidad.,X,"Solo quiero un poquito de agua, gracias.","I only want a little bit of water, thanks.",
possible,A2,adjective,posible,X,,Que puede ocurrir o realizarse.,X,¿Es posible terminar el trabajo hoy?,Is it possible to finish the work today?,
postcard,A2,feminine,postal,X,,Tarjeta ilustrada que se envía como recuerdo.,X,Escribí una postal desde la playa.,I wrote a postcard from the beach.,
practice,A2,verb,practicar,X,,Ejercitar una actividad para mejorar en ella.,X,Me gusta practicar deportes a diario.,I like practicing sports daily.,
precious,A2,adjective,precioso,X,,Que tiene gran belleza o valor.,X,Ese anillo es muy precioso.,That ring is very precious.,
prefer,A2,verb,preferir,X,,Tener preferencia por una cosa frente a otra.,X,Prefiero el té al café.,I prefer tea to coffee.,
ask,A2,verb,preguntar,X,,Formular una cuestión para obtener información.,X,¿Me puedes preguntar la dirección de la fiesta?,Can you ask me the address of the party?,
"preoccupation, worry",A2,feminine,preocupación,X,,Inquietud o temor por algo.,X,Tengo una preocupación por mi salud.,I’m worried about my health.,
prepare,A2,verb,preparar,X,,Preparar algo para un fin determinado.,X,Voy a preparar la cena para todos.,I’m going to prepare dinner for everyone.,
presént,A2,verb,presentar,X,,Dar a conocer a alguien o algo.,X,Hoy voy a presentar mi proyecto en clase.,Today I am going to present my project in class.,
lend,A2,verb,prestar,X,,Dar algo a alguien para que lo use y lo devuelva.,X,Voy a prestarte mi libro de historia.,I’m going to lend you my history book.,
princess,A2,feminine,princesa,X,,Hija de un rey o reina.,X,La princesa vive en un castillo.,The princess lives in a castle.,
prince,A2,masculine,príncipe,X,,Hijo de un rey o reina.,X,El príncipe es muy valiente.,The prince is very brave.,
beginner,A2,noun,principiante,X,,Persona que comienza a aprender o realizar una actividad.,X,El principiante necesita practicar más para mejorar.,The beginner needs to practice more to improve.,
promise,A2,feminine,promesa,X,,Compromiso que alguien asume de cumplir algo.,X,Hice una promesa a mi mejor amigo.,I made a promise to my best friend.,
promise,A2,verb,prometer,X,,Hacer un compromiso verbal o escrito.,X,Voy a prometer que siempre diré la verdad.,I’m going to promise that I’ll always tell the truth.,
next,A2,adjective,próximo,X,,Que está cerca en el tiempo o en el espacio.,X,El próximo tren llega a las ocho.,The next train arrives at eight o’clock.,
project,A2,masculine,proyecto,X,,Plan o conjunto de actividades a realizar.,X,Tenemos un proyecto importante este mes.,We have an important project this month.,
proof,A2,feminine,prueba,X,,Examen o ejercicio para comprobar conocimientos o capacidades.,X,Necesito una prueba para confirmar la reserva.,I need proof to confirm the reservation.,
public,A2,adjective,público,X,,Que pertenece a la colectividad o es accesible a todos.,X,Uso el transporte público todos los días.,I use public transportation every day.,
bridge,A2,masculine,puente,X,,Construcción que une dos lugares separados por agua o terreno.,X,Cruzamos el puente para llegar al mercado.,We crossed the bridge to get to the market.,
port,A2,masculine,puerto,X,,Lugar donde atracan los barcos.,X,El barco sale del puerto a las diez.,The boat leaves the port at ten.,
"then, well then",A2,conjunction,pues,X,,Introduce consecuencia o explicación.,X,"¿Quieres chocolate? —Pues sí, por favor.","Do you want chocolate? — Well yes, please.",
bracelet,A2,feminine,pulsera,X,,Adorno en forma de aro que se lleva en la muñeca.,X,Me regalaron una pulsera de plata.,They gave me a silver bracelet.,
burn,A2,verb,quemar,X,,Consumir algo con fuego o calor excesivo.,X,Ten cuidado de no quemar la comida.,Be careful not to burn the food.,
root,A2,feminine,raíz,X,,Parte subterránea de una planta que la fija al suelo y absorbe nutrientes.,X,La raíz del árbol está expuesta.,The tree root is exposed.,
quickly,A2,adverb,rápidamente,X,,De forma veloz o en poco tiempo.,X,Corro rápidamente al colegio.,I run quickly to school.,
"strange, odd, rare",A2,adjective,raro,X,,Que es extraño o poco común.,X,Me parece raro ese comportamiento.,That behavior seems strange to me.,
while,A2,masculine,rato,X,,Espacio corto de tiempo.,X,Hablamos un rato después de clase.,We chatted for a while after class.,
reason,A2,feminine,razón,X,,Motivo o causa de algo.,X,¿Cuál es la razón de tu retraso?,What is the reason for your delay?,
real,A2,adjective,real,X,,Que existe verdaderamente o no es imaginario.,X,Ese documental es muy real.,That documentary is very real.,
"prescription, recipe",A2,feminine,receta,X,,Indicaciones para preparar un plato de cocina.,X,Sigue la receta al pie de la letra.,Follow the recipe to the letter.,
"pick up, fetch",A2,verb,recoger,X,,"Reunir, juntar o tomar algo de un lugar.",X,¿Puedes recoger mis libros de la biblioteca?,Can you pick up my books from the library?,
remember,A2,verb,recordar,X,,Traer de nuevo a la memoria algo olvidado.,X,Voy a recordar lo que dijiste.,I’m going to remember what you said.,
memory,A2,masculine,recuerdo,X,,Memoria o cosa que recuerda a un momento pasado.,X,Tengo un recuerdo de ese viaje.,I have a memory from that trip.,
"return, get back",A2,verb,regresar,X,,Volver a un lugar del que se ha salido.,X,Mañana regreso del viaje a mediodía.,Tomorrow I return from the trip at midday.,
queen,A2,feminine,reina,X,,Mujer que gobierna un reino o esposa de un rey.,X,La reina habla con el pueblo desde el balcón.,The queen speaks to the people from the balcony.,
"relationship, relation",A2,feminine,relación,X,,Vínculo entre personas o cosas.,X,Su relación es muy fuerte.,Their relationship is very strong.,
repair,A2,verb,reparar,X,,Arreglar algo que está roto o estropeado.,X,Voy a reparar la lámpara.,I’m going to repair the lamp.,
repeat,A2,verb,repetir,X,,Volver a decir o hacer algo.,X,¿Puedes repetir lo que dijiste?,Can you repeat what you said?,
respect,A2,verb,respetar,X,,Tratar a alguien con consideración y respeto.,X,Es importante respetar a los demás.,It’s important to respect others.,
"answer, reply",A2,verb,responder,X,,Dar respuesta a una pregunta o situación.,X,¿Puedes responder a mi mensaje?,Can you reply to my message?,
"response, answer",A2,feminine,respuesta,X,,Contestación a una pregunta.,X,Su respuesta llegó rápidamente.,Their response arrived quickly.,
"rest, remainder",A2,masculine,resto,X,,Parte sobrante de un todo.,X,Comimos el resto de la pizza.,We ate the rest of the pizza.,
king,A2,masculine,rey,X,,Hombre que gobierna un reino.,X,El rey vive en un palacio muy antiguo.,The king lives in a very old palace.,
rich,A2,adjective,rico,X,,Que tiene mucho valor en sabor o en recursos.,X,Ese pastel está muy rico.,That cake is very tasty.,
"ridiculous, ludicrous",A2,adjective,ridículo,X,,Que resulta absurdo o poco serio.,X,Es ridículo pensar que todo se arreglará solo.,It’s ridiculous to think that everything will fix itself.,
rock,A2,feminine,roca,X,,Piedra grande y dura.,X,La roca junto al río es enorme.,The rock by the river is enormous.,
pink,A2,adjective,rosa,X,,De color semejante al de la flor del rosal.,X,Mi camiseta favorita es de color rosa.,My favorite T-shirt is pink.,
broken,A2,adjective,roto,X,,Que está dañado o no entero.,X,El vaso está roto en el suelo.,The glass is broken on the floor.,
"wheel, circle",A2,feminine,rueda,X,,Objeto circular que gira y permite el movimiento de vehículos y máquinas.,X,La rueda de la bici está pinchada.,The bike wheel is flat.,
route,A2,feminine,ruta,X,,Camino o itinerario que se sigue para ir de un lugar a otro.,X,La ruta más corta pasa por el centro del pueblo.,The shortest route goes through the town center.,
routine,A2,feminine,rutina,X,,Costumbre o hábito que se repite regularmente.,X,Mi rutina empieza a las ocho.,My routine starts at eight.,
flavor,A2,masculine,sabor,X,,Sensación que producen los alimentos al ser degustados.,X,Este queso tiene buen sabor.,This cheese has a good flavor.,
tasty,A2,adjective,sabroso,X,,Que tiene buen gusto al comerlo.,X,El pastel está muy sabroso.,The cake is very tasty.,
sausage,A2,feminine,salchicha,X,,Embutido alargado hecho con carne picada.,X,Comimos salchicha con pan en la cena.,We ate sausage with bread for dinner.,
living room,A2,masculine,salón,X,,Habitación grande para reuniones o actividades en una casa o edificio.,X,El salón es amplio y luminoso.,The living room is spacious and bright.,
"save, rescue",A2,verb,salvar,X,,Rescatar a alguien o algo de un peligro.,X,Voy a salvar a ese gatito.,I’m going to save that kitten.,
blood,A2,feminine,sangre,X,,Líquido rojo que circula por las venas y arterias.,X,Hay sangre en la camiseta.,There’s blood on the shirt.,
healthy,A2,adjective,sano,X,,Que tiene buena salud.,X,Comer fruta y verdura es bueno para mantenerse sano.,Eating fruit and vegetables is good for staying healthy.,
holy,A2,adjective,santo,X,,Que es sagrado o venerado por la religión.,X,La capilla es un lugar santo.,The chapel is a holy place.,
dryer,A2,feminine,secadora,X,,Electrodoméstico que sirve para secar la ropa.,X,La secadora no funciona hoy.,The dryer is not working today.,
dry,A2,verb,secar,X,,Quitar la humedad de una cosa.,X,Debes secar los platos después de lavarlos.,You must dry the dishes after washing them.,
dry,A2,adjective,seco,X,,Que carece de humedad.,X,El verano en el sur es muy seco.,The summer in the south is very dry.,
secretary,A2,feminine,secretaria,X,,Mujer que trabaja en tareas administrativas.,X,La secretaria escribe las cartas muy rápido.,The secretary writes letters very quickly.,
secretary,A2,masculine,secretario,X,,Hombre que trabaja en tareas administrativas.,X,El secretario organiza las reuniones del jefe.,The secretary organizes the boss’s meetings.,
surely,A2,adverb,seguro,X,,"Con certeza, sin duda.",X,Seguro que viene a la fiesta.,He’s surely coming to the party.,
"safe, sure",A2,adjective,seguro,X,,Que ofrece confianza o protección.,X,El casco es seguro para montar.,The helmet is safe for riding.,
traffic light,A2,masculine,semáforo,X,,Señal luminosa que regula el tráfico de vehículos y peatones.,X,"El semáforo está en rojo, no pases.","The traffic light is red, don’t cross.",
seed,A2,feminine,semilla,X,,Parte de una planta que da origen a una nueva planta.,X,Planta una semilla en la maceta.,Plant a seed in the pot.,
"sign, signal",A2,feminine,señal,X,,Indicación o signo que informa o advierte algo.,X,La señal indica la dirección correcta.,The sign indicates the correct direction.,
sit down,A2,verb,sentarse,X,,Doblar las rodillas y bajar el cuerpo para descansar en una superficie.,X,Nos sentamos en la terraza a tomar café.,We sit on the terrace to have coffee.,
sense,A2,masculine,sentido,X,,Percepción que se tiene a través de los sentidos.,X,No tiene sentido discutir por eso.,There’s no point in arguing about that.,
feeling,A2,masculine,sentimiento,X,,Estado de ánimo o emoción profunda.,X,Tengo un sentimiento de felicidad hoy.,I have a feeling of happiness today.,
feel,A2,verb,sentirse,X,,Experimentar un estado físico o emocional.,X,Me siento cansado después de correr.,I feel tired after running.,
seventh,A2,adjective,séptimo,X,,Que ocupa el lugar número siete en una serie.,X,Es el séptimo capítulo del libro.,It’s the seventh chapter of the book.,
serious,A2,adjective,serio,X,,Que es formal y no tiene aspecto alegre.,X,Este asunto es muy serio.,This matter is very serious.,
snake,A2,feminine,serpiente,X,,Reptil alargado sin patas.,X,Vi una serpiente en el camino del bosque.,I saw a snake on the forest path.,
sixth,A2,adjective,sexto,X,,Que ocupa el lugar número seis en una serie.,X,Mi clase está en el sexto aula.,My class is in the sixth classroom.,
afternoon nap,A2,feminine,siesta,X,,Sueño corto que se hace después de comer al mediodía.,X,"Después de comer, tomo una siesta.","After eating, I take a nap.",
silence,A2,masculine,silencio,X,,Ausencia de ruido o de palabras.,X,En la sala había un silencio total.,There was total silence in the room.,
"nice, kind, pleasant, sympathetic",A2,adjective,simpático,X,,Que resulta agradable y amable en el trato.,X,Es una persona muy simpática.,He is a very friendly person.,
but,A2,conjunction,sino,X,,Conector que introduce una idea que corrige o contrasta con la anterior.,X,"No fuimos al cine, sino al teatro.","We didn’t go to the cinema, but rather to the theater.",
site,A2,masculine,sitio,X,,Lugar o espacio determinado.,X,El sitio donde nací es muy bonito.,The place where I was born is very beautiful.,
envelope,A2,masculine,sobre,X,,Envoltorio de papel o cartón que contiene algo.,X,Puse la carta en un sobre.,I put the letter in an envelope.,
"sole, only",A2,adverb,solo,X,,"Sin compañía, únicamente.",X,Solo quiero descansar un rato.,I only want to rest for a while.,
"shade, shadow",A2,feminine,sombra,X,,Área oscura producida por la falta de luz detrás de un objeto.,X,Busca sombra bajo el árbol.,Seek shade under the tree.,
dream,A2,verb,soñar,X,,Representar imágenes en la mente mientras se duerme.,X,Anoche soñé con mi infancia.,Last night I dreamed about my childhood.,
sound,A2,masculine,sonido,X,,Vibración que se percibe por el oído.,X,El sonido del mar me relaja.,The sound of the sea relaxes me.,
surprise,A2,verb,sorprender,X,,Causar asombro a alguien.,X,Voy a sorprenderla con un regalo.,I’m going to surprise her with a gift.,
surprise,A2,feminine,sorpresa,X,,Impresión causada por algo inesperado.,X,Fue una sorpresa muy agradable.,It was a very pleasant surprise.,
"soft, smooth",A2,adjective,suave,X,,Que es blando o agradable al tacto.,X,La manta es muy suave.,The blanket is very soft.,
"rise, go up, upload",A2,verb,subir,X,,Pasar de un lugar a otro en dirección hacia arriba.,X,Vamos a subir las escaleras hasta el segundo piso.,We are going to go up the stairs to the second floor.,
"happen, follow",A2,verb,suceder,X,,Ocurrir un hecho o acontecimiento.,X,Sucede algo extraño en ese lugar.,Something strange is happening in that place.,
"ground, soil",A2,masculine,suelo,X,,Superficie sólida sobre la que se camina.,X,El suelo está mojado por la lluvia.,The ground is wet from the rain.,
"sleep, dream",A2,masculine,sueño,X,,Acto de dormir o las imágenes que se ven mientras se duerme.,X,Tuve un sueño muy raro anoche.,I had a very strange dream last night.,
luck,A2,feminine,suerte,X,,Circunstancia favorable que ocurre por azar.,X,Tengo suerte con mis amigos.,I’m lucky with my friends.,
plank,A2,feminine,tabla,X,,Tabla de madera u otro material plana y delgada.,X,Pon la tabla sobre la mesa.,Put the plank on the table.,
such a,A2,adjective,tal,X,,De esa clase o tipo.,X,¡Tal oportunidad no se repite!,Such an opportunity doesn’t come around again!,
workshop,A2,masculine,taller,X,,Lugar donde se realizan trabajos manuales o técnicos.,X,Vamos a un taller de pintura esta tarde.,We’re going to a painting workshop this afternoon.,
so,A2,adjective,tanto,X,,En gran cantidad o intensidad.,X,Tengo tanto trabajo estos días.,I have so much work these days.,
"task, assignment",A2,feminine,tarea,X,,Deber o trabajo que se ha de realizar.,X,Tengo una tarea de matemáticas.,I have a math assignment.,
bowl,A2,masculine,tazón,X,,"Recipiente hondo sin asa, parecido a un cuenco.",X,El tazón está lleno de sopa.,The bowl is full of soup.,
"theater, theatre",A2,masculine,teatro,X,,Arte de la representación dramática; edificio donde se representan obras.,X,El sábado vamos al teatro con unos amigos para ver una comedia.,On Saturday we’re going to the theater with some friends to see a comedy.,
keyboard,A2,masculine,teclado,X,,Conjunto de teclas que se utilizan para escribir en un ordenador u otro aparato.,X,Uso el teclado para escribir.,I use the keyboard to type.,
television,A2,masculine,televisor,X,,Aparato que recibe y muestra imágenes de televisión.,X,Compré un televisor nuevo.,I bought a new television.,
temple,A2,masculine,templo,X,,Edificio religioso donde se realizan ceremonias.,X,Visitamos un templo muy antiguo.,We visited a very old temple.,
sneaker,A2,masculine,tenis,X,,Deporte practicado con raqueta y pelota sobre una pista.,X,Mis tenis están sucios.,My sneakers are dirty.,
tennis,A2,masculine,tenis,X,,Deporte que se juega golpeando una pelota con raquetas a través de una red.,X,El tenis es un deporte muy divertido.,Tennis is a very fun sport.,
"finish, complete",A2,verb,terminar,X,,Poner fin a algo.,X,Vamos a terminar el proyecto esta semana.,We’re going to finish the project this week.,
beef,A2,feminine,ternera,X,,"Carne de la vaca joven, utilizada como alimento.",X,Vamos a preparar ternera con patatas.,We’re going to make beef with potatoes.,
terrible,A2,adjective,terrible,X,,Que causa gran temor o es muy malo.,X,La película fue terrible.,The film was terrible.,
text,A2,masculine,texto,X,,Conjunto de palabras con sentido escrito.,X,El profesor nos dio un texto para leer.,The teacher gave us a text to read.,
scissors,A2,feminine,tijeras,X,,"Instrumento de dos hojas cortantes que se cruzan, usado para cortar.",X,Las tijeras están en el cajón.,The scissors are in the drawer.,
"type, kind",A2,masculine,tipo,X,,Clase o categoría de algo o alguien.,X,Ese tipo de música me gusta.,I like that kind of music.,
throw,A2,verb,tirar,X,,Lanzar algo con la mano.,X,No debes tirar basura en la calle.,You shouldn't throw trash on the street.,
ankle,A2,masculine,tobillo,X,,Articulación que une la pierna con el pie.,X,Me torcí el tobillo ayer.,I twisted my ankle yesterday.,
"still, yet, even",A2,adverb,todavía,X,,"Todavía en el presente, no terminado.",X,Todavía no he comido hoy.,I haven’t eaten yet today.,
storm,A2,feminine,tormenta,X,,"Fenómeno atmosférico con lluvia, viento y truenos.",X,La tormenta llegó con lluvia intensa.,The storm arrived with heavy rain.,
bull,A2,masculine,toro,X,,Animal macho de la especie bovina.,X,El toro está en el corral.,The bull is in the corral.,
"tart, pie",A2,feminine,torta,X,,"Alimento elaborado con harina, cocinado en el horno o sartén.",X,Preparé una torta de manzana.,I made an apple cake.,
cough,A2,feminine,tos,X,,Expulsión brusca de aire desde los pulmones.,X,La tos no me deja dormir por la noche.,The cough doesn’t let me sleep at night.,
cough,A2,verb,toser,X,,Expulsar aire por la boca y la nariz de forma ruidosa.,X,"Si estás enfermo, puedes toser mucho.","If you’re sick, you can cough a lot.",
traffic,A2,masculine,tráfico,X,,Conjunto de vehículos que circulan por una vía.,X,Hay mucho tráfico esta mañana.,There’s a lot of traffic this morning.,
calm,A2,adjective,tranquilo,X,,Que transmite calma y serenidad.,X,Estoy tranquilo en casa.,I feel calm at home.,
"transportation, transport",A2,masculine,transporte,X,,Sistema para trasladar personas o mercancías.,X,El transporte público es rápido.,Public transport is fast.,
gut,A2,feminine,tripa,X,,Parte blanda del abdomen.,X,Me duele un poco la tripa.,My stomach hurts a little.,
sad,A2,adjective,triste,X,,Que experimenta tristeza o pena.,X,Estoy triste porque no voy al concierto.,I’m sad because I’m not going to the concert.,
sadness,A2,feminine,tristeza,X,,Sentimiento de dolor o aflicción.,X,Siento tristeza al ver esa película.,I feel sadness when watching that movie.,
fingernail,A2,feminine,uña,X,,Lámina córnea que cubre la parte superior de los dedos de las manos y pies.,X,Se pintó la uña de rojo.,She painted her fingernail red.,
"only, unique, sole",A2,adjective,único,X,,Que es uno solo o distinto de los demás.,X,Eres mi único amigo en esta ciudad.,You are my only friend in this city.,
unite,A2,verb,unir,X,,Poner dos o más cosas juntas o relacionarlas.,X,Vamos a unir nuestras ideas en un solo proyecto.,Let’s unite our ideas in a single project.,
university,A2,feminine,universidad,X,,Centro de enseñanza superior donde se cursan estudios avanzados.,X,Estudia medicina en la universidad.,She studies medicine at the university.,
useful,A2,adjective,útil,X,,Que sirve o es provechoso para algo.,X,Este consejo me fue muy útil para preparar la entrevista.,This advice was very useful to prepare for the interview.,
"mean, be worth",A2,verb,valer,X,,Tener determinado valor o utilidad.,X,Este libro vale mucho para mí.,This book means a lot to me.,
valley,A2,masculine,valle,X,,Terreno llano y ancho situado entre montañas o colinas.,X,El valle tiene muchas flores.,The valley has many flowers.,
various,A2,adjective,varios,X,,"Más de uno, pero no muchos.",X,He visitado varios países de Europa.,I’ve visited several countries in Europe.,
vehicle,A2,masculine,vehículo,X,,"Medio de transporte, generalmente con motor y ruedas.",X,Ese vehículo es muy rápido y moderno.,That vehicle is very fast and modern.,
sell,A2,verb,vender,X,,Dar algo a cambio de dinero.,X,Quiero vender mi bicicleta vieja.,I want to sell my old bicycle.,
"true, real",A2,adjective,verdadero,X,,Que es real o cierto.,X,"Esa historia es verdadera, lo leí en el periódico.","That story is true, I read it in the newspaper.",
vegetable,A2,feminine,verdura,X,,Conjunto de plantas que se consumen como alimento.,X,Compramos verdura fresca en el mercado.,We buy fresh vegetables at the market.,
dress,A2,masculine,vestido,X,,Prenda que cubre el cuerpo desde los hombros hasta las piernas.,X,Me gusta tu vestido nuevo.,I like your new dress.,
"wear, dress",A2,verb,vestir,X,,Ponerse ropa.,X,Voy a vestir ropa cómoda hoy.,I’m going to wear comfortable clothes today.,
get dressed,A2,verb,vestirse,X,,Ponerse ropa en el cuerpo.,X,Me visto rápido porque tengo prisa.,I get dressed quickly because I am in a hurry.,
travel,A2,verb,viajar,X,,Desplazarse de un lugar a otro por medios de transporte.,X,Nos encanta viajar en verano.,We love traveling in summer.,
voyage,A2,masculine,viaje,X,,Recorrido de un lugar a otro.,X,Nuestro viaje a Italia fue inolvidable.,Our trip to Italy was unforgettable.,
traveler,A2,masculine,viajero,X,,Persona que viaja.,X,El viajero toma muchas fotos.,The traveler takes many photos.,
wind,A2,masculine,viento,X,,Corriente de aire producida en la atmósfera.,X,El viento sopla muy fuerte esta tarde.,The wind is blowing very strongly this afternoon.,
vinegar,A2,masculine,vinagre,X,,Líquido agrio producido a partir del vino fermentado.,X,Le puso un poco de vinagre a la ensalada.,He added a bit of vinegar to the salad.,
"return, get back",A2,verb,volver,X,,Regresar al lugar de origen.,X,Quiero volver a casa antes de cenar.,I want to return home before dinner.,
vote,A2,verb,votar,X,,Dar el voto en unas elecciones.,X,Vamos a votar mañana en las elecciones.,We are going to vote tomorrow in the elections.,
voice,A2,feminine,voz,X,,Sonido que emite una persona al hablar o cantar.,X,Tiene una voz muy bonita para cantar.,She has a very beautiful voice for singing.,
"return, turn, walk",A2,feminine,vuelta,X,,Acción de regresar a un lugar o situación.,X,Dimos una vuelta por el parque después de cenar.,We took a walk in the park after dinner.,
carrot,A2,feminine,zanahoria,X,,"Raíz comestible de color naranja alargada, utilizada en la alimentación.",X,La zanahoria es buena para los ojos.,Carrots are good for your eyes.,
zoo,A2,masculine,zoológico,X,,Lugar donde se mantienen y muestran animales para el público.,X,El zoológico tiene muchos animales exóticos.,The zoo has many exotic animals.,
despite,B1,preposition,a pesar de,,,Indica oposición o contraste con algo.,,"A pesar de la lluvia, salimos a caminar.","Despite the rain, we went out for a walk.",
through,B1,preposition,a través de,,,Indica movimiento o situación pasando por dentro de algo.,,Vimos el paisaje a través de la ventana.,We saw the landscape through the window.,
abandon,B1,verb,abandonar,,,Dejar algo o a alguien de manera definitiva.,,Decidió abandonar sus estudios para trabajar.,He decided to abandon his studies to work.,
"fan, range",B1,masculine,abanico,,,Objeto plegable que produce aire al moverlo.,,El abanico de colores en la tienda es muy amplio.,The range of colors in the shop is very wide.,
bee,B1,feminine,abeja,,,Insecto volador productor de miel y cera.,,Una abeja entró por la ventana y causó pánico.,A bee came in through the window and caused panic.,
absolutely,B1,adverb,absolutamente,,,De manera total o completa.,,Estoy absolutamente seguro de mi decisión.,I’m absolutely sure of my decision.,
abundant,B1,adjective,abundante,,,Que existe en gran cantidad.,,En esta zona hay comida abundante todo el año.,There is abundant food in this area all year round.,
boredom,B1,masculine,aburrimiento,,,Sensación de falta de interés o entretenimiento.,,El aburrimiento en clase era insoportable.,The boredom in class was unbearable.,
get bored,B1,verb,aburrirse,,,Sentir falta de interés o cansancio por algo.,,Me aburro cuando no tengo nada que hacer.,I get bored when I have nothing to do.,
academy,B1,feminine,academia,,,Centro privado de enseñanza o formación.,,Estudia danza en una academia profesional.,She studies dance at a professional academy.,
access,B1,masculine,acceso,,,Posibilidad de entrar a un lugar o de usar un servicio.,,Necesitas una contraseña para tener acceso al sistema.,You need a password to gain access to the system.,
accent,B1,masculine,acento,,,Modo especial de pronunciar las palabras en una lengua.,,Su acento andaluz es muy marcado.,His Andalusian accent is very strong.,
acceptance,B1,feminine,aceptación,,,"Acto de recibir de manera favorable una idea, propuesta o situación.",,La aceptación del grupo fue muy importante para ella.,The group’s acceptance was very important to her.,
sidewalk,B1,feminine,acera,,SP,Parte de la calle destinada al paso de peatones.,,"Camina por la acera, no por la calle.","Walk on the sidewalk, not in the street.",
about,B1,preposition,acerca de,,,Indica relación con un tema o asunto.,,Hablamos acerca de nuestro futuro.,We talked about our future.,
accompany,B1,verb,acompañar,,,Ir en compañía de alguien.,,Voy a acompañar a mi abuela al médico.,I’m going to accompany my grandmother to the doctor.,
advise,B1,verb,aconsejar,,,Dar consejo o recomendación a alguien.,,Te aconsejo que hables con tu jefe.,I advise you to talk to your boss.,
event,B1,masculine,acontecimiento,,,Suceso importante o relevante.,,El concierto fue un gran acontecimiento en la ciudad.,The concert was a great event in the city.,
remember,B1,verb,acordarse,,,Traer a la memoria algo ocurrido en el pasado.,,¿Te acuerdas de nuestra profesora de inglés?,Do you remember our English teacher?,
agreement,B1,masculine,acuerdo,,,Compromiso entre varias personas tras discutir un asunto.,,Llegaron a un acuerdo después de varias reuniones.,They reached an agreement after several meetings.,
accumulate,B1,verb,acumular,,,"Reunir o juntar cosas, generalmente de manera gradual.",,Con el tiempo puedes acumular muchas experiencias.,Over time you can accumulate many experiences.,
adequate,B1,adjective,adecuado,,,Que es apropiado para una situación.,,Ese espacio no es adecuado para una reunión.,That space is not adequate for a meeting.,
advance,B1,verb,adelantar,,,Poner algo por delante o ganar ventaja.,,Vamos a adelantar el trabajo para terminar antes.,We’re going to advance the work to finish earlier.,
adjective,B1,masculine,adjetivo,,,Palabra que acompaña a un sustantivo para describir sus cualidades.,,El profesor explicó cómo usar un adjetivo en la frase.,The teacher explained how to use an adjective in the sentence.,
attach,B1,verb,adjuntar,,,Unir un documento o archivo a otro.,,Voy a adjuntar los documentos al correo.,I’m going to attach the documents to the email.,
administration,B1,feminine,administración,,,Conjunto de gestiones para dirigir una institución o empresa.,,La administración se encarga de organizar los recursos.,The administration is in charge of organizing the resources.,
admit,B1,verb,admitir,,,Aceptar o reconocer algo.,,Tuvo que admitir que se había equivocado.,He had to admit that he was wrong.,
decoration,B1,masculine,adorno,,,"Objeto que se utiliza para embellecer o adornar un espacio, una persona o una cosa.",,Puse un adorno en la mesa para la fiesta.,I put a decoration on the table for the party.,
adverb,B1,masculine,adverbio,,,"Palabra que complementa o modifica un verbo, un adjetivo o una oración.",,Ese adverbio cambia el sentido de la oración.,That adverb changes the meaning of the sentence.,
warning,B1,feminine,advertencia,,,Aviso o señal que advierte sobre un peligro o una consecuencia negativa.,,Nos dieron una advertencia por hacer ruido.,We were given a warning for making noise.,
affect,B1,verb,afectar,,,Influir en algo o en alguien de manera negativa o positiva.,,El ruido puede afectar la concentración.,Noise can affect concentration.,
affection,B1,masculine,afecto,,,"Sentimiento de cariño, simpatía o aprecio hacia alguien.",,"Necesito el afecto de mi familia para sentirme tranquilo, sobre todo cuando tengo un día difícil.","I need my family’s affection to feel calm, especially when I’ve had a hard day.",
electric shaver,B1,feminine,afeitadora,,,Máquina eléctrica para afeitar.,,Compré una afeitadora nueva para mi padre.,I bought a new razor for my father.,
African,B1,adjective,africano,,,Natural de África o relativo a ese continente.,,Mi vecino es africano y muy amable.,My neighbor is African and very kind.,
grab,B1,verb,agarrar,,,Sujetar algo con fuerza con la mano o con otra cosa.,,El niño agarró la mano de su madre para cruzar la calle.,The boy grabbed his mother’s hand to cross the street.,
agent,B1,noun,agente,,,Persona que actúa como representante o encargado de una tarea.,,El agente llegó rápidamente al lugar del crimen.,The agent arrived quickly at the crime scene.,
exhausted,B1,adjective,agotado,,,Que está muy cansado.,,"Después de caminar todo el día, estoy agotado.","After walking all day, I’m exhausted.",
exhaust,B1,verb,agotar,,,Cansar o acabar con las fuerzas de alguien.,,Este trabajo me va a agotar si no descanso.,This job will exhaust me if I don’t rest.,
add,B1,verb,agregar,,,Añadir algo a lo que ya existe.,,Voy a agregar sal a la sopa.,I’m going to add salt to the soup.,
aggression,B1,feminine,agresión,,,Ataque físico o verbal contra alguien.,,La agresión fue reportada a la policía.,The aggression was reported to the police.,
agriculture,B1,feminine,agricultura,,,Cultivo de la tierra.,,La agricultura es muy importante para la economía del país.,Agriculture is very important for the country’s economy.,
avocado,B1,masculine,aguacate,,SP,Fruta tropical de piel verde y pulpa cremosa.,,El aguacate está maduro y listo para comer.,The avocado is ripe and ready to eat.,
hole,B1,masculine,agujero,,,Abertura o vacío en una superficie.,,El ratón salió corriendo por un agujero en la pared.,The mouse ran out through a hole in the wall.,
chess,B1,masculine,ajedrez,,,Juego de mesa en que dos personas mueven piezas sobre un tablero.,,Me gusta jugar al ajedrez con mi hermano.,I like playing chess with my brother.,
"backwards, the other way around",B1,adverb,al revés,,,De manera contraria a la normal o esperada.,,Colocaste la camiseta al revés sin darte cuenta.,You put your shirt on backwards without realizing it.,
alarm,B1,feminine,alarma,,,Señal sonora o visual que avisa de un peligro.,,La alarma sonó a las siete de la mañana.,The alarm went off at seven in the morning.,
"reach, attain",B1,verb,alcanzar,,,"Llegar a alcanzar un nivel, un lugar o un objetivo.",,Quiero alcanzar mis metas este año.,I want to reach my goals this year.,
alcohol,B1,masculine,alcohol,,,Bebida obtenida por fermentación de azúcares.,,No debes beber alcohol si vas a conducir.,You shouldn’t drink alcohol if you’re going to drive.,
be glad,B1,verb,alegrarse,,,Sentir alegría por algo que ha sucedido.,,Me alegro mucho de tu éxito.,I am very glad about your success.,
nutrition,B1,feminine,alimentación,,,Conjunto de los alimentos y de la forma en que se consumen.,,La buena alimentación es importante para la salud.,Good nutrition is important for health.,
be fed,B1,verb,alimentarse,,,Ingerir alimentos que aportan nutrientes necesarios para vivir.,,Los niños deben alimentarse bien para tener energía en la escuela.,Children must eat well to have energy at school.,
"food, nourishment",B1,masculine,alimento,,,Sustancia que sirve de alimento a los seres vivos.,,Una dieta sana incluye todo tipo de alimentos.,A healthy diet includes all kinds of foods.,
"warehouse, store",B1,masculine,almacén,,,Lugar donde se guardan mercancías para su venta.,,El almacén está lleno de productos.,The warehouse is full of products.,
clam,B1,feminine,almeja,,,Molusco marino comestible con concha.,,La paella de marisco lleva almeja y gambas.,The seafood paella has clams and prawns.,
almond,B1,feminine,almendra,,,Fruto seco de cáscara dura y forma alargada.,,Compré turrón con almendras para Navidad.,I bought nougat with almonds for Christmas.,
pillow,B1,feminine,almohada,,,Objeto blando que sostiene la cabeza al dormir.,,Necesito una almohada más cómoda.,I need a more comfortable pillow.,
speaker,B1,masculine,altavoz,,,Aparato que proyecta sonido con potencia.,,El altavoz no funciona bien.,The speaker isn’t working properly.,
height,B1,feminine,altura,,,Medida de altura de una persona o cosa.,,La altura del edificio es impresionante.,The building’s height is impressive.,
dawn,B1,masculine,amanecer,,,Momento del día en que aparece la luz del sol.,,Salimos a caminar al amanecer.,We went for a walk at dawn.,
"environment, atmosphere",B1,masculine,ambiente,,,"Conjunto de condiciones físicas, sociales o culturales que rodean a alguien.",,El ambiente en la fiesta era muy agradable.,The atmosphere at the party was very pleasant.,
both,B1,pronoun,ambos,,,Los dos a la vez.,,Ambos hermanos juegan al fútbol.,Both brothers play football.,
threat,B1,feminine,amenaza,,,Acción que anuncia un daño posible.,,La amenaza de lluvia hizo que cancelaran el evento al aire libre.,The threat of rain caused them to cancel the outdoor event.,
threaten,B1,verb,amenazar,,,Comunicar a alguien un daño futuro con palabras o gestos.,,"No quería amenazar a nadie, solo expresar mi preocupación.","I didn’t mean to threaten anyone, just express my concern.",
broad,B1,adjective,amplio,,,Que tiene gran extensión o amplitud.,,El parque es bastante amplio y perfecto para hacer deporte.,The park is quite broad and perfect for doing sports.,
add,B1,verb,añadir,,,Incorporar algo a lo que ya existe.,,Vamos a añadir un poco de sal a la sopa.,Let’s add a bit of salt to the soup.,
spirit,B1,masculine,ánimo,,,Estado emocional o disposición interior de una persona.,,Necesitas tener buen ánimo para seguir adelante.,You need to have good spirit to keep going.,
old,B1,adjective,antiguo,,,Que pertenece a una época pasada.,,Ese edificio antiguo fue construido en el siglo dieciocho.,That old building was built in the 18th century.,
appearance,B1,feminine,apariencia,,,Aspecto exterior de una persona o cosa.,,Su apariencia elegante impresionó a todos en la reunión.,Her elegant appearance impressed everyone at the meeting.,
separate,B1,verb,apartar,,,Separar a una persona o cosa de otras o ponerla a un lado.,,Tuvieron que apartar las mesas para hacer espacio en el salón.,They had to move the tables aside to make space in the hall.,
"just, as soon as",B1,adverb,apenas,,,Con dificultad o escasamente.,,"Apenas llegamos, empezó a llover.","As soon as we arrived, it started to rain.",
application,B1,feminine,aplicación,,,Programa informático diseñado para una función específica.,,Rellené la aplicación para el trabajo nuevo.,I filled out the application for the new job.,
apply,B1,verb,aplicar,,,Poner algo en práctica o usarlo.,,Voy a aplicar lo que aprendí en el curso.,I’m going to apply what I learned in the course.,
support,B1,verb,apoyar,,,Dar soporte o ayuda a alguien.,,Debemos apoyar esta iniciativa.,We must support this initiative.,
support,B1,masculine,apoyo,,,Sostenimiento o ayuda material o moral.,,Gracias por tu apoyo en momentos difíciles.,Thank you for your support in difficult moments.,
learning,B1,masculine,aprendizaje,,,Acción de adquirir conocimientos.,,El aprendizaje requiere tiempo y paciencia.,Learning requires time and patience.,
"pass, approve",B1,verb,aprobar,,,"Dar por válido un examen, propuesta o decisión.",,Espero aprobar el examen de matemáticas.,I hope to pass the math exam.,
"make use of, make the most of",B1,verb,aprovechar,,,Utilizar una situación o recurso de manera ventajosa.,,Tenemos que aprovechar el buen tiempo para salir a pasear.,We have to take advantage of the good weather to go for a walk.,
Arabic,B1,masculine,arabe,,,Natural de Arabia o relativo a este país o lengua.,,Estudia árabe en la universidad.,He studies Arabic at the university.,
"argument, plot",B1,masculine,argumento,,,Razonamiento que apoya una idea o la explica.,,Tuvieron una discusión con muchos argumentos válidos.,They had an argument with many valid points.,
weapon,B1,feminine,arma,,,"Instrumento, generalmente para defensa o ataque.",,La policía encontró el arma del crimen.,The police found the weapon used in the crime.,
hoop,B1,masculine,aro,,,"Pieza circular en forma de anillo, generalmente de metal, madera o plástico.",,El aro de la canasta estaba torcido después del partido.,The hoop of the basket was bent after the game.,
architect,B1,masculine,arquitecto,,,Persona que diseña edificios y construcciones.,,El arquitecto diseñó un edificio moderno y ecológico.,The architect designed a modern and ecological building.,
architecture,B1,feminine,arquitectura,,,Arte y técnica de diseñar y construir edificios.,,Estudia arquitectura en la universidad.,She studies architecture at the university.,
start up,B1,verb,arrancar,,,Poner en marcha un vehículo o máquina.,,El coche no quiere arrancar esta mañana.,The car won't start this morning.,
tidy,B1,adjective,arreglado,,,Que está limpio o en buen estado.,,Llevaba un traje muy arreglado para la fiesta.,He wore a very tidy suit for the party.,
"arrangement, array",B1,masculine,arreglo,,,Solución o reparación de algo.,,El arreglo de flores estaba en el centro de la mesa.,The flower arrangement was in the center of the table.,
article,B1,masculine,artículo,,,Texto publicado en prensa o elemento de una lista.,,Leí un artículo muy interesante sobre salud.,I read a very interesting article about health.,
assure,B1,verb,asegurar,,,Hacer que algo quede protegido o garantizado.,,Quiero asegurarme de que todo está correcto.,I want to make sure everything is correct.,
"facility, restroom",B1,masculine,aseo,,SP,Lugar destinado a la higiene personal.,,El aseo está al fondo del pasillo.,The restroom is at the end of the hallway.,
"subject, class",B1,feminine,asignatura,,,Materia que forma parte de un plan de estudios.,,Mi asignatura favorita es historia.,My favorite subject is history.,
attend,B1,verb,asistir,,,Estar presente en un lugar o participar en algo.,,Voy a asistir a la conferencia mañana.,I’m going to attend the conference tomorrow.,
"appearance, look",B1,masculine,aspecto,,,Apariencia externa de alguien o algo.,,Su aspecto ha cambiado mucho desde la última vez.,His appearance has changed a lot since the last time.,
astronomy,B1,feminine,astronomía,,,Ciencia que estudia los cuerpos celestes.,,Me interesa mucho la astronomía.,I’m very interested in astronomy.,
"subject, issue",B1,masculine,asunto,,,Tema o cuestión de que se trata.,,Este asunto necesita una solución urgente.,This issue needs an urgent solution.,
attack,B1,masculine,ataque,,,"Acción violenta contra alguien o algo, especialmente en un conflicto.",,El ataque del equipo contrario fue muy rápido.,The opposing team’s attack was very fast.,
sunset,B1,masculine,atardecer,,,Momento del día en que se pone el sol.,,El atardecer en la playa es muy bonito.,The sunset on the beach is very beautiful.,
attentive,B1,adjective,atento,,,Que presta atención y muestra interés o cuidado hacia alguien o algo.,,El camarero fue muy atento con nosotros.,The waiter was very attentive with us.,
athletic,B1,adjective,atlético,,,"Que tiene cualidades físicas relacionadas con la fuerza, la resistencia o el deporte.",,Mi hermano es muy atlético y va al gimnasio todos los días.,My brother is very athletic and goes to the gym every day.,
catch,B1,verb,atrapar,,,"Capturar o coger algo o a alguien, especialmente impidiendo su escape.",,El gato logró atrapar al ratón.,The cat managed to catch the mouse.,
audio,B1,masculine,audio,,,Sonido grabado o transmitido electrónicamente.,,Escuchamos el audio del podcast en clase.,We listened to the podcast audio in class.,
increase,B1,verb,aumentar,,,"Incrementar en tamaño, cantidad o intensidad.",,Queremos aumentar la producción este año.,We want to increase production this year.,
increase,B1,masculine,aumento,,,"Incremento en tamaño, cantidad o intensidad.",,"Este año hubo un aumento de precios en el transporte, así que voy en bici más a menudo.","This year there was an increase in transport prices, so I ride my bike more often.",
absence,B1,feminine,ausencia,,,Falta de alguien o de algo.,,La ausencia del profesor fue inesperada.,The teacher’s absence was unexpected.,
absent,B1,adjective,ausente,,,Que no está presente en un lugar.,,Juan está ausente hoy porque está enfermo.,Juan is absent today because he’s sick.,
"author, writer",B1,masculine,autor,,,Persona que crea obras literarias o artísticas.,,El autor firmó su libro después de la charla.,The author signed his book after the talk.,
advance,B1,verb,avanzar,,,"Progresar o moverse hacia delante en el espacio, el tiempo o un proceso.",,"Para avanzar en el proyecto, primero organizamos las tareas y luego pedimos ayuda al jefe.","To move the project forward, we first organized the tasks and then asked the boss for help.",
bird,B1,feminine,ave,,,Animal vertebrado que tiene plumas y pico.,,El ave levantó el vuelo sobre el río.,The bird took flight over the river.,
"announcement, warning",B1,masculine,aviso,,,Notificación o advertencia sobre algo.,,Recibí un aviso sobre el corte de agua.,I received a notice about the water outage.,
"fall, descent",B1,feminine,bajada,,,Descenso desde un lugar más alto a otro más bajo.,,La bajada por la montaña fue más difícil de lo esperado.,The descent down the mountain was more difficult than expected.,
scale,B1,feminine,balanza,,,Instrumento para pesar objetos mediante contrapeso.,,Pesé la maleta en la balanza del aeropuerto.,I weighed the suitcase on the airport scale.,
chin,B1,feminine,barbilla,,,"Parte inferior y prominente de la cara, debajo de la boca.",,Me salió un granito en la barbilla.,I got a pimple on my chin.,
"base, basis",B1,feminine,base,,,Fundamento o punto de apoyo de algo.,,La base del argumento es sólida y bien estructurada.,The basis of the argument is solid and well-structured.,
battle,B1,masculine,batalla,,,Enfrentamiento armado entre grupos o ejércitos.,,La batalla fue un momento clave en la película.,The battle was a key moment in the movie.,
baseball,B1,masculine,béisbol,,,Deporte en el que se golpea una pelota con un bate para anotar carreras.,,En Estados Unidos el béisbol es muy importante.,"In the United States, baseball is very important.",
beauty,B1,feminine,belleza,,,Cualidad de lo que es hermoso.,,La belleza del paisaje me dejó sin palabras.,The beauty of the landscape left me speechless.,
beautiful,B1,adjective,bello,,,Que resulta hermoso o agradable a la vista.,,La música clásica tiene un sonido realmente bello.,Classical music has a truly beautiful sound.,
"benefit, profit",B1,masculine,beneficio,,,Provecho o ganancia obtenida.,,Ese cambio trajo un gran beneficio para todos.,That change brought great benefit to everyone.,
bible,B1,feminine,Biblia,,,Libro sagrado de la religión cristiana.,,Estudiamos la Biblia en clase de religión.,We study the Bible in religion class.,
"welcome, greeting",B1,feminine,bienvenida,,,Recepción afectuosa a alguien que llega.,,Le dimos una cálida bienvenida a nuestro invitado.,We gave our guest a warm welcome.,
mustache,B1,masculine,bigote,,,Conjunto de pelos que crece sobre el labio superior.,,Se dejó crecer el bigote para noviembre.,He grew a mustache for November.,
soft,B1,adjective,blando,,,Que cede con facilidad a la presión; suave al tacto.,,El sofá es tan blando que me quedo dormido en cuanto me siento.,The sofa is so soft that I fall asleep as soon as I sit down.,
block,B1,masculine,bloque,,,Pieza grande de material compacto.,,Vivimos en un bloque de pisos muy alto.,We live in a very tall apartment block.,
cellar,B1,feminine,bodega,,,Lugar donde se almacenan vinos u otros productos.,,Guardan el vino en la bodega.,They store the wine in the cellar.,
edge,B1,masculine,borde,,,Extremo de una superficie o límite de algo.,,No te acerques demasiado al borde del acantilado.,Don’t get too close to the edge of the cliff.,
drunk,B1,adjective,borracho,,,Que ha bebido demasiado alcohol.,,Estaba un poco borracho después de la fiesta.,He was a bit drunk after the party.,
bounce,B1,verb,botar,,,Lanzar algo haciéndolo rebotar o caer.,,La pelota puede botar muy alto en esta pista.,The ball can bounce very high on this court.,
brief,B1,adjective,breve,,,De corta duración o extensión.,,Te envío un mensaje breve.,I’m sending you a brief message.,
brilliant,B1,adjective,brillante,,,Que refleja mucha luz o resalta por su intensidad.,,El cielo está brillante esta noche.,The sky is bright tonight.,
shine,B1,verb,brillar,,,Despedir luz propia o reflejada.,,El sol empieza a brillar por la mañana.,The sun begins to shine in the morning.,
shine,B1,masculine,brillo,,,Luz que se refleja o se percibe en una superficie.,,El brillo de la luna iluminaba el mar.,The moon’s shine lit up the sea.,
broccoli,B1,masculine,brócoli,,,"Verdura de color verde, con forma de árbol en miniatura, muy utilizada en la cocina.",,El brócoli es muy sano.,Broccoli is very healthy.,
joke,B1,verb,bromear,,,Hacer chistes o decir algo en tono gracioso.,,"Nos gusta bromear entre amigos, pero siempre con respeto.","We like joking among friends, but always respectfully.",
search,B1,feminine,busca,,,Acción de buscar algo o a alguien.,,La busca de una solución tomó varias semanas.,The search for a solution took several weeks.,
"horseman, cowboy, knight",B1,masculine,caballero,,,"Hombre educado y cortés, propio de la nobleza.",,El caballero saludó con cortesía a todos los presentes.,The gentleman greeted everyone politely.,
cabin,B1,feminine,cabaña,,,"Construcción pequeña en el campo, hecha de madera o piedra.",,Pasamos el fin de semana en una cabaña de madera.,We spent the weekend in a wooden cabin.,
hair,B1,masculine,cabello,,,Conjunto de cabellos de una persona.,,Tiene el cabello largo y rizado.,"She has long, curly hair.",
peanut,B1,masculine,cacahuete,,SP,Fruto seco también llamado maní.,,Soy alérgico al cacahuete.,I’m allergic to peanuts.,
chain,B1,feminine,cadena,,,Serie de eslabones unidos entre sí.,,La cadena del perro es muy larga.,The dog’s chain is very long.,
fall,B1,verb,caerse,,,Perder el equilibrio y dar con el cuerpo en el suelo.,,Juan se cayó en la calle pero no se hizo daño.,Juan fell in the street but didn’t get hurt.,
quality,B1,feminine,calidad,,,Cualidad de algo en cuanto a su valor o perfección.,,La calidad del producto es excelente.,The quality of the product is excellent.,
warm,B1,adjective,cálido,,,Que tiene una temperatura agradable o templada.,,El clima en primavera es muy cálido.,The weather in spring is very warm.,
grade,B1,feminine,calificación,,,Evaluación o nota otorgada.,,Mi calificación en matemáticas fue bastante buena.,My grade in mathematics was quite good.,
underpant,B1,masculine,calzón,,,Prenda de ropa interior masculina.,,Encontró un calzón viejo en la maleta.,He found an old pair of underpants in the suitcase.,
"campaign, countryside",B1,feminine,campaña,,,Conjunto de acciones realizadas para conseguir un fin social o político.,,La campaña publicitaria fue todo un éxito.,The advertising campaign was a total success.,
channel,B1,masculine,canal,,,Vía de comunicación o medio de transmisión.,,Hay un canal de cocina que me gusta mucho.,There’s a cooking channel I really like.,
basket,B1,feminine,canasta,,,Recipiente hondo y generalmente redondo que se utiliza para guardar o transportar objetos.,,La canasta está llena de frutas frescas.,The basket is full of fresh fruit.,
candidate,B1,masculine,candidato,,,Persona que se presenta a un cargo o concurso.,,El candidato respondió bien a las preguntas.,The candidate answered the questions well.,
crab,B1,masculine,cangrejo,,,Crustáceo marino o de río con caparazón duro y pinzas.,,Vimos un cangrejo caminando por la playa.,We saw a crab walking along the beach.,
tiredness,B1,masculine,cansancio,,,Estado de fatiga tras un esfuerzo.,,El cansancio después del viaje era evidente.,The tiredness after the trip was obvious.,
tire,B1,verb,cansar,,,Provocar cansancio físico o mental en alguien.,,Este trabajo me empieza a cansar.,This job is starting to tire me.,
capacity,B1,feminine,capacidad,,,Aptitud para realizar o aprender algo; volumen que cabe en un recipiente.,,La sala tiene capacidad para cien personas.,The room has a capacity for one hundred people.,
character,B1,masculine,carácter,,,Conjunto de cualidades que definen a una persona.,,Su carácter fuerte le ayuda a enfrentar los problemas.,His strong character helps him face problems.,
feature,B1,feminine,característica,,,"Rasgo o cualidad que distingue a una persona, animal o cosa.",,La paciencia es una característica importante en un buen profesor.,Patience is an important feature in a good teacher.,
characteristic,B1,adjective,característico,,,Que distingue o identifica a algo o alguien.,,La Alhambra es un lugar característico de Granada.,The Alhambra is a landmark in Granada.,
"identity card, driver's licence",B1,masculine,carné,,,Documento que acredita una identidad o permiso.,,Necesitas el carné para entrar en la biblioteca.,You need your ID to enter the library.,
poster,B1,masculine,cartel,,,Lámina o póster con mensajes o imágenes para informar o publicitar.,,Pegué un cartel del concierto en la pared de la facultad.,I put up a concert poster on the wall of the faculty building.,
"bark, peel, rind, shell",B1,feminine,cáscara,,,Capa externa que protege ciertos frutos o huevos.,,La cáscara de la naranja es difícil de quitar.,The orange peel is difficult to remove.,
"Castilian, Spanish",B1,masculine,castellano,,,Lengua española o persona natural de Castilla.,,El castellano es una de las lenguas oficiales de España.,Castilian is one of Spain’s official languages.,
punishment,B1,masculine,castigo,,,Pena o sanción que se aplica a quien ha cometido una falta.,,El castigo por llegar tarde fue limpiar toda la clase.,The punishment for arriving late was cleaning the whole classroom.,
Catalonia,B1,feminine,Cataluña,,,Comunidad autónoma de España con capital en Barcelona.,,Cataluña es una comunidad autónoma de España.,Catalonia is an autonomous community of Spain.,
Catholic,B1,adjective,católico,,,Relacionado con la religión católica.,,La mayoría de la población es católica.,Most of the population is Catholic.,
cause,B1,feminine,causa,,,Motivo o razón de algo.,,La causa del accidente aún está bajo investigación.,The cause of the accident is still under investigation.,
cause,B1,verb,causar,,,Provocar un efecto o producir una consecuencia.,,El ruido pudo causar molestias a los vecinos.,The noise might have caused inconvenience to the neighbors.,
eyebrow,B1,feminine,ceja,,,Franja de pelos que crece sobre los ojos.,,Tienes una ceja más alta que la otra.,You have one eyebrow higher than the other.,
central,B1,adjective,central,,,Que está en el medio o es lo más importante de un conjunto.,,La plaza central siempre está llena de turistas.,The central square is always full of tourists.,
"near, nearby, close",B1,adjective,cercano,,,Que está próximo en el espacio o en el tiempo.,,La farmacia más cercana está en la calle principal.,The nearest pharmacy is on the main street.,
brain,B1,masculine,cerebro,,,Órgano del sistema nervioso central en los animales.,,El cerebro controla todas las funciones del cuerpo.,The brain controls all body functions.,
ceremony,B1,feminine,ceremonia,,,Acto solemne con normas establecidas.,,La ceremonia fue muy emocionante para todos.,The ceremony was very moving for everyone.,
lock,B1,feminine,cerradura,,,Mecanismo que se coloca en una puerta para cerrarla con llave.,,La cerradura está rota.,The lock is broken.,
crash,B1,verb,chocar,,,Tropezar violentamente con algo o alguien.,,El coche iba demasiado rápido y terminó por chocar contra una farola.,The car was going too fast and ended up crashing into a lamppost.,
"chauffeur, driver",B1,noun,chofer,,,Persona que conduce un vehículo como profesión.,,El chofer llegó puntual al aeropuerto.,The driver arrived on time at the airport.,
chop,B1,feminine,chuleta,,,"Trozo de carne con hueso, cocinado a la plancha o frito.",,Voy a preparar una chuleta de cerdo para la cena.,I'm going to make pork chops for dinner.,
blind,B1,adjective,ciego,,,Que ha perdido total o parcialmente la vista.,,"Ese perro es ciego, pero se orienta bien.","That dog is blind, but he gets around well.",
scientific,B1,adjective,científico,,,Relacionado con la ciencia o persona dedicada a ella.,,El método científico es esencial para la investigación.,The scientific method is essential for research.,
true,B1,adjective,cierto,,,Que es verdadero o indudable.,,Es cierto que necesitamos más tiempo.,It’s true that we need more time.,
circle,B1,masculine,círculo,,,Figura geométrica cerrada cuyos puntos están a la misma distancia del centro.,,Formamos un círculo para hablar en grupo.,We formed a circle to talk in a group.,
citizen,B1,masculine,ciudadano,,,Persona que pertenece legalmente a una ciudad o país.,,Todo ciudadano tiene derechos y deberes.,Every citizen has rights and duties.,
clarity,B1,feminine,claridad,,,Condición de lo que es claro o transparente.,,Necesitamos más claridad en las instrucciones.,We need more clarity in the instructions.,
"password, key",B1,feminine,clave,,,Elemento esencial para comprender algo.,,Introduce la clave para acceder al sistema.,Enter the password to access the system.,
key,B1,adjective,clave,,,Fundamental o esencial para comprender o resolver algo.,,La idea clave del texto es la amistad.,The key idea of the text is friendship.,
nail,B1,masculine,clavo,,,"Pieza pequeña y cilíndrica de metal con cabeza, usada para clavar objetos.",,Clavé el cuadro con un clavo pequeño.,I nailed the picture with a small nail.,
clip,B1,masculine,clip,,,Pieza pequeña de metal o plástico que sirve para sujetar papeles.,,Voy a sujetar estos papeles con un clip.,I’m going to hold these papers together with a clip.,
cabbage,B1,feminine,col,,,Planta hortícola de hojas grandes y redondeadas que forman un cogollo.,,Hoy vamos a cocinar col con patatas.,Today we’re cooking cabbage with potatoes.,
collaboration,B1,feminine,colaboración,,,Trabajo en conjunto para lograr un objetivo.,,La colaboración entre las dos empresas fue muy productiva.,The collaboration between the two companies was very productive.,
collaborate,B1,verb,colaborar,,,Trabajar junto con otros en una tarea.,,Nos gusta colaborar en proyectos solidarios.,We like to collaborate on charity projects.,
collection,B1,feminine,colección,,,Conjunto ordenado de objetos de una misma clase.,,Mi colección de monedas incluye ejemplares de muchos países.,My coin collection includes specimens from many countries.,
collect,B1,verb,coleccionar,,,Reunir objetos del mismo tipo como afición.,,Me gusta coleccionar postales de los lugares que visito.,I like collecting postcards from the places I visit.,
hang,B1,verb,colgar,,,Suspender algo en un lugar más alto.,,Voy a colgar el abrigo en el perchero.,I’m going to hang the coat on the rack.,
colony,B1,feminine,colonia,,,Territorio controlado por otro país o colonia de insectos.,,España tuvo muchas colonias en América.,Spain had many colonies in America.,
column,B1,feminine,columna,,,Elemento arquitectónico vertical que sostiene un edificio.,,La columna del edificio está hecha de mármol.,The building’s column is made of marble.,
combat,B1,masculine,combate,,,Lucha física entre dos personas o grupos.,,El combate duró solo unos minutos.,The combat lasted only a few minutes.,
combination,B1,feminine,combinación,,,Unión de varios elementos que forman un todo.,,Esa combinación de colores queda muy bien.,That color combination looks very good.,
combine,B1,verb,combinar,,,Unir dos o más elementos en uno.,,Podemos combinar estas ideas en una sola propuesta.,We can combine these ideas into a single proposal.,
fuel,B1,masculine,combustible,,,Sustancia que arde y produce energía al quemarse.,,El coche necesita más combustible.,The car needs more fuel.,
comment,B1,verb,comentar,,,Dar una opinión sobre un hecho o situación.,,Quiero comentar algo sobre la película.,I want to comment on the movie.,
comment,B1,masculine,comentario,,,Juicio o explicación sobre algo dicho.,,Tu comentario fue muy interesante.,Your comment was very interesting.,
commit,B1,verb,cometer,,,"Realizar una acción, generalmente con matiz de error o falta.",,No debes cometer los mismos errores otra vez.,You shouldn’t commit the same mistakes again.,
beginning,B1,masculine,comienzo,,,Principio o inicio de algo.,,Desde el comienzo se notaba que sería difícil.,"From the beginning, it was clear it would be difficult.",
committee,B1,masculine,comité,,,Grupo de personas designadas para una tarea específica.,,El comité organizó la reunión anual.,The committee organized the annual meeting.,
comfort,B1,feminine,comodidad,,,Situación de bienestar que proporciona facilidad y tranquilidad.,,Buscamos siempre la comodidad en casa.,We always look for comfort at home.,
be compared,B1,verb,compararse,,,Establecer una relación de semejanza o diferencia con otra persona o cosa.,,No me gusta compararme con mis amigos porque todos somos diferentes.,I don’t like comparing myself to my friends because we are all different.,
competition,B1,feminine,competencia,,LA,Competencia entre personas para demostrar habilidades.,,La competencia entre empresas es fuerte.,The competition between companies is strong.,
completely,B1,adverb,completamente,,,De manera total o absoluta.,,Estoy completamente de acuerdo contigo.,I completely agree with you.,
complicated,B1,adjective,complicado,,,Que tiene muchas dificultades o resulta enredado.,,El problema es más complicado de lo que parece.,The problem is more complicated than it seems.,
behavior,B1,masculine,comportamiento,,,Conjunto de acciones que definen la conducta de alguien.,,El comportamiento del alumno fue ejemplar.,The student’s behavior was exemplary.,
behave,B1,verb,comportarse,,,Actuar de cierta manera siguiendo normas sociales o morales.,,Es importante comportarse con respeto en una entrevista de trabajo.,It’s important to behave respectfully in a job interview.,
purchase,B1,feminine,compra,,,Acción de adquirir algo a cambio de dinero.,,La compra del supermercado nos salió barata porque aprovechamos una oferta.,Our grocery shopping turned out cheap because we took advantage of a deal.,
understanding,B1,feminine,comprensión,,,Capacidad de comprender o entender algo.,,Su explicación mostró una buena comprensión del tema.,His explanation showed a good understanding of the topic.,
communicate,B1,verb,comunicarse,,,Transmitir información o ideas de una persona a otra.,,Me gusta comunicarme con mis amigos por videollamada.,I like to communicate with my friends by video call.,
concentration,B1,feminine,concentración,,,Acto de dirigir la atención a un solo tema.,,Necesito concentración total para terminar este informe.,I need total concentration to finish this report.,
concept,B1,masculine,concepto,,,Representación mental o abstracta de algo.,,El concepto de libertad es muy amplio.,The concept of freedom is very broad.,
"competition, contest",B1,masculine,concurso,,,Competición o certamen en el que participan varios.,,Participé en un concurso de fotografía.,I participated in a photography contest.,
condition,B1,feminine,condición,,,Circunstancia necesaria para que algo se realice.,,La condición del paciente ha mejorado.,The patient’s condition has improved.,
drive,B1,verb,conducir,,SP,Dirigir un vehículo.,,Conducir en una ciudad grande puede ser estresante para los principiantes.,Driving in a big city can be stressful for beginners.,
behavior,B1,feminine,conducta,,,Manera de comportarse una persona o un grupo.,,"Su conducta en clase ha mejorado, y ahora participa sin interrumpir.","Their behavior in class has improved, and now they participate without interrupting.",
connection,B1,feminine,conexión,,,Unión o enlace entre cosas o personas.,,Necesito una buena conexión a internet para trabajar.,I need a good internet connection to work.,
"conference, lecture",B1,feminine,conferencia,,,Exposición oral ante un público.,,Asistí a una conferencia sobre salud mental.,I attended a lecture on mental health.,
"confidence, trust",B1,feminine,confianza,,,Esperanza en la sinceridad o habilidad de alguien.,,Tengo mucha confianza en mis amigos.,I have a lot of trust in my friends.,
conflict,B1,masculine,conflicto,,,Enfrentamiento entre dos partes con intereses opuestos.,,Hubo un pequeño conflicto entre los compañeros.,There was a small conflict between the classmates.,
congress,B1,masculine,congreso,,,Reunión política de representantes.,,El congreso empieza mañana en Madrid.,The congress starts tomorrow in Madrid.,
"set, group",B1,masculine,conjunto,,,Grupo formado por varias cosas o personas.,,El conjunto musical tocó durante una hora.,The music group played for an hour.,
knowledge,B1,masculine,conocimiento,,,Conjunto de saberes adquiridos por experiencia o estudio.,,El conocimiento es la base del progreso.,Knowledge is the foundation of progress.,
achieve,B1,verb,conseguir,,,Lograr o alcanzar lo que se pretende.,,Al final conseguí el trabajo que buscaba porque preparé bien la entrevista.,In the end I got the job I was looking for because I prepared well for the interview.,
"conserve, preserve",B1,verb,conservar,,,Mantener algo en buen estado o conservar sus características con el paso del tiempo.,,Debemos conservar el agua para el futuro.,We must conserve water for the future.,
consider,B1,verb,considerar,,,Pensar detenidamente en algo.,,Vamos a considerar todas las opciones antes de decidir.,Let’s consider all the options before deciding.,
consumer,B1,masculine,consumidor,,,Persona que compra bienes o servicios para su uso propio.,,El consumidor tiene derecho a recibir un producto de calidad.,The consumer has the right to receive a quality product.,
consume,B1,verb,consumir,,,Gastar o usar algo al ingerirlo o emplearlo.,,No es saludable consumir tanto azúcar.,It is not healthy to consume so much sugar.,
contact,B1,verb,contactar,,,Ponerse en comunicación con otra persona.,,Puedes contactar conmigo por teléfono.,You can contact me by phone.,
contact,B1,masculine,contacto,,,Relación que une a dos personas o grupos.,,Perdí el contacto con varios compañeros del colegio.,I lost contact with several schoolmates.,
pollution,B1,feminine,contaminación,,,Presencia de sustancias dañinas en el medio ambiente.,,La contaminación del aire es un problema grave.,Air pollution is a serious problem.,
contain,B1,verb,contener,,,Incluir algo en el interior de otra cosa.,,Esta caja puede contener hasta diez libros.,This box can hold up to ten books.,
content,B1,masculine,contenido,,,Materia que forma parte de un todo.,,El contenido del curso es muy interesante.,The course content is very interesting.,
content,B1,adjective,contento,,,Que muestra alegría o satisfacción.,,Estoy contento con los resultados.,I’m happy with the results.,
reply,B1,interjection,contestación,,,Respuesta a una pregunta o situación.,,Su contestación fue clara y rápida.,His reply was clear and quick.,
continent,B1,masculine,continente,,,Gran extensión de tierra rodeada de mar.,,África es un continente muy grande y diverso.,Africa is a very large and diverse continent.,
opposite,B1,adjective,contrario,,,Que se opone a lo afirmado.,,Tienen opiniones contrarias sobre el tema.,They have opposing opinions on the subject.,
contract,B1,verb,contratar,,,Acordar con alguien un servicio a cambio de un pago.,,Vamos a contratar a una nueva secretaria.,We’re going to hire a new secretary.,
contract,B1,masculine,contrato,,,Documento legal que establece un acuerdo.,,Ya firmamos el contrato con la empresa.,We’ve already signed the contract with the company.,
control,B1,masculine,control,,,Supervisión o dominio sobre algo.,,El control de calidad es muy estricto.,Quality control is very strict.,
control,B1,verb,controlar,,,Vigilar o dirigir el funcionamiento de algo.,,Hay que controlar los gastos mensuales.,We need to control monthly expenses.,
flirt,B1,verb,coquetear,,,Intentar seducir a alguien de manera juguetona.,,"Le gusta coquetear con sus compañeros de clase, siempre con una sonrisa.","She likes to flirt with her classmates, always with a smile.",
current,B1,feminine,corriente,,,"Masa de agua en movimiento continuo en un río, mar u otro medio.",,La corriente del río era demasiado fuerte para cruzar.,The river’s current was too strong to cross.,
running,B1,adjective,corriente,,,"Que es común, habitual u ordinario.",,El agua corriente no está disponible en todas las zonas rurales.,Running water is not available in all rural areas.,
cost,B1,masculine,coste,,,Precio que tiene algo.,,El coste de vida ha subido mucho.,The cost of living has gone up a lot.,
cost,B1,masculine,costo,,,Valor o gasto de algo.,,El costo de la reparación fue más alto de lo esperado.,The cost of the repair was higher than expected.,
creation,B1,feminine,creación,,,Acción y efecto de crear algo.,,La creación del nuevo logo tomó varias semanas.,The creation of the new logo took several weeks.,
credit,B1,masculine,crédito,,,Cantidad de dinero prestado con obligación de devolverlo.,,Solicité un crédito para renovar la cocina.,I applied for a loan to renovate the kitchen.,
crime,B1,masculine,crimen,,,Acción ilegal grave castigada por la ley.,,El crimen ocurrió en el centro de la ciudad.,The crime happened in the city center.,
crisis,B1,feminine,crisis,,,Situación de dificultad o inestabilidad en un país o persona.,,La crisis económica afectó a muchas familias.,The economic crisis affected many families.,
Christian,B1,adjective,cristiano,,,Que profesa la religión de Cristo.,,Mi abuela es cristiana practicante.,My grandmother is a practicing Christian.,
criticism,B1,feminine,crítica,,,Juicio u opinión sobre algo o alguien.,,Recibió una crítica positiva por su trabajo.,He received positive criticism for his work.,
"as much as, as many as",B1,pronoun,cuanto,,,Pronombre que introduce una cantidad indeterminada.,,Tienes tanto dinero cuanto necesitas para viajar.,You have as much money as you need to travel.,
covered,B1,adjective,cubierto,,,Que está cubierto o tapado.,,El cielo está cubierto de nubes.,The sky is covered with clouds.,
cover,B1,verb,cubrir,,,Colocar algo encima de otra cosa para taparla.,,Voy a cubrir la mesa con un mantel.,I'm going to cover the table with a tablecloth.,
"matter, issue",B1,feminine,cuestión,,,Problema o tema sobre el que se pregunta.,,"Es una cuestión de prioridades, no de tiempo.","It's a matter of priorities, not time.",
questionnaire,B1,masculine,cuestionario,,,Conjunto de preguntas organizadas para una evaluación.,,Hay que rellenar el cuestionario antes del examen.,You have to fill out the questionnaire before the exam.,
careful,B1,adjective,cuidadoso,,,Que actúa con atención y pone cuidado en lo que hace.,,Es muy cuidadoso cuando trabaja con niños pequeños.,He is very careful when working with small children.,
"fault, guilt",B1,feminine,culpa,,,Responsabilidad de un error o falta.,,"No fue tu culpa, todos cometemos errores.","It wasn't your fault, we all make mistakes.",
guilty,B1,adjective,culpable,,,Que tiene la culpa de algo.,,Se sintió culpable por lo que hizo.,He felt guilty for what he did.,
blame,B1,verb,culpar,,,Atribuir a alguien la responsabilidad de una falta.,,No puedes culparme sin pruebas.,You can’t blame me without evidence.,
"cultivate, grow",B1,verb,cultivar,,,Sembrar plantas para su desarrollo.,,Vamos a cultivar tomates en el jardín.,We’re going to grow tomatoes in the garden.,
crop,B1,masculine,cultivo,,,Terreno donde se cultivan plantas.,,El cultivo necesita mucha agua.,The crop needs a lot of water.,
cultural,B1,adjective,cultural,,,"Relacionado con las costumbres, las artes y las manifestaciones intelectuales de una sociedad.",,El viaje incluyó una visita cultural al museo.,The trip included a cultural visit to the museum.,
"comply, achieve",B1,verb,cumplir,,,"Realizar una obligación, promesa o deber.",,Debemos cumplir las reglas del juego.,We must follow the rules of the game.,
"cradle, crib",B1,feminine,cuna,,,Cama pequeña para bebés.,,Colocaron al bebé en una cuna muy bonita.,They placed the baby in a very nice crib.,
curiosity,B1,feminine,curiosidad,,,Deseo de aprender o conocer algo.,,Su curiosidad por la ciencia lo llevó a estudiar biología.,His curiosity for science led him to study biology.,
"damage, harm",B1,verb,dañar,,,Causar daño físico o moral a alguien o algo.,,El exceso de sol puede dañar la piel.,Excessive sun can damage the skin.,
"damage, harm",B1,masculine,daño,,,Efecto negativo producido en una persona o cosa.,,El terremoto causó mucho daño en la ciudad.,The earthquake caused a lot of damage in the city.,
realize,B1,verb,darse cuenta,,,"Percatarse de algo, comprenderlo de repente.",,De repente me di cuenta de mi error.,Suddenly I realized my mistake.,
"in fact, indeed",B1,adverb,de hecho,,,"En realidad, verdaderamente.",,"De hecho, no sabía que ya habías llegado.","In fact, I didn't know you had already arrived.",
in fashion,B1,adverb,de moda,,,Siguiendo la moda actual.,,Los pantalones anchos están de moda otra vez.,Baggy pants are back in fashion.,
again,B1,adverb,de nuevo,,,"Otra vez, de nuevo.",,Vamos a intentarlo de nuevo.,Let’s try it again.,
in passing,B1,adverb,de paso,,,Aprovechando la ocasión mientras se hace otra cosa.,,Pasé de paso por tu barrio esta mañana.,I passed through your neighborhood this morning.,
suddenly,B1,adverb,de repente,,,De manera inesperada y rápida.,,"De repente, empezó a llover muy fuerte.","Suddenly, it started to rain very heavily.",
too much,B1,adverb,de sobra,,,En cantidad más que suficiente.,,Había comida de sobra para todos los invitados.,There was more than enough food for all the guests.,
debate,B1,masculine,debate,,,Discusión formal sobre un tema entre varias personas.,,El debate sobre el cambio climático fue muy interesante.,The debate about climate change was very interesting.,
duty,B1,masculine,deber,,,Obligación moral o legal de hacer algo.,,Es tu deber respetar las normas del colegio.,It's your duty to respect school rules.,
weak,B1,adjective,débil,,,Que tiene poca fuerza o resistencia.,,Después de la enfermedad me sentía muy débil y cansado.,After the illness I felt very weak and tired.,
defend,B1,verb,defender,,,Proteger o amparar de un daño o ataque.,,Es importante defender tus ideas con respeto.,It is important to defend your ideas with respect.,
defense,B1,feminine,defensa,,,Acción de protegerse o proteger a alguien.,,La defensa del equipo fue muy buena durante el partido.,The team's defense was very good during the match.,
definition,B1,feminine,definición,,,Explicación precisa del significado de una palabra o concepto.,,La definición de esa palabra es difícil de entender.,The definition of that word is hard to understand.,
define,B1,verb,definir,,,Explicar el sentido exacto de una palabra o idea.,,Vamos a definir bien los objetivos del proyecto.,Let's clearly define the project's objectives.,
"other, remaining",B1,adjective,demás,,,"Los otros, los restantes.",,Los demás estudiantes ya entregaron el trabajo.,The other students have already submitted their work.,
democracy,B1,feminine,democracia,,,Sistema político en el que gobierna el pueblo.,,La democracia permite que todos voten.,Democracy allows everyone to vote.,
inside,B1,adverb,dentro,,,En el interior de un lugar.,,Dentro del cajón encontrarás los documentos necesarios.,Inside the drawer you’ll find the necessary documents.,
"dependence, dependency",B1,feminine,dependencia,,,Relación de subordinación o dependencia respecto a algo o alguien.,,Tiene una gran dependencia del móvil.,He has a strong dependency on his phone.,
"sports, sportive",B1,adjective,deportivo,,,Relacionado con el deporte o con actividades físicas.,,Me gusta el estilo deportivo de esa chaqueta.,I like the sporty style of that jacket.,
quickly,B1,adverb,deprisa,,,"Con rapidez, a gran velocidad.",,Salió de casa muy deprisa para no perder el autobús.,He left home in a hurry so as not to miss the bus.,
right,B1,masculine,derecho,,,Conjunto de normas y principios que reconocen las libertades y obligaciones de las personas.,,Todos tienen derecho a expresar su opinión.,Everyone has the right to express their opinion.,
challenge,B1,masculine,desafío,,,Reto o situación que requiere esfuerzo para superarse.,,Subir esa montaña fue un gran desafío.,Climbing that mountain was a big challenge.,
unpleasant,B1,adjective,desagradable,,,Que causa desagrado o molestia.,,Ese olor es muy desagradable.,That smell is very unpleasant.,
disappear,B1,verb,desaparecer,,,Dejar de estar presente o visible.,,Mi gato desapareció anoche y no ha vuelto.,My cat disappeared last night and hasn't returned.,
develop,B1,verb,desarrollar,,,"Hacer que algo crezca, se expanda o progrese.",,Queremos desarrollar una aplicación para móviles.,We want to develop a mobile app.,
develop,B1,verb,desarrollarse,,,"Progresar o avanzar en capacidades, conocimientos o situación.",,El niño comienza a desarrollarse rápidamente en la escuela.,The child is starting to develop quickly at school.,
development,B1,masculine,desarrollo,,,Proceso de crecimiento o mejora.,,El desarrollo económico es clave para el país.,Economic development is key for the country.,
download,B1,verb,descargar,,,Bajar o transferir datos desde internet o un dispositivo.,,Voy a descargar la aplicación en mi móvil.,I'm going to download the app on my phone.,
unknown,B1,adjective,desconocido,,,Que no se conoce o del que no se tiene noticia.,,El libro habla de un lugar desconocido.,The book talks about an unknown place.,
description,B1,feminine,descripción,,,Exposición detallada de las características de algo o alguien.,,"La descripción del piso en el anuncio no era exacta, ya que faltaba información sobre la calefacción.","The description of the apartment in the ad wasn’t accurate, as information about the heating was missing.",
unemployed,B1,adjective,desempleado,,,Que no tiene trabajo.,,Mi hermano está desempleado desde hace tres meses.,My brother has been unemployed for three months.,
unemployment,B1,masculine,desempleo,,,Situación de falta de empleo.,,El desempleo es un problema importante en el país.,Unemployment is a major issue in the country.,
parade,B1,masculine,desfile,,,Marcha organizada de personas con un fin festivo o militar.,,El desfile fue muy colorido y divertido.,The parade was very colorful and fun.,
untie,B1,verb,desligar,,,Separar algo de otra cosa a la que estaba unido.,,Intentó desligar su nombre del escándalo para proteger su reputación.,He tried to dissociate his name from the scandal to protect his reputation.,
messy,B1,adjective,desordenado,,,Que carece de orden o presenta confusión.,,Mi hermano es muy desordenado y siempre deja la ropa por el suelo.,My brother is very messy and always leaves clothes all over the floor.,
office,B1,masculine,despacho,,,Oficina o lugar donde se trabaja.,,Su despacho está en la segunda planta.,His office is on the second floor.,
awake,B1,adjective,despierto,,,Que está en estado de vigilia y no dormido.,,Estoy despierto desde las seis de la mañana.,I've been awake since six in the morning.,
note,B1,verb,destacar,,,Resaltar la importancia de algo.,,Quiero destacar la importancia de leer todos los días.,I want to highlight the importance of reading every day.,
"destiny, destination",B1,masculine,destino,,,Lugar al que alguien se dirige o finalidad de algo.,,Nuestro destino final es Valencia.,Our final destination is Valencia.,
destroy,B1,verb,destruir,,,Reducir a ruinas o hacer desaparecer algo material.,,El incendio logró destruir casi todo el edificio.,The fire managed to destroy almost the entire building.,
disadvantage,B1,feminine,desventaja,,,Circunstancia negativa en comparación con otra.,,No tener coche es una desventaja en este pueblo.,Not having a car is a disadvantage in this town.,
detail,B1,masculine,detalle,,,Elemento o parte pequeña de un conjunto.,,"Explícame ese detalle, por favor.","Explain that detail to me, please.",
detective,B1,noun,detective,,,Persona que investiga delitos como profesión.,,El detective investigó el robo con atención.,The detective investigated the robbery carefully.,
debt,B1,feminine,deuda,,,Cantidad de dinero que se debe a alguien.,,Tiene una deuda con el banco desde hace meses.,He has a debt with the bank from months ago.,
return,B1,verb,devolver,,,Entregar algo de nuevo a su dueño o al lugar de origen.,,Voy a devolver estos zapatos porque me quedan pequeños y no puedo usarlos.,I’m going to return these shoes because they’re too small for me and I can’t wear them.,
daily,B1,adverb,diariamente,,,Cada día o de manera cotidiana.,,Leo el periódico diariamente antes de trabajar.,I read the newspaper daily before working.,
difficulty,B1,feminine,dificultad,,,Situación en la que algo resulta difícil de hacer o conseguir.,,Tu mayor dificultad es la falta de organización.,Your biggest difficulty is lack of organization.,
directly,B1,adverb,directamente,,,"Sin intermediarios, de forma inmediata.",,El director habló directamente con los empleados.,The director spoke directly with the employees.,
direct,B1,verb,dirigir,,,Guiar o dirigir una actividad o a un grupo de personas.,,Voy a dirigir la reunión esta tarde.,I'm going to lead the meeting this afternoon.,
"excuse, forgive",B1,verb,disculpar,,,Perdonar una falta o disculparse.,,Te pido que me disculpes por el error.,I ask you to forgive me for the mistake.,
discussion,B1,feminine,discusión,,,"Intercambio de ideas u opiniones, generalmente con cierto grado de oposición.",,Tuvimos una discusión sobre el tema.,We had a discussion about the topic.,
discuss,B1,verb,discutir,,,Debatir o confrontar opiniones sobre un tema.,,Vamos a discutir el problema mañana.,We’re going to discuss the problem tomorrow.,
design,B1,verb,diseñar,,,Trazar y planificar la forma de algo.,,Voy a diseñar un cartel para el evento.,I’m going to design a poster for the event.,
available,B1,adjective,disponible,,,Que está libre para ser usado o empleado.,,Este libro no está disponible en la tienda.,This book is not available in the store.,
distance,B1,feminine,distancia,,,Espacio que separa dos puntos o lugares.,,La distancia entre las dos ciudades es de cien kilómetros.,The distance between the two cities is one hundred kilometers.,
different,B1,adjective,distinto,,,Que es diferente o no igual a otro.,,Cada persona tiene un estilo distinto.,Each person has a different style.,
distract,B1,verb,distraer,,,Hacer que alguien pierda la atención o se desvíe de lo que estaba haciendo.,,La televisión puede distraer a los estudiantes durante el estudio.,Television can distract students while studying.,
fun,B1,feminine,diversión,,,Actividad que produce alegría o entretenimiento.,,La fiesta fue una gran diversión para todos.,The party was a great fun for everyone.,
have fun,B1,verb,divertir,,,Causar diversión o entretenimiento a alguien.,,Nos vamos a divertir mucho en el campamento.,We're going to have a lot of fun at the camp.,
divide,B1,verb,dividir,,,Separar un todo en partes.,,Vamos a dividir la tarea entre todos.,Let’s divide the task among everyone.,
division,B1,feminine,división,,,Parte en que se divide un todo.,,La división del grupo fue inesperada.,The division of the group was unexpected.,
doctor,B1,masculine,doctor,,,Persona que ejerce la medicina.,,El doctor me recetó un jarabe para la tos.,The doctor prescribed me a syrup for the cough.,
document,B1,masculine,documento,,,Escrito oficial que certifica o prueba algo.,,Firmé el documento esta mañana.,I signed the document this morning.,
dominate,B1,verb,dominar,,,Tener control o poder sobre algo o alguien.,,Quieren dominar el mercado con su nuevo producto.,They want to dominate the market with their new product.,
drama,B1,masculine,drama,,,Obra literaria o artística que presenta un conflicto humano.,,Me encanta el drama en las películas clásicas.,I love drama in classic movies.,
duration,B1,feminine,duración,,,Tiempo que transcurre entre el inicio y el fin de algo.,,La duración del curso es de tres meses.,The course lasts three months.,
ecology,B1,feminine,ecología,,,Ciencia que estudia las relaciones entre los seres vivos y el medio ambiente.,,La ecología es esencial para proteger nuestros bosques y ríos.,Ecology is essential to protect our forests and rivers.,
"economy, economics",B1,feminine,economía,,,"Ciencia que estudia la producción, distribución y consumo de bienes y servicios.",,La economía del país creció un dos por ciento el año pasado.,The country’s economy grew by two percent last year.,
economic,B1,adjective,económico,,,Que resulta barato o relacionado con la economía.,,Buscamos una solución económica para reducir los gastos.,We are looking for an economical solution to reduce expenses.,
"education, manners",B1,feminine,educación,,,Proceso de formación y enseñanza de las personas.,,La educación y los buenos modales son fundamentales en la sociedad.,Education and good manners are fundamental in society.,
educate,B1,verb,educar,,,Formar y orientar en conocimientos y valores.,,Los maestros deben educar a los estudiantes con respeto.,Teachers must educate students with respect.,
effect,B1,masculine,efecto,,,Resultado producido por una causa.,,El efecto del medicamento se nota al cabo de una hora.,The effect of the medication is noticeable after an hour.,
army,B1,masculine,ejército,,,Conjunto de fuerzas armadas de un país.,,El ejército llegó para ayudar en la emergencia.,The army arrived to help in the emergency.,
"choice, election",B1,feminine,elección,,,Acción de escoger entre varias opciones.,,La elección fue muy difícil.,The election was very difficult.,
electricity,B1,feminine,electricidad,,,Forma de energía producida por el movimiento de electrones.,,No pudimos dormir por falta de electricidad durante el temporal.,We couldn’t sleep due to a power outage during the storm.,
"choose, elect",B1,verb,elegir,,,Escoger o seleccionar entre varias posibilidades.,,Voy a elegir el vestido azul.,I’m going to choose the blue dress.,
element,B1,masculine,elemento,,,Parte integrante de un conjunto.,,El oxígeno es un elemento esencial para la vida.,Oxygen is an essential element for life.,
eliminate,B1,verb,eliminar,,,Quitar o suprimir algo por completo.,,Es necesario eliminar los errores del informe.,It is necessary to eliminate the mistakes from the report.,
excited,B1,adjective,emocionado,,,Que siente una emoción intensa; conmovido.,,Estoy muy emocionado por el viaje de fin de semana.,I’m very excited about the weekend trip.,
job,B1,masculine,empleo,,,Trabajo o cargo remunerado.,,Encontró un empleo en una empresa internacional.,He found a job in an international company.,
however,B1,conjunction,en cambio,,,Introduce oposición frente a lo anterior.,,"Quería ir al cine; en cambio, fuimos al teatro.","I wanted to go to the cinema; however, we went to the theater.",
as soon as,B1,conjunction,en cuanto,,,Introduce el momento en que ocurre algo.,,"En cuanto termines la cena, podemos salir a pasear.","As soon as you finish dinner, we can go for a walk.",
in summary,B1,adverb,en resumen,,,De manera resumida.,,"En resumen, todos estuvieron de acuerdo en posponer la reunión.","In summary, everyone agreed to postpone the meeting.",
everywhere,B1,adverb,en todas partes,,,En todos los lugares.,,Hay flores en todas partes del jardín.,There are flowers all over the garden.,
everywhere,B1,adverb,en todos lados,,,Expresión equivalente a “en todas partes”.,,He buscado ese libro en todos lados sin encontrarlo.,I have looked for that book everywhere without finding it.,
pleased,B1,adjective,encantado,,,Que siente satisfacción al conocer o tratar a alguien.,,Estoy encantado de haberte conocido.,I’m delighted to have met you.,
enemy,B1,masculine,enemigo,,,Persona contraria o que mantiene una actitud de oposición.,,El enemigo atacó el castillo por la noche.,The enemy attacked the castle at night.,
disease,B1,feminine,enfermedad,,,Alteración de la salud del cuerpo.,,Esa enfermedad se transmite por contacto directo.,That disease is transmitted by direct contact.,
"sick, ill",B1,adjective,enfermo,,,Que padece una enfermedad.,,Me sentí enfermo después de comer marisco en mal estado.,I felt sick after eating spoiled seafood.,
"cheat, deceive",B1,verb,engañar,,,Hacer creer algo falso a una persona.,,No me gusta cuando alguien intenta engañar.,I don’t like it when someone tries to cheat.,
get angry,B1,verb,enojarse,,,Ponerse de mal humor o enfadarse.,,Se enoja cuando alguien no cumple su palabra.,He gets angry when someone doesn’t keep their word.,
enormous,B1,adjective,enorme,,,De gran tamaño o intensidad.,,La montaña tiene una vista enorme desde la cima.,The mountain offers a huge view from the top.,
"education, teaching",B1,feminine,enseñanza,,,Acción de enseñar o transmitir conocimientos.,,La enseñanza debe adaptarse a cada alumno.,Teaching must be adapted to each student.,
trainer,B1,adjective,entrenador,,,Que se dedica a entrenar a otros.,,El entrenador me recomendó entrenar tres veces por semana.,The trainer recommended that I train three times a week.,
training,B1,masculine,entrenamiento,,,Conjunto de ejercicios o preparación física.,,El entrenamiento de mañana empezará a las ocho.,Tomorrow’s training will start at eight.,
interview,B1,feminine,entrevista,,,Encuentro en el que se hacen preguntas a alguien.,,Tuve una entrevista de trabajo esta mañana.,I had a job interview this morning.,
wrap,B1,verb,envolver,,,Cubrir con papel u otro material una cosa.,,Voy a envolver el regalo con papel bonito.,I’m going to wrap the gift with nice paper.,
mistake,B1,verb,equivocar,,,Cometer un error o equivocarse.,,No quiero equivocarme en la respuesta.,I don’t want to make a mistake in the answer.,
burp,B1,verb,eructar,,,Expulsar aire ruidosamente por la boca tras comer o beber.,,Es de mala educación eructar en la mesa.,It’s bad manners to burp at the table.,
climb,B1,verb,escalar,,,Subir por una pendiente o superficie empinada.,,Vamos a escalar la pared de roca este fin de semana.,We’re going to climb the rock wall this weekend.,
escalator,B1,feminine,escalera mecánica,,,Escalera automática que se mueve por sí misma.,,Tomamos la escalera mecánica para bajar al sótano del centro comercial.,We took the escalator to go down to the basement of the shopping center.,
escape,B1,verb,escapar,,,Escaparse o huir de un lugar.,,El prisionero logró escapar durante el traslado al juzgado.,The prisoner managed to escape during the transfer to the courthouse.,
showcase,B1,masculine,escaparate,,,Espacio acristalado de una tienda donde se exponen productos.,,El escaparate del centro comercial está decorado con luces de Navidad.,The shop window in the mall is decorated with Christmas lights.,
escape,B1,verb,escaparse,,,Huir o alejarse de un lugar o situación.,,El ladrón logró escaparse por la ventana.,The thief managed to escape through the window.,
"scene, stage",B1,feminine,escena,,,Parte de una obra teatral o situación que se representa.,,La escena final fue muy emotiva.,The final scene was very emotional.,
slave,B1,masculine,esclavo,,,Persona privada de libertad y obligada a trabajar sin derechos.,,El esclavo trabajaba muchas horas sin descanso.,The slave worked many hours without rest.,
broom,B1,feminine,escoba,,,Utensilio para barrer el suelo.,,Barrí la cocina con una escoba nueva.,I swept the kitchen with a new broom.,
choose,B1,verb,escoger,,,Elegir entre varias opciones.,,"Tardé un rato en escoger el regalo, pero creo que le va a gustar.","It took me a while to choose the gift, but I think they’re going to like it.",
written,B1,adjective,escrito,,,Que está escrito con palabras.,,El trabajo ya está escrito.,The work is already written.,
speciality,B1,feminine,especialidad,,,Campo en el que alguien tiene conocimientos o práctica especial.,,Su especialidad es la cocina tradicional española.,His specialty is traditional Spanish cuisine.,
specialist,B1,masculine,especialista,,,Persona experta en una materia.,,El especialista explicó el tratamiento a seguir.,The specialist explained the treatment to follow.,
especially,B1,adverb,especialmente,,,De manera destacada o principal.,,Me gusta especialmente el queso manchego.,I especially like Manchego cheese.,
species,B1,feminine,especie,,,Conjunto de seres vivos con características comunes que permiten agruparlos.,,El panda es una especie en peligro de extinción.,The panda is a species in danger of extinction.,
wait,B1,feminine,espera,,,Tiempo en que alguien aguarda.,,"La espera fue larga, pero valió la pena.","The wait was long, but it was worth it.",
expected,B1,adjective,esperado,,,Que se espera o se desea.,,No cumplió con lo esperado en su primer examen.,He didn’t meet expectations on his first exam.,
spinach,B1,feminine,espinaca,,,Planta de hojas verdes comestibles que se consume como verdura.,,La espinaca es rica en hierro.,Spinach is rich in iron.,
"station, season",B1,feminine,estación,,,Parada de transporte público o época del año.,,Nos encontraremos en la estación de tren a las cinco.,We’ll meet at the train station at five.,
"stadium, stage",B1,masculine,estadio,,,Lugar destinado a competiciones deportivas o espectáculos.,,El estadio albergará el concierto de rock el sábado.,The stadium will host the rock concert on Saturday.,
state,B1,masculine,estado,,,Situación en la que se encuentra algo o alguien.,,El estado de ánimo del equipo es muy positivo después de la victoria.,The team’s mood is very positive after the victory.,
American,B1,adjective,estadounidense,,,Natural de Estados Unidos o relativo a ese país.,,"Es una película muy estadounidense, con muchas escenas de acción.","It is a very American movie, with many action scenes.",
structure,B1,feminine,estructura,,,Conjunto de elementos organizados en un sistema.,,La estructura del informe es clara y organizada.,The structure of the report is clear and organized.,
"et cetera, and so on",B1,adverb,etcétera,,,Expresión que indica que se omite una serie de elementos similares a los ya mencionados.,,"Estudiamos los planetas, las estrellas, etcétera.","We studied the planets, the stars, etcetera.",
label,B1,feminine,etiqueta,,,"Etiqueta de papel, tela o plástico que indica información.",,La etiqueta dice que esta camisa es de algodón.,The label says this shirt is made of cotton.,
event,B1,masculine,evento,,,Acontecimiento importante y organizado.,,El evento contará con la presencia de invitados internacionales.,The event will feature the presence of international guests.,
evident,B1,adjective,evidente,,,Que es obvio o claro.,,Es evidente que necesita ayuda.,It is evident that he needs help.,
avoid,B1,verb,evitar,,,Impedir que algo suceda.,,Quiero evitar los errores de la última vez.,I want to avoid the mistakes from last time.,
"examination, exam",B1,masculine,examen,,,Prueba para evaluar conocimientos o capacidades.,,Estoy nervioso por el examen de mañana.,I’m nervous about tomorrow’s exam.,
experience,B1,feminine,experiencia,,,Conjunto de vivencias o aprendizajes.,,La experiencia de vivir en el extranjero me cambió como persona.,The experience of living abroad changed me as a person.,
explain,B1,verb,explicar,,,Dar a conocer el sentido de algo con palabras.,,Me explicó con detalle cómo usar el nuevo software.,He explained in detail how to use the new software.,
"strange, foreign",B1,adjective,extraño,,,Que resulta raro o poco común.,,Ese sonido me parece muy extraño en este contexto.,That sound seems very strange to me in this context.,
ease,B1,feminine,facilidad,,,Facilidad para hacer o lograr algo.,,"Con un poco de práctica, resolvió el problema con facilidad.","With a little practice, he solved the problem with ease.",
factor,B1,masculine,factor,,,Circunstancia que influye en un resultado.,,La motivación es un factor clave para el aprendizaje eficaz.,Motivation is a key factor for effective learning.,
"bill, invoice, toll",B1,feminine,factura,,,Documento con la relación de una compra o servicio con su precio.,,Aún no he recibido la factura del restaurante.,I still haven’t received the restaurant bill.,
"fail, crash",B1,verb,fallar,,,No acertar o fracasar en algo.,,El sistema puede fallar si no lo actualizas.,The system might fail if you don’t update it.,
fame,B1,feminine,fama,,,Reputación o reconocimiento de una persona.,,La fama puede cambiar la vida de una persona.,Fame can change a person’s life.,
"familial, familiar",B1,adjective,familiar,,,Relacionado con la familia.,,Pasamos las fiestas en un ambiente muy familiar.,We spent the holidays in a very family-oriented atmosphere.,
famous,B1,adjective,famoso,,,Que es muy conocido por la gente.,,Ese actor es muy famoso en todo el país.,That actor is very famous across the country.,
fantastic,B1,adjective,fantástico,,,Que resulta extraordinario o sorprendente.,,¡Qué concierto tan fantástico vimos anoche!,What a fantastic concert we saw last night!,
faith,B1,feminine,fe,,,Confianza en algo o alguien sin necesidad de pruebas.,,Siguió adelante con mucha fe en su proyecto.,She moved forward with great faith in her project.,
happiness,B1,feminine,felicidad,,,Estado de satisfacción y bienestar.,,La felicidad no depende solo del dinero.,Happiness does not depend solely on money.,
feminine,B1,adjective,femenino,,,Relacionado con las mujeres.,,El sustantivo “mesa” es femenino.,The noun “mesa” is feminine.,
fair,B1,feminine,feria,,,Evento público con actividades de ocio o comercio.,,Vamos a la feria del libro este fin de semana.,We’re going to the book fair this weekend.,
holiday,B1,masculine,festivo,,,Día de fiesta.,,El lunes es festivo en toda la ciudad.,Monday is a holiday throughout the city.,
festive,B1,adjective,festivo,,,Que se celebra en un día de fiesta.,,El ambiente era muy festivo durante la fiesta.,The mood was very festive during the party.,
fiction,B1,feminine,ficción,,,Relato inventado e irreal.,,Prefiero la ficción a los documentales.,I prefer fiction over documentaries.,
figure,B1,feminine,figura,,,Forma exterior de un cuerpo o de una cosa.,,La figura del bailarín era elegante y precisa.,The dancer’s figure was elegant and precise.,
filter,B1,masculine,filtro,,,"Dispositivo que sirve para separar impurezas o partículas de un líquido, gas o luz.",,El filtro del aire acondicionado está sucio.,The air conditioning filter is dirty.,
final,B1,adjective,final,,,Que está en la última parte de un proceso.,,El examen final será el próximo viernes.,The final exam will be next Friday.,
finish,B1,verb,finalizar,,,Dar fin a una actividad o proceso.,,Vamos a finalizar el proyecto hoy.,We’re going to finish the project today.,
focus,B1,masculine,foco,,,Dispositivo que concentra luz.,,Debemos mantener el foco en los objetivos del trimestre.,We must keep the focus on this quarter’s objectives.,
brochure,B1,masculine,folleto,,,Publicación impresa breve que sirve para informar o publicitar algo.,,¿Tienes un folleto con la información del viaje?,Do you have a brochure with the trip information?,
formula,B1,feminine,fórmula,,,Conjunto de reglas o método para realizar algo.,,Usaron una fórmula para resolver el problema.,They used a formula to solve the problem.,
"fortune, luck",B1,feminine,fortuna,,,Suerte o riqueza.,,"Con esa inversión, aumentó su fortuna notablemente.","With that investment, his fortune increased noticeably.",
raspberry,B1,feminine,frambuesa,,,"Fruto rojo pequeño, blando y comestible.",,Prefiero el yogur con sabor a frambuesa.,I prefer raspberry-flavored yogurt.,
frequent,B1,adjective,frecuente,,,Que ocurre con frecuencia.,,Los errores son frecuentes al comenzar un nuevo idioma.,Mistakes are frequent when starting a new language.,
scrub,B1,verb,fregar,,,"Lavar algo con agua y jabón, especialmente platos o suelos.",,Voy a fregar los platos después de la cena.,I’m going to scrub the dishes after dinner.,
braces,B1,masculine,frenillos,,LA,Aparatos metálicos que se ponen en los dientes para corregirlos.,,Mi hermano lleva frenillos desde hace un año.,My brother has had braces for a year.,
brake,B1,masculine,freno,,,Mecanismo para detener el movimiento de un vehículo.,,Pisa el freno con suavidad en las curvas.,Press the brake gently on the curves.,
"fresh, cool",B1,adjective,fresco,,,Que está recién hecho o resulta natural.,,Prefiero el pescado fresco antes que el congelado.,I prefer fresh fish to frozen.,
fry,B1,verb,fritar,,LA,Cocinar en aceite muy caliente.,,Voy a fritar unas croquetas para la cena.,I’m going to fry some croquettes for dinner.,
fried,B1,adjective,frito,,,Que ha sido cocinado en aceite.,,Estas empanadillas ya están fritas y listas para servir.,These turnovers are already fried and ready to serve.,
force,B1,feminine,fuerza,,,Capacidad física o moral para mover algo o resistir.,,La fuerza del viento arrancó varias ramas.,The force of the wind broke several branches.,
"work, function",B1,verb,funcionar,,,Tener utilidad o servir para un fin.,,El sistema ya no funciona correctamente después de la actualización.,The system no longer functions properly after the update.,
guarantee,B1,feminine,garantía,,,Compromiso de que algo se cumplirá o funcionará.,,Tengo la garantía del producto en la caja.,I have the product’s guarantee in the box.,
gas,B1,masculine,gas,,,Sustancia que se encuentra en estado gaseoso.,,El gas se escapaba de la cocina y olía fuerte.,Gas was leaking from the kitchen and smelled strongly.,
fizzy,B1,adjective,gaseoso,,,Que está en forma de gas o que contiene gas.,,Me gusta el agua con gas porque es gaseosa.,I like sparkling water because it’s fizzy.,
expense,B1,masculine,gasto,,,Cantidad de dinero gastada en algo.,,Este mes el gasto en electricidad fue más alto de lo normal.,"This month, the electricity expense was higher than usual.",
generation,B1,feminine,generación,,,Conjunto de personas nacidas en una misma época.,,Cada generación tiene sus propios desafíos.,Each generation has its own challenges.,
generally,B1,adverb,generalmente,,,De manera habitual o frecuente.,,Generalmente estudio por la noche cuando hay silencio.,I usually study at night when it’s quiet.,
generous,B1,adjective,generoso,,,Que da más de lo que tiene o comparte con los demás.,,Mi abuela es muy generosa con todos.,My grandmother is very generous with everyone.,
"great, cool",B1,adjective,genial,,,Que resulta excelente o estupendo.,,¡Qué idea tan genial tuviste!,What a great idea you had!,
geometry,B1,feminine,geometría,,,"Rama de las matemáticas que estudia las formas, sus propiedades y sus relaciones en el espacio.",,En clase de geometría aprendemos sobre triángulos y círculos.,In geometry class we learn about triangles and circles.,
gesture,B1,masculine,gesto,,,"Movimiento del rostro, las manos u otra parte del cuerpo que expresa una intención, sentimiento o idea.",,Me hizo un gesto con la mano para que me acercara a la puerta.,They motioned with their hand for me to come closer to the door.,
gigantic,B1,adjective,gigante,,,De tamaño extraordinariamente grande.,,El rascacielos es una estructura realmente gigante.,The skyscraper is a truly gigantic structure.,
governor,B1,masculine,gobernador,,,Persona que dirige una provincia o región.,,El gobernador anunció nuevas medidas económicas.,The governor announced new economic measures.,
government,B1,masculine,gobierno,,,Conjunto de autoridades que dirigen un país o territorio.,,El gobierno propone una reforma educativa.,The government is proposing an educational reform.,
golf,B1,masculine,golf,,,Deporte en el que se golpea una bola con palos para introducirla en hoyos en el suelo.,,El golf requiere mucha concentración y paciencia.,Golf requires a lot of concentration and patience.,
"degree, grade",B1,masculine,grado,,,Nivel o medida de intensidad o avance en algo.,,Para obtener este puesto necesitas un buen grado universitario.,"To get this position, you need a good university degree.",
grammar,B1,feminine,gramática,,,Conjunto de reglas de una lengua sobre el uso correcto.,,Estudia gramática todos los días para mejorar su escritura.,She studies grammar every day to improve her writing.,
grain,B1,masculine,grano,,,"Semilla pequeña de cereales, frutas o en la piel.",,El grano de arroz se cultiva en zonas húmedas.,The grain of rice is grown in humid areas.,
rude,B1,adjective,grosero,,,Que carece de educación o respeto.,,Es grosero interrumpir cuando alguien está hablando.,It’s rude to interrupt when someone is speaking.,
war,B1,feminine,guerra,,,Enfrentamiento armado entre naciones o grupos.,,La guerra destruyó muchas ciudades del país.,The war destroyed many cities in the country.,
guide,B1,verb,guiar,,,Mostrar el camino o dirigir a alguien en sus acciones.,,El guía va a guiar a los turistas por la ciudad.,The guide is going to guide the tourists around the city.,
have,B1,verb,haber,,,Verbo auxiliar que se usa para formar los tiempos compuestos.,,Debe de haber otra forma de solucionar esto.,There must be another way to solve this.,
habit,B1,masculine,hábito,,,Costumbre adquirida por la repetición de actos.,,Tengo el hábito de leer antes de dormir.,I have the habit of reading before going to sleep.,
usual,B1,adjective,habitual,,,Que se repite con frecuencia.,,Es habitual tomar café después de comer.,It is usual to have coffee after eating.,
speech,B1,feminine,habla,,,Capacidad de hablar o modo de expresarse.,,Su forma de hablar demuestra mucha seguridad.,His way of speaking shows a lot of confidence.,
fairy,B1,feminine,hada,,,"Ser fantástico con forma de mujer, con poderes mágicos, propio de cuentos y leyendas.",,El niño cree en un hada buena.,The child believes in a good fairy.,
beautiful,B1,adjective,hermoso,,,Que resulta bello o de gran atractivo.,,El paisaje era tan hermoso que no quería irme.,The landscape was so beautiful I didn’t want to leave.,
iron,B1,masculine,hierro,,,Metal duro de color grisáceo usado en construcción.,,El hierro es un material muy utilizado en construcción.,Iron is a widely used material in construction.,
history,B1,feminine,historia,,,Narración de hechos verdaderos o imaginarios del pasado.,,Me encanta leer sobre la historia de Europa.,I love reading about the history of Europe.,
home,B1,masculine,hogar,,,"Lugar donde vive una persona, casa o residencia.",,Volvimos al hogar después de un largo viaje.,We returned home after a long trip.,
"leaf, sheet",B1,feminine,hoja,,,Parte plana y delgada de una planta que nace del tallo.,,Esa hoja cayó del árbol sin hacer ruido.,That leaf fell from the tree without making a sound.,
"deep, profound",B1,adjective,hondo,,,Que tiene gran profundidad.,,El río es tan hondo que no se puede ver el fondo.,The river is so deep that you can’t see the bottom.,
schedule,B1,masculine,horario,,,Distribución de horas para realizar actividades.,,Mi horario de clases cambia cada semestre.,My class schedule changes every semester.,
horrible,B1,adjective,horrible,,,Que produce horror o resulta muy malo.,,La comida estaba horrible y no la terminamos.,The food was horrible and we didn’t finish it.,
vegetable,B1,feminine,hortaliza,,,"Planta comestible de huerta, generalmente de tallo tierno, hoja o fruto.",,En el mercado compramos una hortaliza de temporada para preparar una sopa.,At the market we bought a seasonal vegetable to make a soup.,
"nowadays, these days",B1,adverb,hoy en día,,,"En la actualidad, en el presente.",,Hoy en día muchas personas trabajan desde casa.,"Nowadays, many people work from home.",
bone,B1,masculine,hueso,,,Parte dura del esqueleto de los vertebrados.,,El médico dijo que me rompí un hueso del brazo.,The doctor said I broke a bone in my arm.,
guest,B1,masculine,huésped,,,Persona que se aloja temporalmente en una casa o establecimiento.,,El hotel ofrece desayuno gratis a cada huésped.,The hotel offers free breakfast to each guest.,
flee,B1,verb,huir,,,Escapar rápidamente de un lugar para evitar un peligro.,,El ladrón intentó huir cuando llegó la policía.,The thief tried to run away when the police arrived.,
"human, humane",B1,adjective,humano,,,Que pertenece a los hombres y mujeres como especie.,,Debemos encontrar soluciones más humanas al problema.,We must find more humane solutions to the problem.,
"human, human being",B1,masculine,humano,,,Ser humano.,,El ser humano necesita conexión y afecto para desarrollarse.,The human being needs connection and affection to thrive.,
humidity,B1,feminine,humedad,,,Cantidad de vapor de agua presente en el aire o en un objeto.,,La humedad en esta habitación es muy alta en invierno.,The humidity in this room is very high in winter.,
ideal,B1,adjective,ideal,,,Que representa lo mejor posible o es perfecto.,,Este lugar es ideal para pasar un fin de semana tranquilo.,This place is ideal for spending a quiet weekend.,
identity,B1,feminine,identidad,,,Conjunto de rasgos que distinguen a una persona.,,Ella busca su identidad a través del arte.,She searches for her identity through art.,
equal,B1,adjective,igual,,,Que es igual a otro o tiene las mismas condiciones.,,Todos deben recibir un trato igual ante la ley.,Everyone should receive equal treatment under the law.,
equally,B1,adverb,igualmente,,,De la misma manera o con el mismo trato que otra cosa o persona.,,"Me ayudaste mucho, y yo te ayudaré igualmente.","You helped me a lot, and I will help you as well.",
illegal,B1,adjective,ilegal,,,Que está en contra de la ley.,,Es ilegal estacionar aquí.,It’s illegal to park here.,
importance,B1,feminine,importancia,,,Valor o relevancia de algo o alguien.,,Reconocieron la importancia de actuar con rapidez.,They recognized the importance of acting quickly.,
"be important, import",B1,verb,importar,,,Tener importancia o interés para alguien.,,"No me importa el dinero, prefiero la tranquilidad.",I don’t care about money; I prefer peace of mind.,
impression,B1,feminine,impresión,,,Efecto o huella que causa algo en la mente o los sentidos.,,Tu carta me causó una gran impresión.,Your letter made a big impression on me.,
impressive,B1,adjective,impresionante,,,Que causa admiración o asombro.,,La vista desde la montaña es impresionante.,The view from the mountain is impressive.,
tax,B1,masculine,impuesto,,,Cantidad de dinero que se paga obligatoriamente al Estado.,,Pagamos el impuesto municipal al principio del año.,We paid the municipal tax at the beginning of the year.,
"incident, happening",B1,feminine,incidencia,,,Acontecimiento o suceso que ocurre.,,La incidencia de robos ha aumentado en esta zona recientemente.,The incidence of thefts has recently increased in this area.,
include,B1,verb,incluir,,,Formar parte de un todo o hacer que algo esté contenido en él.,,Quiero incluir tu nombre en la lista de invitados.,I want to include your name on the guest list.,
incredible,B1,adjective,increíble,,,"Que resulta sorprendente, extraordinario o fuera de lo común.",,La vista desde la montaña era increíble.,The view from the mountain was incredible.,
individual,B1,adjective,individual,,,Que pertenece a una sola persona.,,Cada individuo tiene derecho a expresar su opinión.,Each individual has the right to express their opinion.,
industry,B1,feminine,industria,,,Actividad de transformación de materias primas en productos.,,La industria del turismo ha crecido mucho.,The tourism industry has grown a lot.,
influence,B1,feminine,influencia,,,Efecto o poder que una cosa ejerce sobre otra.,,La influencia de su madre fue clave en su decisión.,The influence of his mother was key in his decision.,
report,B1,masculine,informe,,,Documento escrito que expone información.,,El informe está sobre la mesa.,The report is on the table.,
ingredient,B1,masculine,ingrediente,,,Sustancia que forma parte de una preparación.,,Añadimos un nuevo ingrediente a la receta tradicional.,We added a new ingredient to the traditional recipe.,
initial,B1,adjective,inicial,,,Que está en la primera fase o momento.,,La fase inicial del proyecto ya está terminada.,The initial phase of the project is already finished.,
start,B1,verb,iniciar,,,Comenzar una acción o un proyecto.,,Queremos iniciar el proyecto la próxima semana.,We want to start the project next week.,
"unjust, unfair",B1,adjective,injusto,,,Que no es justo ni equitativo.,,Es injusto que unos tengan tantas oportunidades y otros tan pocas.,It’s unfair that some have so many opportunities and others so few.,
innocence,B1,feminine,inocencia,,,Estado de pureza y falta de maldad.,,La inocencia del acusado fue demostrada.,The defendant’s innocence was proven.,
installation,B1,feminine,instalación,,,Obra o servicio colocado para un fin determinado.,,La instalación del programa fue rápida.,The program installation was quick.,
install,B1,verb,instalar,,,Colocar en un lugar un aparato o servicio.,,Necesito instalar una nueva aplicación.,I need to install a new app.,
instant,B1,masculine,instante,,,Momento muy breve de tiempo.,,En un instante la sala quedó en silencio.,In an instant the room fell silent.,
"institute, high school",B1,masculine,instituto,,,Centro de enseñanza secundaria.,,El instituto está organizando un viaje de fin de curso.,The institute is organizing an end-of-year trip.,
institute,B1,masculine,instituto,,,Centro dedicado a la investigación o enseñanza superior.,,Mi hermana estudia en un instituto público.,My sister studies at a public high school.,
instrument,B1,masculine,instrumento,,,Objeto que sirve para producir o realizar algo.,,Toca varios instrumentos desde que era niño.,He has played several instruments since childhood.,
intelligent,B1,adjective,inteligente,,,Que tiene capacidad de entender y razonar bien.,,Es un niño muy inteligente para su edad.,He’s a very intelligent child for his age.,
exchange,B1,verb,intercambiar,,,Cambiar una cosa por otra entre dos o más personas.,,Vamos a intercambiar regalos en la fiesta.,We’re going to exchange gifts at the party.,
exchange,B1,masculine,intercambio,,,Acción de dar y recibir algo de manera recíproca.,,El intercambio de ideas fue muy útil.,The exchange of ideas was very helpful.,
interest,B1,masculine,interés,,,Atracción o deseo por conocer o participar en algo.,,Mostró gran interés por la cultura japonesa.,He showed great interest in Japanese culture.,
interesting,B1,adjective,interesante,,,Que despierta interés.,,La película fue muy interesante de principio a fin.,The movie was very interesting from beginning to end.,
intermediate,B1,adjective,intermedio,,,Que está entre dos extremos o niveles.,,Estoy en el nivel intermedio de español.,I am at the intermediate level of Spanish.,
interrupt,B1,verb,interrumpir,,,Cortar la continuidad de algo; detener temporalmente una acción o discurso.,,"No me gusta interrumpir, pero tengo una pregunta importante.","I don’t like to interrupt, but I have an important question.",
Japanese,B1,masculine,japonés,,,Lengua oficial hablada en Japón.,,Mi amigo es japonés y vive en Madrid.,My friend is Japanese and lives in Madrid.,
Japanese,B1,adjective,japonés,,,Originario de Japón o relacionado con ese país.,,El sushi es un plato japonés muy conocido.,Sushi is a very well-known Japanese dish.,
jewel,B1,feminine,joya,,,Objeto de valor hecho con materiales preciosos.,,Esa joya perteneció a mi abuela.,That jewel belonged to my grandmother.,
retiree,B1,masculine,jubilado,,,Persona retirada del trabajo por edad.,,El jubilado pasa las mañanas leyendo el periódico.,The retiree spends his mornings reading the newspaper.,
retired,B1,adjective,jubilado,,,Que ha dejado de trabajar por jubilación.,,Mi padre ya está jubilado y tiene más tiempo libre.,My father is already retired and has more free time.,
council,B1,feminine,junta,,,Reunión de varias personas para tratar un asunto.,,La junta directiva se reunirá mañana por la tarde.,The board of directors will meet tomorrow afternoon.,
together,B1,adverb,junto,,,Muy cerca o al lado de algo.,,Caminamos junto al río hasta el atardecer.,We walked along the river until sunset.,
karaoke,B1,masculine,karaoke,,,Actividad en la que se canta con música pregrabada.,,Vamos a cantar en el karaoke esta noche.,We’re going to sing at karaoke tonight.,
"labor, work",B1,feminine,labor,,,Trabajo o tarea que se realiza.,,La labor del equipo fue clave para completar el proyecto a tiempo.,The team’s work was key to completing the project on time.,
thief,B1,masculine,ladrón,,,Persona que roba.,,El ladrón entró por la ventana.,The thief came in through the window.,
launch,B1,verb,lanzar,,,Impulsar algo con fuerza para que se mueva o se difunda.,,La empresa va a lanzar un nuevo producto al mercado.,The company is going to launch a new product on the market.,
washed,B1,masculine,lavado,,,Proceso mediante el cual se limpia algo con agua u otro líquido.,,El lavado de la ropa tarda una hora en la lavadora.,The laundry takes an hour in the washing machine.,
legal,B1,adjective,legal,,,Que está conforme con la ley.,,Este contrato es legal.,This contract is legal.,
far,B1,adjective,lejano,,,Que está a gran distancia en el espacio o el tiempo.,,Ese país está en una región lejana del continente.,That country is in a remote region of the continent.,
lens,B1,masculine,lente,,,Cristal o pieza transparente que concentra o corrige la visión.,,Mi cámara necesita un lente nuevo para tomar fotos de cerca.,My camera needs a new lens to take close-up photos.,
"glasses, eyeglasses",B1,los,lentes,,LA,"Gafas, objeto con dos lentes para mejorar la vista.",,Mis lentes están rayados y necesito unos nuevos.,My glasses are scratched and I need new ones.,
"raise, lift",B1,verb,levantar,,,Alzar o poner algo en una posición más alta; también erigir o suspender una medida.,,"Si te duele la espalda, intenta levantar las cajas doblando las piernas.","If your back hurts, try lifting the boxes by bending your knees.",
law,B1,feminine,ley,,,Conjunto de normas establecidas por una autoridad.,,La nueva ley prohíbe el uso de plásticos de un solo uso.,The new law bans the use of single-use plastics.,
"freedom, liberty",B1,feminine,libertad,,,Estado en que una persona actúa sin estar sometida a otro.,,La libertad de expresión es un derecho fundamental.,Freedom of expression is a fundamental right.,
license,B1,feminine,licencia,,,Permiso oficial para hacer algo.,,Para conducir necesitas una licencia válida.,"To drive, you need a valid license.",
"tie, flirt",B1,verb,ligar,,,Intentar iniciar una relación afectiva o sexual.,,Algunos jóvenes intentan ligar en redes sociales con mensajes creativos.,Some young people try to pick up others on social media with creative messages.,
light,B1,adjective,ligero,,,Que pesa poco o que es fácil de mover o llevar.,,Prefiero llevar un abrigo ligero en primavera.,I prefer to wear a light coat in spring.,
limited,B1,adjective,limitado,,,Que tiene un límite.,,El número de plazas es limitado.,The number of spots is limited.,
limit,B1,verb,limitar,,,Poner límites a algo.,,Vamos a limitar el acceso a los visitantes.,We’re going to limit access to visitors.,
limit,B1,masculine,límite,,,"Línea real o imaginaria que marca hasta dónde llega una superficie, un espacio o un derecho.",,El límite de velocidad en esta carretera es de noventa kilómetros por hora.,The speed limit on this road is ninety kilometers per hour.,
liquid,B1,adjective,líquido,,,Que fluye y no es sólido.,,El detergente líquido es más fácil de disolver en agua fría.,Liquid detergent is easier to dissolve in cold water.,
smooth,B1,adjective,liso,,,Que es plano y sin asperezas.,,El lago está tan liso que parece un espejo.,The lake is so smooth that it looks like a mirror.,
call,B1,feminine,llamada,,,Acción de llamar por teléfono o con la voz.,,Recibí una llamada importante esta mañana.,I received an important call this morning.,
flat,B1,adjective,llano,,,"Que es plano, sin elevaciones ni desniveles.",,El terreno es llano y fácil de caminar.,The ground is flat and easy to walk on.,
arrival,B1,feminine,llegada,,,Acción de llegar a un lugar.,,La llegada del tren se retrasó por causas técnicas.,The train’s arrival was delayed due to technical issues.,
local,B1,adjective,local,,,Relacionado con un lugar concreto.,,Compramos productos frescos en el mercado local.,We buy fresh products at the local market.,
"achieve, manage to",B1,verb,lograr,,,Conseguir un objetivo o resultado.,,Ella logró superar todos los obstáculos con esfuerzo y perseverancia.,She managed to overcome all obstacles with effort and perseverance.,
achievement,B1,masculine,logro,,,Resultado positivo alcanzado con esfuerzo.,,Ese premio fue un gran logro para él.,That award was a great achievement for him.,
fight,B1,feminine,lucha,,,Enfrentamiento físico o simbólico entre personas o grupos.,,La lucha por los derechos humanos continúa.,The fight for human rights continues.,
fight,B1,verb,luchar,,,Pelear para conseguir algo o defenderse.,,Hay que luchar por lo que uno cree.,You have to fight for what you believe in.,
"male, strong, brave",B1,adjective,macho,,,Del sexo masculino.,,El personaje del libro es un guerrero macho muy valiente.,The book character is a very brave warrior.,
Madrilenian,B1,adjective,madrileño,,,Natural de Madrid o relativo a esta ciudad.,,Mi amigo madrileño me enseñó los lugares más bonitos de la ciudad.,My friend from Madrid showed me the most beautiful places in the city.,
"ripe, mature",B1,adjective,maduro,,,Que ha alcanzado desarrollo o madurez.,,El plátano está maduro y listo para comer.,The banana is ripe and ready to eat.,
magic,B1,feminine,magia,,,Conjunto de prácticas o poderes sobrenaturales que pretenden producir efectos extraordinarios.,,A los niños les encanta la magia.,Children love magic.,
drive,B1,verb,manejar,,LA,Conducir o dirigir un vehículo o situación.,,Prefiero manejar por la noche cuando hay menos tráfico.,I prefer to drive at night when there’s less traffic.,
"way, method",B1,feminine,manera,,,Forma o modo en que se hace algo.,,No me gusta la manera en que me habló.,I don’t like the way he spoke to me.,
maintain,B1,verb,mantener,,,"Conservar en un mismo estado; también, proporcionar lo necesario para la vida.",,Quiero mantener una buena relación contigo.,I want to maintain a good relationship with you.,
manual,B1,adjective,manual,,,Que se hace con las manos o sin ayuda de máquinas.,,Recibí un curso de formación manual sobre reparación de electrodomésticos.,I took a hands-on training course on appliance repair.,
put on makeup,B1,verb,maquillarse,,,Aplicar cosméticos en la cara para mejorar o cambiar el aspecto.,,Ella se maquilla antes de salir a cenar.,She puts on makeup before going out to dinner.,
vending machine,B1,feminine,máquina expendedora,,,Aparato que expende automáticamente productos al introducir dinero.,,Compré un refresco en la máquina expendedora del metro.,I bought a soda from the subway vending machine.,
razor,B1,feminine,maquinilla,,,Máquina pequeña usada para afeitar.,,Prefiero usar una maquinilla en lugar de una navaja.,I prefer to use an electric razor instead of a straight razor.,
mark,B1,feminine,marca,,,Señal que distingue un producto o identifica a una empresa.,,Esa marca es muy conocida.,That brand is very well known.,
mark,B1,verb,marcar,,,Colocar una señal o un símbolo para identificar algo.,,Voy a marcar la respuesta correcta.,I’m going to mark the correct answer.,
march,B1,feminine,marcha,,,"Movimiento de personas, vehículos o cosas de un lugar a otro.",,La marcha por los derechos sociales reunió a miles de personas.,The march for social rights brought together thousands of people.,
seafood,B1,masculine,marisco,,,Animal marino comestible con concha.,,En la costa sirven marisco fresco todos los días.,"On the coast, they serve fresh seafood every day.",
marble,B1,masculine,mármol,,,Roca metamórfica dura y brillante usada en construcción.,,La mesa está hecha de mármol blanco.,The table is made of white marble.,
Mars,B1,masculine,Marte,,,"Planeta del sistema solar, cuarto desde el Sol.",,Marte es el cuarto planeta del sistema solar.,Mars is the fourth planet in the solar system.,
mass,B1,feminine,masa,,,Conjunto de materia agrupada.,,La masa del pan debe reposar antes de hornearlo.,The bread dough must rest before baking.,
kill,B1,verb,matar,,,Quitar la vida a un ser vivo.,,El cazador intentó matar al jabalí en el bosque.,The hunter tried to kill the wild boar in the forest.,
material,B1,masculine,material,,,Sustancia con la que se fabrica algo.,,Necesitamos más material para terminar la obra.,We need more material to finish the construction.,
marriage,B1,masculine,matrimonio,,,Unión legal entre dos personas.,,Su matrimonio duró muchos años.,Their marriage lasted many years.,
maximum,B1,adjective,máximo,,,Que alcanza el grado más alto posible.,,El esfuerzo máximo de los atletas se notó en la final.,The athletes’ maximum effort was evident in the final.,
mechanical,B1,adjective,mecánico,,,Relacionado con la mecánica o con el uso de máquinas.,,El fallo mecánico del motor causó el accidente.,The mechanical failure of the engine caused the accident.,
medal,B1,feminine,medalla,,,Distinción otorgada como premio en competiciones.,,Ganó una medalla en la competencia.,He won a medal in the competition.,
middle,B1,masculine,medio,,,Elemento intermedio entre dos cosas o punto central.,,El medio de transporte más rápido aquí es el tren.,The fastest means of transport here is the train.,
measure,B1,verb,medir,,,"Determinar la longitud, volumen o peso de algo.",,El médico quiere medir mi presión arterial.,The doctor wants to measure my blood pressure.,
Mediterranean,B1,masculine,Mediterráneo,,,"Mar situado entre Europa, África y Asia.",,Pasamos las vacaciones navegando por el Mediterráneo.,We spent the holidays sailing through the Mediterranean.,
improvement,B1,feminine,mejora,,,Acción de hacer que algo sea mejor.,,Hubo una mejora en su salud.,There was an improvement in his health.,
memory,B1,feminine,memoria,,,Capacidad de recordar hechos o información.,,Tengo mala memoria para recordar fechas importantes.,I have a bad memory for remembering important dates.,
mention,B1,verb,mencionar,,,Nombrar o citar algo o a alguien.,,Quiero mencionar algunos puntos antes de terminar.,I want to mention a few points before finishing.,
message,B1,masculine,mensaje,,,Información transmitida de una persona a otra.,,Recibí un mensaje importante de mi jefe esta mañana.,I received an important message from my boss this morning.,
"lie, tell a lie",B1,verb,mentir,,,Decir algo falso con intención de engañar.,,"No debes mentir, siempre es mejor decir la verdad.",You shouldn’t lie; it’s always better to tell the truth.,
"lie, trick",B1,feminine,mentira,,,Cosa que no es verdad.,,La mentira que dijo causó muchos problemas.,The lie he told caused many problems.,
metal,B1,masculine,metal,,,Elemento sólido que suele ser conductor.,,Ese metal es muy pesado.,That metal is very heavy.,
mix,B1,verb,mezclar,,,Unir cosas diferentes para formar una sola.,,Voy a mezclar los ingredientes para hacer la masa.,I’m going to mix the ingredients to make the dough.,
member,B1,masculine,miembro,,,Persona que forma parte de un grupo o conjunto.,,Es un miembro activo del club de lectura.,He is an active member of the book club.,
"while, the more",B1,conjunction,mientras,,,Indica que una acción ocurre al mismo tiempo que otra.,,"Mientras más estudias, mejores resultados obtienes.","The more you study, the better results you get.",
look,B1,feminine,mirada,,,Acción de mirar o forma de mirar.,,Su mirada transmitía tristeza y cansancio.,Her gaze conveyed sadness and exhaustion.,
"lookout, viewpoint",B1,masculine,mirador,,,Lugar elevado para observar un paisaje.,,Desde el mirador se ve toda la ciudad.,You can see the whole city from the viewpoint.,
mystery,B1,masculine,misterio,,,Hecho difícil de comprender o explicar.,,No entiendo el misterio del cuadro.,I don’t understand the mystery of the painting.,
mysterious,B1,adjective,misterioso,,,Que resulta enigmático o difícil de entender.,,Ese lugar abandonado es muy misterioso.,That abandoned place is very mysterious.,
"way, method",B1,masculine,modo,,,Forma o manera de hacer algo.,,No hay un modo claro de resolver este conflicto.,There’s no clear way to solve this conflict.,
mojito,B1,masculine,mojito,,,"Bebida típica cubana hecha con ron, lima, azúcar y hierbabuena.",,Tomamos un mojito en el chiringuito.,We had a mojito at the beach bar.,
trouble,B1,feminine,molestia,,,Sensación de incomodidad o malestar.,,Fue una molestia tener que esperar tanto tiempo.,It was a bother having to wait so long.,
"bothered, upset, troubled",B1,adjective,molesto,,,Que causa molestia o incomodidad.,,Estoy molesto porque no cumplieron lo prometido.,I’m upset because they didn’t keep their promise.,
moment,B1,masculine,momento,,,Tiempo corto en que sucede algo.,,En ese momento no supe qué decir.,At that moment I didn’t know what to say.,
moral,B1,adjective,moral,,,Relacionado con las normas de conducta.,,Es importante tomar una decisión moral.,It’s important to make a moral decision.,
die,B1,verb,morir,,,Dejar de vivir.,,Nadie quiere morir solo y sin apoyo.,No one wants to die alone and unsupported.,
show,B1,verb,mostrar,,,Enseñar o poner a la vista algo.,,El guía nos mostró cómo funciona el sistema de riego.,The guide showed us how the irrigation system works.,
reason,B1,masculine,motivo,,,Razón que explica una acción o hecho.,,El motivo de su ausencia fue una emergencia familiar.,The reason for his absence was a family emergency.,
engine,B1,masculine,motor,,,Máquina que produce energía mecánica a partir de diferentes fuentes.,,El motor del coche no funciona y necesitamos repararlo.,The car’s engine doesn’t work and we need to repair it.,
move,B1,verb,mover,,,Cambiar de lugar o posición.,,"Puedes mover la mesa hacia la ventana, por favor.","Can you move the table toward the window, please?",
movement,B1,feminine,movimiento,,,"Desplazamiento de una persona, animal o cosa.",,El movimiento feminista ha ganado mucha fuerza en los últimos años.,The feminist movement has gained a lot of strength in recent years.,
move,B1,verb,mudarse,,,Cambiar de vivienda.,,Nos mudamos a un piso más grande el año pasado.,We moved to a bigger flat last year.,
piece of furniture,B1,masculine,mueble,,,Objeto que sirve para amueblar una casa.,,Este mueble es antiguo pero está bien conservado.,This piece of furniture is old but well preserved.,
global,B1,adjective,mundial,,,Que se extiende o afecta a todo el planeta.,,El cambio climático es un problema mundial que nos afecta a todos.,Climate change is a global problem that affects us all.,
world,B1,masculine,mundo,,,Planeta habitado por el ser humano.,,El mundo cambia rápidamente con la tecnología.,The world is changing rapidly with technology.,
wall,B1,masculine,muro,,,Pared de piedra o ladrillo.,,El muro del castillo es muy antiguo.,The wall of the castle is very old.,
musical,B1,adjective,musical,,,Relacionado con la música o con el arte de combinar sonidos.,,Tuvimos una tarde musical con guitarras y canciones.,We had a musical afternoon with guitars and songs.,
thigh,B1,masculine,muslo,,,"Parte superior de la pierna, entre la cadera y la rodilla.",,Me duele el muslo después de correr.,My thigh hurts after running.,
be born,B1,verb,nacer,,,Venir al mundo un ser vivo.,,Mi hermana va a nacer en diciembre.,My sister is going to be born in December.,
nation,B1,feminine,nación,,,Territorio políticamente organizado e independiente.,,Cada nación tiene su propia historia y cultura.,Each nation has its own history and culture.,
national,B1,adjective,nacional,,,Que pertenece a una nación.,,El himno nacional se canta en los actos oficiales.,The national anthem is sung at official events.,
orange,B1,adjective,naranja,,,De color semejante al de la fruta del naranjo.,,El vestido naranja es perfecto para el verano.,The orange dress is perfect for summer.,
orange tree,B1,masculine,naranjo,,,Árbol que produce naranjas.,,El naranjo del jardín da fruta cada año.,The orange tree in the garden bears fruit every year.,
ship,B1,feminine,nave,,,Embarcación de gran tamaño destinada a la navegación.,,La nave despegó con éxito desde la base espacial.,The ship successfully launched from the space base.,
need,B1,feminine,necesidad,,,Carencia o falta de algo necesario.,,La necesidad de cambiar de empleo lo motivó a estudiar.,The need to change jobs motivated him to study.,
negative,B1,adjective,negativo,,,Que expresa una valoración pesimista o desfavorable.,,La película tuvo comentarios negativos de algunos críticos.,The film received negative comments from some critics.,
business,B1,masculine,negocio,,,Actividad económica de compra y venta.,,Tiene su propio negocio de ropa en línea.,He owns his own online clothing business.,
nervous,B1,adjective,nervioso,,,Que siente intranquilidad o nerviosismo.,,Estoy nervioso antes de hablar en público.,I’m nervous before speaking in public.,
"novel, novella",B1,feminine,novela,,,Obra literaria extensa en prosa.,,Estoy leyendo una novela de misterio muy intrigante.,I’m reading a mystery novel that’s very intriguing.,
"girlfriend, fiancee, bride",B1,feminine,novia,,,Mujer que mantiene una relación sentimental estable.,,Mi novia me regaló un libro por mi cumpleaños.,My girlfriend gave me a book for my birthday.,
"boyfriend, fiance, groom",B1,masculine,novio,,,Hombre que mantiene una relación sentimental estable.,,El novio de Marta es muy simpático y educado.,Marta’s boyfriend is very nice and polite.,
obligation,B1,feminine,obligación,,,Compromiso o deber que obliga a actuar.,,La obligación de votar es importante en una democracia.,The obligation to vote is important in a democracy.,
mandatory,B1,adjective,obligatorio,,,Que debe cumplirse de forma necesaria.,,Es obligatorio llevar casco en la obra.,Wearing a helmet on the construction site is mandatory.,
work,B1,feminine,obra,,,"Creación artística, literaria o arquitectónica.",,Esa obra de teatro fue muy divertida.,That play was very funny.,
worker,B1,masculine,obrero,,,Persona que trabaja en la construcción u otro oficio manual.,,Mi abuelo fue obrero en una fábrica muchos años.,My grandfather was a worker in a factory for many years.,
observe,B1,verb,observar,,,Mirar con atención algo o a alguien.,,Podemos observar cómo crecen las plantas con el tiempo.,We can observe how the plants grow over time.,
obviously,B1,adverb,obviamente,,,De manera evidente o clara.,,"Obviamente, no vamos a llegar a tiempo.","Obviously, we’re not going to arrive on time.",
obvious,B1,adjective,obvio,,,Que es evidente y no necesita explicación.,,Es un error muy obvio.,It’s a very obvious mistake.,
occasion,B1,feminine,ocasión,,,Circunstancia favorable para hacer algo.,,La ocasión era perfecta para celebrar.,The occasion was perfect to celebrate.,
hide,B1,verb,ocultar,,,Esconder algo para que no sea visto.,,"Intentó ocultar su emoción, pero se le notaba en la cara.","He tried to hide his emotion, but it showed on his face.",
occupation,B1,feminine,ocupación,,,Trabajo o actividad que realiza una persona.,,Su ocupación actual es ingeniero civil.,His current occupation is civil engineer.,
"occupied, busy",B1,adjective,ocupado,,,Que está lleno de tareas o compromisos.,,Estoy muy ocupado con el trabajo esta semana.,I’m very busy with work this week.,
occupy,B1,verb,ocupar,,,Llenar un espacio o desempeñar un cargo.,,Tenemos que ocupar esas sillas.,We have to occupy those seats.,
"happen, occur",B1,verb,ocurrir,,,Suceder o pasar algo.,,A veces ocurren accidentes por distracción al volante.,Sometimes accidents occur due to distraction at the wheel.,
official,B1,adjective,oficial,,,Que tiene carácter oficial o aprobado por la autoridad.,,El sello oficial certifica que el documento es auténtico.,The official seal certifies that the document is authentic.,
hearing,B1,masculine,oído,,,Órgano del cuerpo humano que permite oír.,,Perdió parte del oído tras el accidente.,He lost part of his hearing after the accident.,
smell,B1,verb,oler,,,Percibir olores mediante el sentido del olfato.,,Huele muy bien en esta cocina.,It smells very good in this kitchen.,
olive tree,B1,masculine,olivo,,,Árbol del que se obtiene la aceituna.,,El olivo es un árbol muy común en el sur de España.,The olive tree is very common in the south of Spain.,
forget,B1,verb,olvidarse,,,No recordar algo.,,Siempre me olvido de las llaves.,I always forget the keys.,
online,B1,adjective,online,,,Que se realiza a través de internet.,,Compré un curso online para mejorar mi inglés.,I bought an online course to improve my English.,
option,B1,feminine,opción,,,Posibilidad entre varias alternativas.,,Elegí la opción más económica para ahorrar.,I chose the most economical option to save money.,
operation,B1,feminine,operación,,,Intervención quirúrgica o conjunto de acciones organizadas.,,La operación fue un éxito.,The operation was a success.,
opinion,B1,feminine,opinión,,,Juicio o parecer que alguien expresa sobre algo.,,"En mi opinión, deberíamos empezar mañana.","In my opinion, we should start tomorrow.",
optimist,B1,noun,optimista,,,Persona con una visión positiva de la vida.,,El optimista ve lo bueno en todo.,The optimist sees the good in everything.,
optimistic,B1,adjective,optimista,,,Que tiene actitud positiva y espera buenos resultados.,,Ella siempre es muy optimista.,She is always very optimistic.,
"order, arrangement",B1,masculine,orden,,,Colocación de cosas según un orden lógico.,,Pondré todo en orden antes del fin de semana.,I will put everything in order before the weekend.,
"order, command",B1,feminine,orden,,,Mandato que se debe cumplir.,,Recibieron la orden de salir inmediatamente.,They received the order to leave immediately.,
organization,B1,feminine,organización,,,Entidad o grupo organizado con un fin común.,,Mi organización colabora con varias ONGs.,My organization collaborates with several NGOs.,
organize,B1,verb,organizar,,,Preparar y estructurar algo para un fin.,,Vamos a organizar una reunión para planificar el viaje.,We’re going to organize a meeting to plan the trip.,
proud,B1,adjective,orgulloso,,,Que siente satisfacción por algo propio.,,Está muy orgulloso de sus logros.,He is very proud of his achievements.,
dark,B1,adjective,oscuro,,,Que tiene poca luz.,,Entramos en un cuarto oscuro para ver la película.,We entered a dark room to watch the movie.,
toothpick,B1,masculine,palillo,,,Pieza pequeña de madera o plástico usada para los dientes o aperitivos.,,Después de comer usó un palillo para limpiarse los dientes.,After eating he used a toothpick to clean his teeth.,
avocado,B1,masculine,palta,,SA,Fruta tropical también llamada aguacate.,,Prefiero usar un poco de palta en la ensalada.,I prefer to use a little avocado in the salad.,
wastepaper basket,B1,feminine,papelera,,,Recipiente donde se tiran papeles y basura.,,La papelera está llena de papeles viejos.,The wastepaper basket is full of old papers.,
seem,B1,verb,parecer,,,Tener aspecto o causar impresión de algo.,,Parece que hoy va a llover.,It seems like it’s going to rain today.,
unemployment,B1,masculine,paro,,,Falta de empleo.,,El paro juvenil es un problema importante.,Youth unemployment is a major problem.,
participate,B1,verb,participar,,,Tomar parte en una actividad.,,Me gustaría participar en el torneo de tenis.,I would like to participate in the tennis tournament.,
leave,B1,verb,partir,,,Dividir en partes o salir hacia un lugar.,,Salimos a primera hora para partir el viaje.,We left early to begin the trip.,
past,B1,masculine,pasado,,,Tiempo que ya pasó.,,El pasado mes visité tres ciudades nuevas.,Last month I visited three new cities.,
"leg, paw",B1,feminine,pata,,,"Extremidad de un animal; por extensión, pierna o soporte de un mueble.",,El perro se hizo daño en una pata y lo llevamos al veterinario.,The dog hurt its paw and we took it to the vet.,
"pause, break",B1,feminine,pausa,,,Interrupción breve en una actividad.,,Hicimos una pausa para tomar café.,We took a break to have coffee.,
peace,B1,feminine,paz,,,Situación de tranquilidad y ausencia de conflicto.,,Firmaron el acuerdo para consolidar la paz.,They signed the agreement to consolidate peace.,
fight,B1,verb,pelear,,,Enfrentarse con otra persona mediante la fuerza o con discusiones intensas.,,Los niños empezaron a pelear en el parque.,The children started to fight in the park.,
danger,B1,masculine,peligro,,,Situación en la que existe riesgo de daño.,,Ese camino tiene mucho peligro por la noche.,That road is very dangerous at night.,
dangerous,B1,adjective,peligroso,,,Que puede causar daño o riesgo.,,Es peligroso nadar en ese río.,It’s dangerous to swim in that river.,
"barber, hairdresser",B1,feminine,peluquera,,,"Mujer que corta, peina o arregla el cabello como profesión.",,La peluquera me cortó el pelo muy corto.,The hairdresser (female) cut my hair very short.,
"barber, hairdresser",B1,masculine,peluquero,,,"Hombre que corta, peina o arregla el cabello como profesión.",,El peluquero abrió una nueva tienda en el centro.,The hairdresser (male) opened a new shop in the city center.,
grief,B1,feminine,pena,,,Sentimiento de tristeza o lástima.,,Sufrió una gran pena tras perder a su mascota.,He suffered great grief after losing his pet.,
cucumber,B1,masculine,pepino,,,"Fruto verde, alargado y comestible, usado en ensaladas.",,"La ensalada lleva tomate, pepino y lechuga.","The salad has tomato, cucumber, and lettuce.",
perfect,B1,adjective,perfecto,,,Que no tiene defectos o está completo.,,Buscamos la casa perfecta para nuestra familia.,We are looking for the perfect house for our family.,
newspaper,B1,masculine,periódico,,,Publicación periódica de noticias.,,El periódico publicó una entrevista interesante.,The newspaper published an interesting interview.,
periodic,B1,adjective,periódico,,,Que ocurre con una determinada frecuencia de tiempo.,,El autobús pasa en horarios periódicos.,The bus runs at regular times.,
period,B1,masculine,"período, periodo",,,Espacio de tiempo con una duración determinada.,,El curso se divide en tres períodos.,The course is divided into three periods.,
permission,B1,feminine,permisión,,,Acción de permitir algo.,,Necesitas una permisión para entrar en esa zona.,You need permission to enter that area.,
permission,B1,masculine,permiso,,,Autorización para hacer algo.,,Necesitas permiso para acceder a esa zona.,You need permission to access that area.,
"permit, allow",B1,verb,permitir,,,Dar autorización para que se haga algo.,,Mis padres no me quieren permitir ir a la fiesta.,My parents don’t want to allow me to go to the party.,
belong,B1,verb,pertenecer,,,Formar parte de algo o de un grupo.,,Siento que pertenezco a este grupo.,I feel like I belong in this group.,
fishing,B1,feminine,pesca,,,Actividad de capturar peces.,,La pesca en el río es una tradición local.,Fishing in the river is a local tradition.,
pessimist,B1,noun,pesimista,,,Persona con actitud negativa y pesimista.,,El pesimista piensa que todo va a salir mal.,The pessimist thinks everything will go wrong.,
pessimistic,B1,adjective,pesimista,,,Que tiene visión negativa de las cosas.,,Él es bastante pesimista con el futuro.,He is quite pessimistic about the future.,
eyelash,B1,feminine,pestaña,,,Pelo que nace en el borde de los párpados.,,Tiene una pestaña en el ojo.,She has an eyelash in her eye.,
piece,B1,feminine,pieza,,,Parte de un todo que cumple una función.,,Falta una pieza en el rompecabezas.,A piece is missing from the puzzle.,
lipstick,B1,masculine,pintalabios,,,Cosmético en barra usado para pintar los labios.,,Ese pintalabios combina bien con tu vestido.,That lipstick goes well with your dress.,
"painting, paint",B1,feminine,pintura,,,Sustancia o técnica para representar imágenes o decorar.,,Compré una pintura para decorar el salón.,I bought a painting to decorate the living room.,
pleasure,B1,masculine,placer,,,Sensación de agrado que produce algo.,,Leer este libro fue un verdadero placer.,Reading this book was a real pleasure.,
plastic,B1,masculine,plástico,,,Material sintético fabricado a partir del petróleo.,,La botella es de plástico y se puede reciclar.,The bottle is made of plastic and can be recycled.,
population,B1,feminine,población,,,Conjunto de habitantes de un lugar.,,La población del pueblo ha crecido en los últimos años.,The town’s population has grown in recent years.,
power,B1,masculine,poder,,,Capacidad de hacer algo.,,El poder de las redes sociales es increíble.,The power of social networks is incredible.,
politics,B1,feminine,política,,,Actividad relacionada con el gobierno y la sociedad.,,No me gusta hablar de política en el trabajo.,I don’t like talking about politics at work.,
politician,B1,masculine,político,,,Persona que ejerce funciones en la política.,,El político defendió sus propuestas en el debate.,The politician defended his proposals in the debate.,
political,B1,adjective,político,,,Relacionado con la política.,,El debate político de anoche abordó temas sociales y económicos.,Last night’s political debate addressed social and economic issues.,
put on,B1,verb,ponerse,,,Colocarse una prenda de ropa o un objeto en el cuerpo.,,En invierno me pongo un abrigo muy grueso.,In winter I put on a very thick coat.,
popular,B1,adjective,popular,,,Que es aceptado y valorado por la mayoría.,,Ese cantante es muy popular entre los jóvenes.,That singer is very popular among young people.,
percent,B1,adverb,por ciento,,,Expresión usada para indicar proporciones en relación a cien.,,El precio subió un diez por ciento este año.,The price went up ten percent this year.,
completely,B1,adverb,por completo,,,De manera total.,,Desapareció por completo en la niebla.,He disappeared completely in the fog.,
unfortunately,B1,adverb,por desgracia,,,Expresión usada para lamentar una situación.,,"Por desgracia, no pudimos asistir al concierto.","Unfortunately, we couldn’t attend the concert.",
separately,B1,adverb,por separado,,,De manera separada de lo demás.,,Prefieren pagar por separado en el restaurante.,They prefer to pay separately at the restaurant.,
everywhere,B1,adverb,por todas partes,,,En todos los lugares.,,El perro me siguió por todas partes.,The dog followed me everywhere.,
percentage,B1,masculine,porcentaje,,,Parte proporcional de un total expresada en número o en porcentaje.,,El porcentaje de estudiantes extranjeros ha aumentado.,The percentage of foreign students has increased.,
portion,B1,feminine,porción,,,Parte que se separa de un todo; ración de comida.,,Me sirvieron una porción de tarta de queso.,They served me a slice of cheesecake.,
laptop,B1,masculine,portátil,,,Ordenador de pequeño tamaño que se puede transportar con facilidad.,,Trabajo desde mi portátil todos los días.,I work from my laptop every day.,
positive,B1,adjective,positivo,,,Que expresa una valoración optimista o favorable.,,El profesor dio un comentario positivo sobre mi trabajo.,The teacher gave a positive comment on my work.,
postal,B1,adjective,postal,,,Relacionado con una tarjeta postal.,,El servicio postal está funcionando con retraso.,The postal service is running late.,
"practice, internship",B1,feminine,práctica,,,Actividad que sirve para practicar lo aprendido.,,Hice una práctica en una empresa de marketing.,I did an internship at a marketing company.,
practical,B1,adjective,práctico,,,Que resulta útil y funcional.,,Este libro es muy práctico para aprender español.,This book is very practical for learning Spanish.,
precaution,B1,feminine,precaución,,,Medida para evitar un daño o peligro.,,Toma una precaución extra al cruzar la calle.,Take extra precaution when crossing the street.,
preference,B1,feminine,preferencia,,,Preferencia por una cosa frente a otra.,,Tengo una preferencia por el cine independiente.,I have a preference for independent cinema.,
prize,B1,masculine,premio,,,"Recompensa que se concede por mérito, triunfo o azar.",,El corto ganó un premio en el festival gracias a su originalidad.,The short film won a prize at the festival thanks to its originality.,
press,B1,feminine,prensa,,,Conjunto de medios escritos y audiovisuales de información.,,La prensa publicó la noticia esta mañana.,The press published the news this morning.,
"worry, care",B1,verb,preocupar,,,Causar inquietud o intranquilidad.,,No puedo evitar preocuparme por los exámenes.,I can’t help worrying about exams.,
worry,B1,verb,preocuparse,,,Sentir inquietud o angustia por algo que preocupa.,,Me preocupo por mis hijos cuando viajan.,I worry about my children when they travel.,
introduce oneself,B1,verb,presentarse,,,Dar a conocer el propio nombre o identidad a otros.,,"Buenas tardes, me presento: soy Ana.","Good afternoon, let me introduce myself: I’m Ana.",
present,B1,adjective,presente,,,Que existe en el momento actual o que está disponible.,,Todos los estudiantes están presentes en clase hoy.,All the students are present in class today.,
president,B1,masculine,presidente,,,"Persona que dirige un país, organización o empresa.",,El presidente asistió al acto oficial.,The president attended the official event.,
loan,B1,masculine,préstamo,,,Cantidad de dinero que se presta con obligación de devolver.,,Pidió un préstamo para comprar un coche.,He asked for a loan to buy a car.,
main,B1,adjective,principal,,,Que ocupa el primer lugar en importancia o jerarquía.,,La entrada principal está cerrada.,The main entrance is closed.,
principle,B1,masculine,principio,,,Norma o fundamento en que se basa algo.,,El principio de libertad de expresión es fundamental.,The principle of freedom of expression is fundamental.,
prisoner,B1,masculine,prisionero,,,Persona privada de libertad en una cárcel.,,El prisionero pasó muchos años en la cárcel.,The prisoner spent many years in jail.,
"try, test",B1,verb,probar,,,Examinar la verdad o eficacia de algo; intentar; saborear.,,Quiero probar esta aplicación nueva antes de comprarla.,I want to try this new app before buying it.,
"process, trial",B1,masculine,proceso,,,Conjunto de fases que llevan a un resultado.,,El proceso judicial aún no ha terminado.,The legal process is not yet finished.,
produce,B1,verb,producir,,,Fabricar o dar lugar a algo.,,Esta fábrica produce coches eléctricos.,This factory produces electric cars.,
profession,B1,feminine,profesión,,,Actividad a la que se dedica una persona de forma habitual.,,Su profesión es la enseñanza.,His profession is teaching.,
program,B1,masculine,programa,,,Plan de actividades o emisión de televisión/radio.,,El programa de la televisión empieza a las ocho.,The TV program starts at eight.,
progress,B1,masculine,progreso,,,Avance o mejora en una situación.,,El progreso en el proyecto ha sido rápido.,Progress in the project has been rapid.,
promotion,B1,feminine,promoción,,,Acción de promocionar o ascender algo o a alguien.,,"Gracias a la promoción, el producto se vendió muy bien.","Thanks to the promotion, the product sold very well.",
propose,B1,verb,proponer,,,"Presentar una idea, plan o sugerencia para que sea considerado.",,Quiero proponer una idea para el viaje de fin de curso.,I want to propose an idea for the end-of-year trip.,
protect,B1,verb,proteger,,,Defender a alguien o algo frente a un peligro o daño.,,Es importante proteger la naturaleza.,It is important to protect nature.,
protest,B1,feminine,protesta,,,Manifestación pública de desacuerdo.,,Hubo una protesta frente al ayuntamiento.,There was a protest in front of the town hall.,
protest,B1,verb,protestar,,,Expresar desacuerdo mediante palabras o actos.,,Los estudiantes decidieron protestar por los cambios.,The students decided to protest the changes.,
province,B1,feminine,provincia,,,División territorial de un país.,,La provincia costera atrae muchos turistas.,The coastal province attracts many tourists.,
"publication, post",B1,feminine,publicación,,,Texto que se da a conocer al público.,,Leí una publicación muy interesante en internet.,I read a very interesting post online.,
publish,B1,verb,publicar,,,Dar a conocer algo públicamente.,,Van a publicar su primer libro el próximo mes.,They are going to publish their first book next month.,
public,B1,masculine,público,,,Conjunto de personas en general.,,El público aplaudió con entusiasmo después del concierto.,The audience applauded enthusiastically after the concert.,
shame,B1,masculine,pudor,,,Sentimiento de vergüenza o modestia.,,Sintió pudor al hablar de sus emociones en público.,He felt ashamed to talk about his emotions in public.,
"pig, pork",B1,masculine,puerco,,,"Animal doméstico criado para la alimentación, cerdo.",,El puerco asado que preparó mi abuela estaba delicioso.,The roast pork that my grandmother prepared was delicious.,
position,B1,masculine,puesto,,,Lugar o cargo que ocupa alguien.,,El puesto de trabajo ofrece muchas ventajas.,The job position offers many advantages.,
stay,B1,verb,quedarse,,,Permanecer en un lugar durante un tiempo.,,Nos quedamos en un hotel cerca de la playa.,We stayed in a hotel near the beach.,
"work, task",B1,masculine,quehacer,,,Tarea u obligación que se debe realizar.,,"Tengo muchos quehaceres hoy, como limpiar, cocinar y hacer la compra.","I have many chores today, like cleaning, cooking, and shopping.",
complain,B1,verb,quejarse,,,Expresar descontento o inconformidad con algo.,,"No me gusta quejarme, pero esta silla es incómoda.","I don’t like to complain, but this chair is uncomfortable.",
burned,B1,adjective,quemado,,,Que ha sufrido daño por fuego o exceso de calor.,,El papel está quemado por un lado.,The paper is burned on one side.,
dear,B1,adjective,querido,,,Tratado con afecto o cariño.,,"Querido amigo, gracias por tu carta.","Dear friend, thank you for your letter.",
take off,B1,verb,quitarse,,,Retirar del cuerpo una prenda de ropa o un objeto.,,Al entrar en casa me quito los zapatos.,When I enter the house I take off my shoes.,
perhaps,B1,adverb,quizás,,,"Tal vez, puede ser.",,Quizás llueva esta tarde.,Perhaps it will rain this afternoon.,
tail,B1,masculine,rabo,,,Extremidad posterior y alargada de algunos animales.,,El perro mueve el rabo cuando está contento.,The dog wags its tail when it is happy.,
rancho,B1,masculine,rancho,,,"Vivienda rural o de campo, a veces modesta.",,En el rancho viven varias familias.,At the ranch several families live.,
speed,B1,feminine,rapidez,,,Cualidad de rápido; velocidad en ejecutar algo o moverse.,,La rapidez de respuesta del servicio técnico me sorprendió.,The speed of the technical service’s response surprised me.,
rarely,B1,adverb,rara vez,,,En pocas ocasiones.,,Rara vez salgo de casa en domingo.,I rarely go out on Sundays.,
skyscraper,B1,masculine,rascacielos,,,Edificio muy alto de muchas plantas.,,Desde la terraza se ve un rascacielos impresionante.,"From the terrace, you can see an impressive skyscraper.",
scrape,B1,verb,rascar,,,Frotar con las uñas o algo áspero para aliviar picor.,,Tuve que rascar la etiqueta para quitarla.,I had to scrape off the label to remove it.,
scratch,B1,verb,rayar,,,Trazar una raya o línea en una superficie.,,No debes rayar la mesa con objetos duros.,You shouldn’t scratch the table with hard objects.,
ray,B1,masculine,rayo,,,Luz intensa que produce una tormenta.,,Un rayo iluminó el cielo durante la tormenta.,A lightning bolt lit up the sky during the storm.,
"race, breed",B1,feminine,raza,,,Conjunto de características físicas heredadas de un grupo humano.,,La raza de perro más común aquí es el labrador.,The most common dog breed here is the Labrador.,
reasonable,B1,adjective,razonable,,,Que puede entenderse y justificarse con lógica.,,Tu propuesta es muy razonable.,Your proposal is very reasonable.,
reaction,B1,feminine,reacción,,,Respuesta de una persona o cosa ante un estímulo.,,Su reacción fue rápida y tranquila.,His reaction was quick and calm.,
react,B1,verb,reaccionar,,,Actuar como respuesta a un estímulo.,,No supo cómo reaccionar ante la noticia.,He didn’t know how to react to the news.,
royal,B1,adjective,real,,,Que es verdadero o auténtico.,,Los actos reales se transmiten en televisión.,Official events are broadcast on television.,
reality,B1,feminine,realidad,,,Existencia de algo tal como es.,,La realidad supera muchas veces la ficción.,Reality often surpasses fiction.,
carry out,B1,verb,realizar,,,Llevar a cabo una acción.,,El arquitecto va a realizar un nuevo proyecto.,The architect is going to carry out a new project.,
truly,B1,adverb,realmente,,,"De verdad, en efecto.",,Realmente me gusta esta canción.,I really like this song.,
rebel,B1,noun,rebelde,,,Persona que se rebela contra la autoridad.,,El rebelde fue arrestado por la policía.,The rebel was arrested by the police.,
rebellious,B1,adjective,rebelde,,,Que se opone a la autoridad o a lo establecido.,,Es un joven bastante rebelde con sus padres.,He’s quite a rebellious young man with his parents.,
reception,B1,feminine,recepción,,,Lugar donde se recibe a las personas en un hotel u oficina.,,La recepción del evento fue muy cálida.,The event reception was very warm.,
receptionist,B1,noun,recepcionista,,,Persona que trabaja atendiendo en una recepción.,,La recepcionista nos dio las instrucciones al llegar.,The receptionist gave us instructions upon arrival.,
reject,B1,verb,rechazar,,,"Negar, no aceptar algo.",,Decidieron rechazar la propuesta del jefe.,They decided to reject the boss’s proposal.,
receipt,B1,masculine,recibo,,,Documento que acredita haber recibido una cantidad de dinero o mercancía.,,¿Tienes el recibo para poder hacer la devolución?,Do you have the receipt so I can make the return?,
recycle,B1,verb,reciclar,,,Reutilizar materiales para darles un nuevo uso.,,Es importante reciclar para cuidar el planeta.,It’s important to recycle to take care of the planet.,
recently,B1,adverb,recién,,,Hace poco tiempo.,,Recién llegué y aún no he comido.,I just arrived and I haven’t eaten yet.,
recommendation,B1,feminine,recomendación,,,Consejo o sugerencia sobre algo.,,La profesora me dio una recomendación para mejorar mi escritura.,The teacher gave me a recommendation to improve my writing.,
recognize,B1,verb,reconocer,,,Identificar algo o a alguien tras haberlo visto antes.,,No pude reconocerlo con ese disfraz.,I couldn’t recognize him with that costume.,
"straight, straight ahead",B1,adjective,recto,,,Que va en línea recta.,,Camina en línea recta hasta la esquina.,Walk in a straight line to the corner.,
recovery,B1,feminine,recuperación,,,Acción de volver a un estado anterior o recuperar fuerzas.,,La recuperación del paciente fue sorprendente.,The patient's recovery was surprising.,
"recover, recuperate",B1,verb,recuperar,,,Volver a tener algo perdido o restablecerse.,,"Después de la gripe, le costó recuperar la energía.","After the flu, it was hard for him to recover his energy.",
"net, network",B1,feminine,red,,,Conjunto de conexiones o sistema de comunicación.,,La red no funciona esta mañana.,The network isn’t working this morning.,
reduce,B1,verb,reducir,,,Disminuir la cantidad o intensidad de algo.,,Queremos reducir el consumo de plástico.,We want to reduce plastic consumption.,
reflect,B1,verb,reflejar,,,Devolver una imagen o expresar un pensamiento.,,El espejo puede reflejar la luz del sol.,The mirror can reflect sunlight.,
"reflex, reflection",B1,masculine,reflejo,,,Imagen producida por la luz en una superficie.,,Vi mi reflejo en el agua del lago.,I saw my reflection in the lake water.,
water,B1,verb,regar,,,Echar agua sobre plantas o cultivos.,,Tengo que regar las plantas cada día.,I have to water the plants every day.,
region,B1,feminine,región,,,Territorio con características comunes.,,La región montañosa es ideal para el senderismo.,The mountainous region is perfect for hiking.,
regular,B1,adjective,regular,,,Que ocurre con cierta frecuencia y continuidad.,,Es importante hacer ejercicio de forma regular.,It is important to exercise regularly.,
kingdom,B1,masculine,reino,,,Territorio gobernado por un rey.,,El reino medieval tenía un castillo imponente.,The medieval kingdom had an imposing castle.,
relaxed,B1,adjective,relajado,,,Que está tranquilo y sin tensión.,,Hoy me siento muy relajado.,Today I feel very relaxed.,
relax,B1,verb,relajar,,,Disminuir la tensión o el estrés.,,Voy a relajarme un rato después del trabajo.,I’m going to relax for a while after work.,
story,B1,masculine,relato,,,Narración breve de hechos reales o imaginarios.,,El relato trata sobre una aventura en el mar.,The story is about an adventure at sea.,
religion,B1,feminine,religión,,,Conjunto de creencias espirituales o de fe.,,La religión influye en muchas tradiciones culturales.,Religion influences many cultural traditions.,
"renovate, renew",B1,verb,renovar,,,Hacer algo de nuevo o darle un aspecto nuevo.,,Vamos a renovar la cocina este verano.,We’re going to renovate the kitchen this summer.,
representative,B1,noun,representante,,,Persona que actúa en nombre de otra o de un grupo.,,El representante habló en nombre del grupo.,The representative spoke on behalf of the group.,
"slip, slide",B1,verb,resbalar,,,Perder el equilibrio y deslizarse.,,Tuve cuidado de no resbalar en el suelo mojado.,I was careful not to slip on the wet floor.,
review,B1,feminine,reseña,,,"Descripción breve y crítica de un libro, película u obra.",,Leí una reseña muy buena sobre esa película.,I read a very good review of that film.,
"reservation, reserve",B1,feminine,reserva,,,Lugar o espacio reservado para un fin.,,Tengo una reserva para dos personas a las ocho.,I have a reservation for two people at eight.,
reserve,B1,verb,reservar,,,Guardar con anticipación un lugar o servicio.,,Voy a reservar una habitación para el fin de semana.,I’m going to book a room for the weekend.,
respect,B1,masculine,respeto,,,Consideración y valoración hacia otra persona.,,El respeto es la base de una convivencia armoniosa.,Respect is the foundation of harmonious coexistence.,
breathe,B1,verb,respirar,,,Introducir aire en los pulmones y expulsarlo; dar ventilación.,,Respira hondo y cuenta hasta diez para calmarte.,Take a deep breath and count to ten to calm yourself.,
result,B1,masculine,resultado,,,Consecuencia final de un proceso.,,El resultado del examen fue satisfactorio.,The exam result was satisfactory.,
challenge,B1,masculine,reto,,,Desafío que exige esfuerzo para superarlo.,,Aprender otro idioma es un gran reto.,Learning another language is a big challenge.,
delay,B1,verb,retrasar,,,Hacer que algo ocurra más tarde.,,El tráfico puede retrasar la reunión.,Traffic may delay the meeting.,
delay,B1,masculine,retraso,,,Situación de demora o tardanza.,,El retraso fue por problemas técnicos.,The delay was due to technical problems.,
meeting,B1,feminine,reunión,,,Conjunto de personas reunidas para un fin.,,La reunión de hoy se canceló por falta de quorum.,Today’s meeting was canceled due to lack of quorum.,
"revise, review",B1,verb,revisar,,,Examinar algo con atención para comprobarlo.,,Voy a revisar el texto antes de enviarlo.,I’m going to revise the text before sending it.,
"revision, review",B1,feminine,revisión,,,Acción de comprobar o examinar algo de nuevo.,,La revisión del documento ya está hecha.,The revision of the document is already done.,
steal,B1,verb,robar,,,Tomar algo ajeno sin permiso y con intención de quedárselo.,,Al ladrón le gusta robar en las tiendas pequeñas.,The thief likes to steal in small shops.,
robot,B1,masculine,robot,,,Máquina programada para realizar tareas de manera automática.,,El robot ayuda en las tareas del hogar.,The robot helps with household chores.,
surround,B1,verb,rodear,,,Colocar algo o a alguien alrededor de otra cosa o persona.,,Nos gusta rodear el lago cuando paseamos.,We like to walk around the lake.,
puzzle,B1,masculine,rompecabezas,,,Juego de piezas que encajan para formar una figura.,,Este rompecabezas tiene mil piezas.,This puzzle has a thousand pieces.,
snore,B1,verb,roncar,,,Producir ruido al respirar mientras se duerme.,,Mi abuelo suele roncar por las noches.,My grandfather usually snores at night.,
rose,B1,feminine,rosa,,,"Flor del rosal, muy apreciada por su belleza y aroma.",,Ella recibió una rosa roja en su cumpleaños.,She received a red rose on her birthday.,
face,B1,masculine,rostro,,,Cara de una persona.,,Su rostro mostraba mucha felicidad.,His face showed great happiness.,
noise,B1,masculine,ruido,,,Sonido fuerte y molesto.,,El ruido de la construcción me impide concentrarme.,The construction noise prevents me from concentrating.,
salt,B1,verb,salar,,,Añadir sal a un alimento.,,Voy a salar la carne antes de cocinarla.,I’m going to salt the meat before cooking it.,
salary,B1,masculine,salario,,,Cantidad de dinero que recibe un trabajador como pago.,,Mi salario ha aumentado este año.,My salary has increased this year.,
salmon,B1,masculine,salmón,,,Pez marino de carne rosada muy apreciada en gastronomía.,,El salmón es un pescado muy sano y sabroso.,Salmon is a very healthy and tasty fish.,
healthy,B1,adjective,saludable,,,Que favorece la buena salud.,,Es importante llevar una dieta saludable.,It is important to have a healthy diet.,
sauna,B1,feminine,sauna,,,Baño de vapor caliente para relajar el cuerpo.,,Vamos a relajarnos en la sauna.,We’re going to relax in the sauna.,
section,B1,feminine,sección,,,Parte en que se divide un todo.,,La sección de deportes está al final del pasillo.,The sports section is at the end of the hallway.,
secret,B1,masculine,secreto,,,Cosa que se guarda oculta a los demás.,,Guardó el secreto de su amigo durante años.,He kept his friend’s secret for years.,
"sector, field",B1,masculine,sector,,,Parte de una actividad económica o social.,,Trabaja en el sector de la construcción.,He works in the construction sector.,
according to,B1,preposition,según,,,Conforme a lo que dice o piensa alguien.,,"Según el informe, avanzamos un 10 %.","According to the report, we progressed by 10%.",
safety,B1,feminine,seguridad,,,Condición de estar libre de peligro o daño.,,La seguridad en el trabajo es muy importante.,Workplace safety is very important.,
insurance,B1,masculine,seguro,,,"Contrato que cubre riesgos o daños; también, lugar protegido.",,Mi seguro cubre los daños del coche.,My insurance covers the car damage.,
selection,B1,feminine,selección,,,Conjunto de cosas o personas elegidas.,,La selección del menú fue difícil.,The menu selection was difficult.,
select,B1,verb,seleccionar,,,Escoger algo entre varias opciones.,,Hay que seleccionar las mejores fotos.,You have to select the best photos.,
"forest, jungle",B1,feminine,selva,,,Bosque tropical muy espeso y húmedo.,,La selva amazónica es rica en biodiversidad.,The Amazon jungle is rich in biodiversity.,
"sign, indication",B1,feminine,seña,,,"Marca, gesto o signo que indica algo.",,Hizo una seña para que me acercara.,He made a sign for me to come closer.,
"signal, indicate, designate, point out",B1,verb,señalar,,,Indicar o mostrar algo con un gesto o palabra.,,Quiero señalar un error en el informe.,I want to point out an error in the report.,
separate,B1,verb,separar,,,Dividir o apartar cosas unidas; poner distancia entre ellas.,,"Para reciclar bien, debemos separar el vidrio del resto de residuos.","To recycle properly, we must separate glass from the rest of the waste.",
human being,B1,masculine,ser humano,,,Persona de la especie humana.,,Todo ser humano merece respeto.,Every human being deserves respect.,
series,B1,feminine,serie,,,Conjunto de cosas que se suceden unas a otras.,,Estoy viendo una serie muy interesante en la tele.,I am watching a very interesting series on TV.,
service,B1,masculine,servicio,,,Prestación realizada en beneficio de alguien o de la comunidad; también conjunto de instalaciones o dependencias.,,"El servicio del restaurante fue rápido y amable, por eso volvimos.","The restaurant’s service was quick and friendly, which is why we went back.",
session,B1,feminine,sesión,,,"Reunión organizada para un fin cultural, académico o de entretenimiento.",,La sesión del cine empieza a las ocho.,The cinema session starts at eight.,
sex,B1,masculine,sexo,,,Condición biológica que diferencia a hombres y mujeres.,,"En la encuesta, muchos mencionaron el sexo como un tema difícil de tratar abiertamente.","In the survey, many mentioned sex as a difficult topic to discuss openly.",
century,B1,masculine,siglo,,,Período de cien años.,,El siglo veintiuno ha traído grandes cambios tecnológicos.,The 21st century has brought great technological changes.,
meaning,B1,masculine,significado,,,"Sentido o interpretación de una palabra, signo o hecho.",,"No conocía el significado de esa palabra, así que lo busqué en el diccionario.","I didn’t know the meaning of that word, so I looked it up in the dictionary.",
"mean, signify",B1,verb,significar,,,Expresar o tener un significado.,,¿Qué significa este símbolo en el mapa?,What does this symbol on the map mean?,
sign,B1,masculine,signo,,,"Marca, señal o representación de algo.",,Encontré un signo de interrogación en el cartel.,I found a question mark on the poster.,
silent,B1,adjective,silencioso,,,Que guarda silencio o hace poco ruido.,,El ambiente era tan silencioso que se oía el tic-tac del reloj.,The room was so silent you could hear the ticking of the clock.,
symbol,B1,masculine,símbolo,,,Figura o imagen que representa una idea.,,La paloma es un símbolo de paz.,The dove is a symbol of peace.,
similar,B1,adjective,similar,,,Que se parece a otra cosa.,,Los dos textos son muy similares en contenido.,The two texts are very similar in content.,
sympathy,B1,feminine,simpatía,,,Afecto o amabilidad hacia otras personas.,,Sentí mucha simpatía por los voluntarios.,I felt a lot of empathy for the volunteers.,
simply,B1,adverb,simplemente,,,De manera sencilla o sin dificultad.,,Simplemente no tengo tiempo para más tareas esta semana.,I simply don’t have time for more tasks this week.,
however,B1,adverb,sin embargo,,,Expresión que introduce una idea contraria a lo anterior.,,"Queríamos salir, sin embargo empezó a llover.","We wanted to go out; however, it started raining.",
sincerely,B1,adverb,sinceramente,,,De manera honesta y clara.,,"Sinceramente, no esperaba una respuesta tan rápida.","Honestly, I didn't expect such a quick response.",
system,B1,masculine,sistema,,,Conjunto de elementos organizados que funcionan como un todo.,,El sistema funciona correctamente después de la actualización.,The system works correctly after the update.,
website,B1,masculine,sitio web,,,Conjunto de páginas en internet accesibles mediante una dirección.,,He creado mi propio sitio web.,I’ve created my own website.,
situation,B1,feminine,situación,,,Circunstancia en la que se encuentra alguien o algo.,,Estamos en una situación complicada.,We are in a complicated situation.,
social,B1,adjective,social,,,Relacionado con la vida en comunidad.,,Esta iniciativa tiene un gran impacto social.,This initiative has a great social impact.,
society,B1,feminine,sociedad,,,Conjunto de personas que conviven y se relacionan en un grupo organizado.,,La sociedad necesita más igualdad y justicia.,Society needs more equality and justice.,
"only, just",B1,adverb,solamente,,,"Únicamente, nada más.",,"Solo se permiten invitados, solamente.","Only guests are allowed, that’s it.",
soldier,B1,noun,soldado,,,Persona que forma parte de un ejército.,,El soldado volvió a casa después de la misión.,The soldier returned home after the mission.,
"release, let go",B1,verb,soltar,,,Dejar libre algo que estaba sujeto.,,Tienes que soltar al perro en el parque.,You have to let the dog loose in the park.,
solve,B1,verb,solucionar,,,Encontrar la solución a un problema.,,Tenemos que solucionar este problema pronto.,We need to solve this problem soon.,
parasol,B1,feminine,sombrilla,,,Sombrilla pequeña usada en la playa o en el campo.,,Compré una sombrilla para la playa.,I bought a parasol for the beach.,
deaf,B1,adjective,sordo,,,Que no puede oír total o parcialmente.,,Es sordo de nacimiento.,He has been deaf since birth.,
rise,B1,feminine,subida,,,Acción de subir o ascender.,,La subida al castillo ofrece unas vistas impresionantes.,The climb to the castle offers impressive views.,
suffer,B1,verb,sufrir,,,Padecer dolor físico o moral.,,No quiero verte sufrir.,I don’t want to see you suffer.,
suggestion,B1,feminine,sugerencia,,,Consejo o propuesta que se hace a alguien.,,Tu sugerencia me pareció muy buena.,I thought your suggestion was very good.,
suggest,B1,verb,sugerir,,,Dar un consejo o una propuesta.,,Quiero sugerir una idea para mejorar el servicio al cliente.,I want to suggest an idea to improve customer service.,
hold,B1,verb,sujetar,,,Sostener algo para que no se caiga.,,Debes sujetar bien el volante mientras conduces.,You must hold the steering wheel firmly while driving.,
overcome,B1,verb,superar,,,Vencer una dificultad u obstáculo.,,Necesitamos superar los desafíos juntos.,We need to overcome challenges together.,
suppose,B1,verb,suponer,,,Dar por hecho algo sin tener certeza.,,Supongo que llegarán en media hora.,I suppose they will arrive in half an hour.,
sushi,B1,masculine,sushi,,,Plato japonés preparado con arroz y pescado u otros ingredientes.,,Prefiero sushi de salmón.,I prefer salmon sushi.,
board,B1,masculine,tablero,,,"Tabla o superficie para escribir, jugar o trabajar.",,Colgaron el anuncio en el tablero de la entrada.,They posted the announcement on the entrance board.,
Taiwan,B1,masculine,Taiwán,,,Isla situada en Asia Oriental con gran desarrollo tecnológico.,,Taiwán es una isla con mucha tecnología.,Taiwan is an island with a lot of technology.,
maybe,B1,adverb,tal vez,,,"Quizás, posiblemente.",,Tal vez vayamos al cine mañana.,Maybe we’ll go to the cinema tomorrow.,
size,B1,masculine,tamaño,,,Dimensión o medida de algo.,,El tamaño de esta camiseta es perfecto.,The size of this T-shirt is perfect.,
fee,B1,feminine,tarifa,,,Cantidad de dinero que se cobra por un servicio.,,La tarifa del gimnasio ha subido.,The gym fee has gone up.,
jar,B1,masculine,tarro,,,Recipiente de cristal o barro con tapa.,,Guardé la mermelada en un tarro de cristal.,I kept the jam in a glass jar.,
rate,B1,feminine,tasa,,,Cantidad fija establecida para medir algo.,,La tasa de desempleo ha bajado este año.,The unemployment rate has dropped this year.,
technique,B1,feminine,técnica,,,Procedimiento o método para realizar una actividad.,,Necesitamos una buena técnica para resolverlo.,We need a good technique to solve it.,
technical,B1,adjective,técnico,,,Que tiene conocimientos técnicos o prácticos.,,Este problema requiere conocimiento técnico.,This problem requires technical knowledge.,
technology,B1,feminine,tecnología,,,Conjunto de conocimientos y técnicas aplicadas de manera práctica.,,La tecnología avanza tan rápido que cuesta mantenerse al día.,Technology advances so fast that it's hard to keep up.,
soap opera,B1,feminine,telenovela,,,Serie de televisión de carácter melodramático.,,La telenovela de la noche está llena de drama.,Tonight’s soap opera is full of drama.,
"subject, theme, plot",B1,masculine,tema,,,Asunto o materia de que se trata.,,El tema del curso es la historia medieval.,The subject of the course is medieval history.,
temperature,B1,feminine,temperatura,,,Grado de calor de un cuerpo o lugar.,,La temperatura subió mucho en verano.,The temperature rose a lot in summer.,
temporal,B1,adjective,temporal,,,Que dura poco tiempo o no es permanente.,,"El contrato es temporal, dura solo seis meses.","The contract is temporary, it only lasts six months.",
term,B1,masculine,término,,,Palabra con la que termina algo o definición de un concepto.,,"En este contexto, ese término tiene otro significado.","In this context, that term has a different meaning.",
earthquake,B1,masculine,terremoto,,,Movimiento fuerte de la tierra por causas naturales.,,El terremoto causó muchos daños en la ciudad.,The earthquake caused a lot of damage in the city.,
land,B1,masculine,terreno,,,Superficie de tierra destinada a un uso.,,El terreno es muy fértil para cultivar verduras.,The land is very fertile for growing vegetables.,
witness,B1,masculine,testigo,,,Persona que presencia un hecho y puede dar testimonio.,,El testigo dio su versión en el juicio.,The witness gave his version in court.,
tender,B1,adjective,tierno,,,Que inspira ternura por su aspecto delicado o afectuoso.,,El pan está muy tierno.,The bread is very tender.,
typical,B1,adjective,típico,,,Que representa lo más común de algo.,,Es típico ganar flores en esa ceremonia.,It’s common to receive flowers at that ceremony.,
title,B1,masculine,título,,,"Nombre de una obra, libro o estudio.",,¿Puedo usar el título “Ingeniero”?,Can I use the title “Engineer”?,
nonsense,B1,feminine,tontería,,,Cosa sin importancia o sin sentido.,,"No digas esa tontería, sabes que no es verdad.","Don’t say that nonsense, you know it isn’t true.",
tournament,B1,masculine,torneo,,,Competición deportiva o de juegos.,,Participaron en un torneo de fútbol el sábado.,They took part in a football tournament on Saturday.,
"tower, rook",B1,feminine,torre,,,Construcción alta y estrecha.,,La torre de la iglesia es muy alta.,The church tower is very tall.,
total,B1,masculine,total,,,Cantidad o conjunto de todo.,,El coste total del viaje fue alto.,The total cost of the trip was high.,
total,B1,adjective,total,,,Que comprende la totalidad; absoluto.,,El precio total fue más alto de lo esperado.,The total price was higher than expected.,
totally,B1,adverb,totalmente,,,De manera completa o absoluta.,,Estoy totalmente de acuerdo con tu propuesta.,I totally agree with your proposal.,
worker,B1,masculine,trabajador,,,Persona que desempeña un oficio o una profesión.,,El trabajador llega a las ocho.,The worker arrives at eight.,
tradition,B1,feminine,tradición,,,Conjunto de costumbres transmitidas en una cultura.,,La tradición se mantiene viva en las fiestas locales.,Tradition stays alive in local festivities.,
traditional,B1,adjective,tradicional,,,Que sigue las costumbres heredadas.,,La música tradicional nos conecta con nuestras raíces.,Traditional music connects us with our roots.,
swallow,B1,verb,tragar,,,Hacer pasar alimento o líquido por la garganta.,,Tuvo que tragar la medicina con agua.,He had to swallow the medicine with water.,
trap,B1,feminine,trampa,,,Engaño preparado para atrapar a alguien.,,Cayó en una trampa sin darse cuenta.,He fell into a trap without realizing it.,
tranquility,B1,feminine,tranquilidad,,,Estado de calma y paz.,,Aquí se respira mucha tranquilidad.,There is a great sense of tranquility here.,
transport,B1,verb,transportar,,,Llevar algo de un lugar a otro.,,Van a transportar los muebles mañana.,They’re going to transport the furniture tomorrow.,
"handle, treat",B1,verb,tratar,,,"Atender o intentar resolver un asunto; también, relacionarse con alguien de cierta manera.",,Voy a tratar tu caso con la máxima atención.,I’m going to handle your case with the utmost care.,
triumph,B1,verb,triunfar,,,Tener éxito o alcanzar la victoria.,,El equipo local logró triunfar en el torneo.,The local team managed to triumph in the tournament.,
tunnel,B1,masculine,túnel,,,Paso subterráneo que permite atravesar una montaña o terreno.,,Construyeron un túnel para conectar las dos ciudades.,They built a tunnel to connect the two cities.,
location,B1,feminine,ubicación,,,Lugar donde se encuentra algo o alguien.,,La ubicación del restaurante es muy céntrica.,The restaurant’s location is very central.,
locate,B1,verb,ubicar,,,Colocar algo en un lugar determinado.,,No puedo ubicar el restaurante en el mapa.,I can’t locate the restaurant on the map.,
unit,B1,feminine,unidad,,,Parte considerada como un todo indivisible.,,Cada unidad del curso incluye ejercicios prácticos.,Each unit of the course includes practical exercises.,
united,B1,adjective,unido,,,Que está junto o en contacto con otra cosa.,,El grupo se ha mantenido muy unido a pesar de los problemas.,The group has remained very united despite the problems.,
union,B1,feminine,unión,,,Acción de unir o estado de estar unido.,,La unión hace la fuerza.,Unity makes strength.,
urgency,B1,feminine,urgencia,,,Situación en la que se necesita atención inmediata.,,Hay que actuar con urgencia en esta situación.,We need to act with urgency in this situation.,
urgent,B1,adjective,urgente,,,Que es de necesidad inmediata.,,Necesitamos una respuesta urgente.,We need an urgent response.,
urgent,B1,adjective,urgente,,,Que requiere atención inmediata.,,Es un asunto urgente que no puede esperar.,It’s an urgent matter that can’t wait.,
usual,B1,adjective,usual,,,Que se da o se hace habitualmente.,,Es su hora usual de salir a correr.,It’s his usual time to go for a run.,
empty,B1,adjective,vacío,,,Que no contiene nada en su interior.,,El armario está completamente vacío.,The closet is completely empty.,
vaccine,B1,feminine,vacuna,,,Sustancia que se aplica para prevenir enfermedades.,,Todos los niños recibieron la vacuna en el colegio.,All the children received the vaccine at school.,
be worth it,B1,verb,valer la pena,,,Expresión que indica que algo merece el esfuerzo.,,Ese viaje realmente valió la pena.,That trip was really worth it.,
brave,B1,adjective,valiente,,,Que demuestra valor o coraje.,,Fue muy valiente al hablar en público por primera vez.,He was very brave to speak in public for the first time.,
valuable,B1,adjective,valioso,,,Que tiene gran importancia o utilidad.,,Ese anillo es muy valioso para mí.,That ring is very valuable to me.,
value,B1,verb,valorar,,,Reconocer la importancia o el mérito de algo.,,Es importante valorar el esfuerzo de los demás.,It’s important to value the efforts of others.,
shame,B1,feminine,vergüenza,,,Sentimiento de incomodidad por algo propio o ajeno.,,Me dio vergüenza hablar en público por primera vez.,I felt embarrassed speaking in public for the first time.,
route,B1,feminine,vía,,,Camino o trayecto por el que se puede transitar.,,La vía más rápida para llegar al centro es el tren.,The fastest route to get to the center is the train.,
victim,B1,feminine,víctima,,,Persona que sufre daño por causa de otra.,,La víctima fue atendida por los servicios de emergencia.,The victim was assisted by emergency services.,
victory,B1,feminine,victoria,,,"Éxito en una lucha, competición o enfrentamiento.",,La victoria fue celebrada con mucha alegría.,The victory was celebrated with great joy.,
"view, sight",B1,feminine,vista,,,Acción de mirar o el sentido de la vista.,,Desde aquí tenemos una vista preciosa del mar.,From here we have a beautiful view of the sea.,
vitamin,B1,feminine,vitamina,,,Sustancia necesaria para el buen funcionamiento del organismo.,,Es importante tomar una vitamina al día si tu dieta es limitada.,It’s important to take one vitamin a day if your diet is limited.,
housing,B1,feminine,vivienda,,,Lugar donde se vive o reside una persona.,,La vivienda en esta zona es muy cara.,Housing in this area is very expensive.,
vowel,B1,feminine,vocal,,,Sonido de las letras que se pronuncian con la voz sin obstáculo.,,"En esta palabra, la vocal acentuada es la “e”.","In this word, the stressed vowel is the “e”.",
steering wheel,B1,masculine,volante,,,Rueda pequeña que permite dirigir un vehículo.,,Gira el volante con cuidado en las curvas.,Turn the steering wheel carefully on the curves.,
volume,B1,masculine,volumen,,,Cantidad de espacio tridimensional que ocupa un cuerpo; intensidad de un sonido.,,El volumen de la música es muy alto.,The volume of the music is very loud.,
vote,B1,masculine,voto,,,Expresión de la voluntad de una persona en una elección o decisión.,,Mi voto ya está emitido para las elecciones municipales.,My vote has already been cast for the local elections.,
sneaker,B1,feminine,zapatilla,,,"Calzado ligero y cómodo, a menudo deportivo o de estar en casa.",,Compré unas zapatillas nuevas para correr.,I bought new sneakers for running.,
"custom, bespoke",B2,adjective,a medida,,,Hecho a la medida o adaptado a una necesidad específica.,,Compraron un traje hecho a medida para la boda.,They bought a custom-made suit for the wedding.,
by the way,B2,adverb,a propósito,,,"De manera intencionada, no por casualidad.",,"A propósito, ¿sabías que han cambiado el horario del evento?","By the way, did you know they changed the event schedule?",
abandonment,B2,masculine,abandono,,,El hecho de dejar algo o a alguien de manera definitiva o temporal.,,El abandono del perro fue un acto cruel.,The abandonment of the dog was a cruel act.,
opening,B2,feminine,abertura,,,Agujero o abertura en una superficie.,,La abertura en la pared dejaba pasar la luz.,The opening in the wall let the light in.,
address,B2,verb,abordar,,,Subirse a un medio de transporte o comenzar un tema.,,El ponente va a abordar el tema del cambio climático.,The speaker is going to address the topic of climate change.,
overwhelm,B2,verb,abrumar,,,Sentirse sobrecargado o presionado por algo.,,La cantidad de trabajo comenzó a abrumar al equipo.,The amount of work began to overwhelm the team.,
absolute,B2,adjective,absoluto,,,Que no tiene límites o condiciones.,,No puedes esperar una obediencia absoluta sin explicar tus razones.,You can’t expect absolute obedience without explaining your reasons.,
absorbent,B2,adjective,absorbente,,,Que atrae toda la atención por completo.,,Necesitamos papel absorbente para limpiar el derrame.,We need absorbent paper to clean up the spill.,
absorb,B2,verb,absorber,,,"Retener un líquido, gas o energía en el interior.",,El suelo puede absorber mucha agua.,The ground can absorb a lot of water.,
abstract,B2,adjective,abstracto,,,Que no representa la realidad de forma concreta.,,El arte abstracto no siempre es fácil de entender.,Abstract art is not always easy to understand.,
absurd,B2,adjective,absurdo,,,Que carece de lógica o sentido.,,Es absurdo pensar que todo se resolverá sin hacer nada.,It’s absurd to think everything will be resolved without doing anything.,
abundance,B2,feminine,abundancia,,,Gran cantidad de algo.,,La abundancia de flores en el jardín creó un ambiente muy colorido.,The abundance of flowers in the garden created a very colorful atmosphere.,
abuse,B2,masculine,abuso,,,"Uso excesivo, injusto o indebido de algo o de alguien.",,El abuso de poder es un problema grave.,The abuse of power is a serious problem.,
academic,B2,adjective,académico,,,Relacionado con los estudios o la enseñanza superior.,,El sistema académico necesita una reforma profunda.,The academic system needs deep reform.,
cliff,B2,masculine,acantilado,,,Pared rocosa muy alta y casi vertical junto al mar o en la montaña.,,Desde el acantilado se veía todo el mar.,"From the cliff, the whole sea could be seen.",
access something,B2,verb,acceder,,,Tener acceso o derecho a algo.,,"Para acceder al contenido, necesitas iniciar sesión.","To access the content, you need to log in.",
accentuate,B2,verb,acentuar,,,Marcar con acento una palabra o resaltar algo.,,El profesor pidió acentuar las palabras agudas en el ejercicio.,The teacher asked to accentuate the stressed words in the exercise.,
steel,B2,masculine,acero,,,"Metal duro, gris azulado, muy resistente y usado en la industria.",,El puente está construido con acero resistente.,The bridge is built with resistant steel.,
hit,B2,verb,acertar,,,Hacer algo de manera correcta o acertada.,,Logró acertar la respuesta correcta en el examen.,He managed to guess the correct answer on the exam.,
clarification,B2,feminine,aclaración,,,Explicación o detalle adicional que sirve para aclarar algo.,,Necesito una aclaración sobre el horario.,I need clarification about the schedule.,
clarify,B2,verb,aclarar,,,Hacer que algo sea más claro o comprensible.,,Quiero aclarar este punto para que no haya malentendidos.,I want to clarify this point so there are no misunderstandings.,
"welcoming, cozy",B2,adjective,acogedor,,,Que resulta agradable y cómodo.,,El salón tenía un ambiente muy acogedor.,The room had a very cozy atmosphere.,
"welcome, take in",B2,verb,acoger,,,Dar refugio o recibir a alguien con amabilidad.,,La familia decidió acoger al cachorro perdido.,The family decided to take in the lost puppy.,
advisable,B2,adjective,aconsejable,,,Que es recomendable o conveniente.,,Es aconsejable llevar ropa cómoda para el viaje.,It’s advisable to wear comfortable clothes for the trip.,
agree,B2,verb,acordar,,,Llegar a un acuerdo o tomar una decisión común.,,Los dos países lograron acordar un tratado de paz.,The two countries managed to agree on a peace treaty.,
chord,B2,masculine,acorde,,,Conjunto de notas que forman una armonía musical.,,El guitarrista tocó un acorde difícil con facilidad.,The guitarist played a difficult chord with ease.,
attitude,B2,feminine,actitud,,,Forma de comportamiento o manera de actuar.,,Su actitud positiva hizo que el trabajo en grupo fuera más fácil.,Her positive attitude made group work easier.,
act,B2,masculine,acto,,,Hecho o acción realizada por alguien.,,El acto fue breve pero muy emotivo.,The act was brief but very emotional.,
performance,B2,feminine,actuación,,,Representación o interpretación en una obra o espectáculo.,,Su actuación en la obra fue brillante.,Her performance in the play was brilliant.,
current,B2,adjective,actual,,,Que corresponde al tiempo presente.,,El problema actual requiere soluciones urgentes.,The current problem requires urgent solutions.,
"present, current time",B2,feminine,actualidad,,,Circunstancia o situación del momento actual.,,"En la actualidad, muchos jóvenes trabajan y estudian a la vez.","Currently, many young people work and study at the same time.",
update,B2,feminine,actualización,,,Proceso por el cual algo se renueva o pone al día.,,Necesito hacer una actualización del software.,I need to do a software update.,
update,B2,verb,actualizar,,,"Poner al día algo, incorporando información o elementos nuevos.",,Vamos a actualizar los datos esta tarde.,We’re going to update the data this afternoon.,
currently,B2,adverb,actualmente,,,"En el tiempo presente, en la actualidad.",,"Actualmente, vivo en Barcelona por motivos de estudio.","At present, I live in Barcelona for study purposes.",
get into,B2,verb,adentrarse,,,"Entrar en lo profundo de un lugar, tema o situación.",,Es fácil adentrarse en una buena novela y olvidarse del mundo.,It’s easy to get into a good novel and forget the world.,
addition,B2,feminine,adición,,,Acción de añadir algo a lo ya existente.,,La adición de nuevos miembros al equipo mejoró el rendimiento.,The addition of new team members improved performance.,
additional,B2,adjective,adicional,,,Que se añade a lo principal como complemento.,,Necesitamos información adicional para completar el informe.,We need additional information to complete the report.,
attached,B2,adjective,adjunto,,,Que acompaña a otro documento o escrito.,,Te envío el informe adjunto para tu revisión.,I’m sending you the attached report for your review.,
administrator,B2,masculine,administrador,,,"Persona que dirige y gestiona una empresa, institución o proyecto.",,El administrador resolvió el problema rápidamente.,The administrator resolved the problem quickly.,
administer,B2,verb,administrar,,,"Gestionar, organizar o dirigir recursos y actividades.",,Van a administrar los fondos con mucho cuidado.,They’re going to manage the funds carefully.,
administrative,B2,adjective,administrativo,,,Relacionado con la gestión de una organización o institución.,,Tienen un departamento administrativo muy eficiente.,They have a very efficient administrative department.,
admiration,B2,feminine,admiración,,,Sentimiento de gran respeto y estima hacia alguien o algo.,,Siento una gran admiración por su valentía.,I feel great admiration for his bravery.,
admission,B2,feminine,admisión,,,Aceptación de alguien en una institución o lugar.,,La admisión al museo es gratuita los domingos.,Admission to the museum is free on Sundays.,
acquire,B2,verb,adquirir,,,"Obtener algo, normalmente mediante esfuerzo o compra.",,Acabamos de adquirir un nuevo software de edición.,We just acquired new editing software.,
related,B2,adjective,afín,,,"Que tiene relación, semejanza o afinidad con algo o alguien.",,Ambos tienen intereses afines en la literatura.,They both have related interests in literature.,
affinity,B2,feminine,afinidad,,,Relación de semejanza o coincidencia entre personas o cosas.,,Entre ellos existe una gran afinidad musical.,There is a great musical affinity between them.,
fortunately,B2,adverb,afortunadamente,,,De manera positiva o con buena suerte.,,"Afortunadamente, nadie resultó herido en el accidente.","Fortunately, no one was injured in the accident.",
fortunate,B2,adjective,afortunado,,,Que tiene buena fortuna o suerte.,,Fue muy afortunado al encontrar trabajo tan rápido.,He was very fortunate to find a job so quickly.,
swarm,B2,feminine,aglomeración,,,Concentración numerosa y desordenada de personas o cosas.,,Hubo una aglomeración de gente en el centro comercial.,There was a crowd of people at the shopping center.,
exhausting,B2,adjective,agotador,,,Que produce un gran cansancio físico o mental.,,El trabajo físico puede ser muy agotador.,Physical work can be very exhausting.,
exhaustion,B2,masculine,agotamiento,,,Estado de agotamiento extremo de fuerzas o energía.,,El agotamiento mental afecta al rendimiento.,Mental exhaustion affects performance.,
gratitude,B2,masculine,agradecimiento,,,Sentimiento de gratitud hacia alguien por un favor o beneficio recibido.,,Sintió un profundo agradecimiento hacia sus amigos por el apoyo recibido.,He felt deep gratitude toward his friends for the support he received.,
pleasure,B2,masculine,agrado,,,Sensación de placer o gusto.,,Me escuchó con agrado y aceptó mi propuesta sin dudarlo.,He listened to me with pleasure and accepted my proposal without hesitation.,
sexual assault,B2,feminine,agresión sexual,,,Delito de violencia física y sexual contra una persona.,,La policía investiga un caso de agresión sexual.,The police are investigating a case of sexual assault.,
farmer,B2,masculine,agricultor,,,Persona que trabaja en la agricultura.,,Mi abuelo era agricultor y cultivaba tomates.,My grandfather was a farmer and grew tomatoes.,
"take, put up with",B2,verb,aguantar,,,Soportar una situación difícil o incómoda.,,No puedo aguantar más este ruido constante.,I can’t put up with this constant noise anymore.,
wait,B2,verb,aguardar,,,Esperar a alguien o algo durante un tiempo.,,Tuvimos que aguardar varias horas en la estación.,We had to wait several hours at the station.,
"isolation, insulation",B2,masculine,aislamiento,,,Situación en la que algo o alguien está separado de los demás.,,El aislamiento puede afectar la salud mental.,Isolation can affect mental health.,
"isolate, insulate",B2,verb,aislar,,,Separar algo o alguien para evitar el contacto con otros.,,Hay que aislar bien las ventanas en invierno.,You have to insulate the windows well in winter.,
adjust,B2,verb,ajustar,,,Adaptar algo para que se ajuste a una medida o condición.,,Tuve que ajustar la altura de la silla.,I had to adjust the height of the chair.,
shelter,B2,masculine,albergue,,,Lugar donde se da alojamiento económico a viajeros.,,Nos quedamos en un albergue en los Pirineos.,We stayed in a hostel in the Pyrenees.,
scope,B2,masculine,alcance,,,"Grado o nivel hasta donde llega una acción, un efecto o una influencia.",,El alcance del proyecto es muy amplio.,The scope of the project is very broad.,
algebra,B2,feminine,álgebra,,,Parte de las matemáticas que estudia operaciones con símbolos.,,En clase de matemáticas estamos estudiando álgebra.,"In math class, we are studying algebra.",
ally,B2,masculine,aliado,,,"Persona, grupo o país que colabora con otro en una causa común.",,Francia fue un aliado clave durante la guerra.,France was a key ally during the war.,
aligned,B2,adjective,alineado,,,Que está en línea recta o colocado de forma ordenada con respecto a algo.,,Los planetas no están perfectamente alineados.,The planets are not perfectly aligned.,
align,B2,verb,alinear,,,Poner en línea recta o hacer coincidir con una referencia.,,Necesitamos alinear los objetivos del proyecto con el presupuesto.,We need to align the project’s goals with the budget.,
dressing,B2,masculine,aliño,,,Condimento líquido o mezcla que se añade a la comida.,,El aliño le da un sabor especial a la ensalada.,The dressing gives the salad a special flavor.,
soul,B2,feminine,alma,,,Parte espiritual o inmaterial del ser humano.,,Siento en el alma lo que ha pasado.,I feel what happened deep in my soul.,
storage,B2,masculine,almacenamiento,,,Acción de guardar cosas en un espacio o sistema.,,El almacenamiento en la nube facilita el acceso a los archivos.,Cloud storage makes it easier to access files.,
"store, stock",B2,verb,almacenar,,,"Guardar y conservar objetos, datos o información.",,Vamos a almacenar estos documentos en la nube.,We’re going to store these documents in the cloud.,
house,B2,verb,alojar,,,Dar hospedaje temporal a una persona.,,La universidad puede alojar a los estudiantes en residencias.,The university can house students in dormitories.,
alteration,B2,feminine,alteración,,,Cambio o modificación de algo.,,Hubo una alteración en el horario del tren.,There was an alteration in the train schedule.,
alter,B2,verb,alterar,,,"Cambiar o modificar el estado, la forma o la naturaleza de algo.",,Vamos a alterar el plan original.,We’re going to alter the original plan.,
"lift, raise",B2,verb,alzar,,,"Levantar o elevar algo, especialmente con esfuerzo.",,El orador alzó la voz para que todos lo escucharan.,The speaker raised his voice so that everyone could hear him.,
lover,B2,masculine,amante,,,Persona que mantiene una relación amorosa.,,Ella es la amante de la literatura romántica.,She is a lover of romantic literature.,
"bitter, sour",B2,adjective,amargo,,,"Que tiene un sabor desagradable, fuerte y no dulce.",,Este café tiene un sabor bastante amargo.,This coffee has quite a bitter taste.,
expansion,B2,feminine,ampliación,,,"Acción de aumentar el tamaño, la duración o el alcance de algo.",,La ampliación del museo incluirá una nueva sala de exposiciones temporales.,The museum expansion will include a new temporary exhibition hall.,
extend,B2,verb,ampliar,,,"Hacer que algo aumente en tamaño, cantidad o alcance.",,Vamos a ampliar el horario de atención al público.,We’re going to extend the customer service hours.,
analytic,B2,adjective,analítico,,,Que se relaciona con el análisis o la descomposición de ideas.,,El enfoque analítico es clave en esta investigación.,The analytical approach is key in this research.,
analyze,B2,verb,analizar,,,"Examinar algo detalladamente para comprenderlo, explicarlo o descomponerlo en partes.",,"Antes de decidir, debemos analizar los datos con calma.","Before deciding, we must analyze the data calmly.",
anatomy,B2,feminine,anatomía,,,Parte de la biología que estudia la forma y estructura de los seres vivos.,,Estudiar anatomía humana requiere conocer cada sistema del cuerpo en detalle.,Studying human anatomy requires knowing every system of the body in detail.,
anatomical,B2,adjective,anatómico,,,Que se relaciona con la estructura corporal.,,El informe incluye un análisis anatómico de las lesiones observadas.,The report includes an anatomical analysis of the observed injuries.,
width,B2,feminine,anchura,,,Medida que indica cuánto de ancho es algo.,,La anchura de la mesa no cabe en la cocina.,The width of the table doesn’t fit in the kitchen.,
angle,B2,masculine,ángulo,,,Figura geométrica formada por dos líneas que parten de un mismo punto.,,El profesor explicó cómo calcular un ángulo recto.,The teacher explained how to calculate a right angle.,
anxiety,B2,feminine,ansia,,,Deseo intenso por algo.,,Sintió una gran ansia por saber la verdad.,He felt a deep longing to know the truth.,
anxious,B2,adjective,ansioso,,,Que experimenta inquietud o un deseo excesivo.,,Estoy un poco ansioso por los resultados del examen.,I’m a little anxious about the exam results.,
previously,B2,adverb,anteriormente,,,En un momento anterior; antes.,,"Anteriormente habíamos discutido el presupuesto, pero ahora tenemos datos que cambian nuestra postura.","Previously we had discussed the budget, but now we have data that changes our position.",
anticipation,B2,feminine,anticipación,,,Acción de adelantarse a un hecho; preparación o previsión previa.,,La anticipación ante el veredicto mantuvo a todos en silencio.,The anticipation of the verdict kept everyone silent.,
anticipate,B2,verb,anticipar,,,Prever un hecho o adelantarse mentalmente a lo que puede ocurrir.,,Es difícil anticipar cómo reaccionará el público ante la nueva medida.,It’s difficult to anticipate how the public will react to the new measure.,
annual,B2,adjective,anual,,,Que ocurre una vez cada año.,,La reunión anual será en noviembre.,The annual meeting will be in November.,
passionately,B2,adverb,apasionadamente,,,Con gran emoción y entusiasmo.,,Habló apasionadamente sobre sus ideas.,He spoke passionately about his ideas.,
passionate,B2,adjective,apasionado,,,Que muestra gran pasión por algo o alguien.,,Es un artista muy apasionado por su trabajo.,He’s an artist very passionate about his work.,
sad,B2,adjective,apenado,,,Que siente pena o tristeza.,,Estaba apenado por la noticia.,He was saddened by the news.,
sadden,B2,verb,apenar,,,Causar pena o tristeza a alguien.,,La historia logró apenar al público.,The story managed to sadden the audience.,
approval,B2,feminine,aprobación,,,Aceptación oficial o reconocimiento de algo.,,El proyecto recibió la aprobación del consejo.,The project received the council’s approval.,
appropriate,B2,adjective,apropiado,,,Que es adecuado o correcto para una situación.,,Ese comentario no fue apropiado para la reunión.,That comment was not appropriate for the meeting.,
aptitude,B2,feminine,aptitud,,,Capacidad natural o adquirida para realizar una tarea o actividad.,,Tiene una gran aptitud para los idiomas.,She has great aptitude for languages.,
tariff,B2,masculine,arancel,,,Impuesto aplicado a bienes de comercio exterior.,,El arancel sobre los productos importados ha subido.,The tariff on imported goods has gone up.,
file,B2,verb,archivar,,,Guardar documentos en un archivo.,,Vamos a archivar todos los documentos antiguos.,We’re going to file all the old documents.,
argue,B2,verb,argumentar,,,Exponer razones o pruebas para defender una idea.,,Empezaron a argumentar sobre política durante la cena.,They started to argue about politics during dinner.,
harmony,B2,feminine,armonía,,,Concordia y equilibrio entre elementos diferentes.,,Hay una gran armonía entre los miembros del equipo.,There is great harmony among the team members.,
regret,B2,masculine,arrepentimiento,,,Reconocimiento del error propio con pesar y deseo de enmendarlo.,,Sintió un profundo arrepentimiento por no haber apoyado a su amiga cuando más lo necesitaba.,He felt deep regret for not having supported her friend when she needed it most.,
"risk, venture",B2,verb,arriesgar,,,Exponerse voluntariamente a un riesgo o peligro.,,Decidió arriesgar todo su dinero en un nuevo negocio.,He decided to risk all his money on a new business.,
artifact,B2,masculine,artefacto,,,"Objeto creado con un fin específico, generalmente técnico.",,Este museo tiene artefactos de la época romana.,This museum has artifacts from the Roman era.,
artisanal,B2,adjective,artesanal,,,"Hecho a mano, siguiendo métodos tradicionales y no industriales.",,Vendemos pan artesanal los fines de semana.,We sell artisanal bread on the weekends.,
articulation,B2,feminine,articulación,,,Unión o movimiento de las partes de un cuerpo o de un mecanismo.,,La articulación del brazo está inflamada.,The articulation of the arm is inflamed.,
artificial,B2,adjective,artificial,,,"Que no es natural, sino hecho por el ser humano.",,La luz artificial ilumina toda la calle por la noche.,Artificial light illuminates the whole street at night.,
artistic,B2,adjective,artístico,,,Relacionado con las artes o con la creatividad artística.,,El estilo artístico de Gaudí es muy original.,Gaudí’s artistic style is very original.,
pea,B2,feminine,arveja,,LA,Nombre dado en algunos países hispanohablantes a los guisantes.,,En algunos países llaman arveja al guisante.,"In some countries, they call peas “arvejas.”",
clean up,B2,verb,asear,,,Limpiar el cuerpo o parte de él para mantener la higiene.,,Tienes que asear tu habitación antes de salir.,You have to clean your room before going out.,
assassinate,B2,verb,asesinar,,,Matar a alguien de forma premeditada.,,Quisieron asesinar al presidente.,They tried to assassinate the president.,
assassin,B2,masculine,asesino,,,"Persona que mata a otra, especialmente por encargo o con premeditación.",,La policía atrapó al asesino.,The police caught the assassin.,
assistance,B2,feminine,asistencia,,,Acción de asistir o de estar presente en un lugar.,,Gracias por tu asistencia al taller.,Thank you for your assistance at the workshop.,
assistant,B2,masculine,asistente,,,Persona que asiste a alguien o participa en una actividad.,,El asistente del profesor nos ayudó con el proyecto.,The teacher’s assistant helped us with the project.,
"association, partnership",B2,feminine,asociación,,,Agrupación de personas con un fin común.,,La asociación cultural organizó un festival local con gran éxito.,The cultural association organized a local festival with great success.,
star,B2,masculine,astro,,,"Cuerpo celeste, como una estrella o planeta.",,Ese astro brilla más que los otros en el cielo.,That star shines more than the others in the sky.,
cunning,B2,feminine,astucia,,,"Habilidad para resolver asuntos con ingenio, a veces con picardía.",,"Gracias a su astucia, resolvió el conflicto sin ofender a nadie y obtuvo el acuerdo.","Thanks to their astuteness, they resolved the conflict without offending anyone and reached an agreement.",
assume,B2,verb,asumir,,,Aceptar una responsabilidad o dar algo por cierto.,,No podemos asumir que todos conocen las reglas de antemano.,We cannot assume that everyone knows the rules beforehand.,
heart attack,B2,masculine,ataque al corazón,,,Problema médico grave en el que el corazón deja de funcionar.,,El paciente sufrió un ataque al corazón y fue hospitalizado.,The patient suffered a heart attack and was hospitalized.,
atmosphere,B2,feminine,atmósfera,,,Capa de gases que rodea la Tierra o un planeta.,,La atmósfera del restaurante era tranquila y elegante.,The restaurant’s atmosphere was calm and elegant.,
attraction,B2,feminine,atracción,,,Cualidad de atraer la atención o el interés.,,La atracción que sentía por el arte moderno aumentó tras visitar el museo.,The attraction I felt for modern art increased after visiting the museum.,
attractive,B2,adjective,atractivo,,,Que resulta atractivo o agradable a la vista.,,Tienen un diseño muy atractivo en su página web.,They have a very attractive design on their website.,
"attract, lure",B2,verb,atraer,,,Llamar la atención o producir interés.,,El color brillante atrae a muchos insectos.,The bright color attracts many insects.,
cross,B2,verb,atravesar,,,Pasar de un lado a otro de algo.,,Tuvimos que atravesar un bosque para llegar al pueblo.,We had to cross a forest to reach the village.,
audiovisual,B2,adjective,audiovisual,,,Que utiliza conjuntamente el sonido y la imagen.,,El museo presentó una exposición con material audiovisual muy innovador.,The museum presented an exhibition with very innovative audiovisual material.,
howl,B2,verb,aullar,,,"Emitir un sonido fuerte y prolongado, propio de algunos animales.",,El lobo comenzó a aullar en la noche.,The wolf started to howl in the night.,
howl,B2,masculine,aullido,,,Sonido prolongado y fuerte producido por un animal al aullar.,,Se escuchó un aullido fuerte desde el bosque.,A loud howl was heard from the forest.,
authentic,B2,adjective,auténtico,,,Que es verdadero y genuino.,,Compramos una pieza auténtica de cerámica andaluza.,We bought an authentic piece of Andalusian pottery.,
automatically,B2,adverb,automáticamente,,,"De manera automática, sin intervención voluntaria.",,El ordenador se apagó automáticamente después de la actualización.,The computer shut down automatically after the update.,
automatic,B2,adjective,automático,,,Que funciona por sí mismo sin intervención humana.,,El sistema tiene una función automática de respaldo.,The system has an automatic backup function.,
authority,B2,feminine,autoridad,,,Poder o facultad para mandar o influir sobre los demás.,,La policía actuó con autoridad en la manifestación.,The police acted with authority during the demonstration.,
aid,B2,masculine,auxilio,,,Acción de prestar ayuda inmediata en una situación de peligro o necesidad.,,El montañero pidió auxilio cuando quedó atrapado en la cueva.,The mountaineer called for help when he was trapped in the cave.,
advanced,B2,adjective,avanzado,,,"Que está en un nivel más alto de desarrollo, conocimiento o dificultad.",,Es un curso avanzado para estudiantes con experiencia.,It is an advanced course for students with experience.,
"oat, oats, oatmeal",B2,feminine,avena,,,"Cereal utilizado en la alimentación, especialmente en copos o gachas.",,Me gusta tomar avena caliente en el desayuno.,I like having hot oatmeal for breakfast.,
"embarassed, ashamed",B2,adjective,avergonzado,,,Que siente vergüenza o incomodidad por algo.,,Estaba avergonzado por lo que dijo en público.,He was embarrassed by what he said in public.,
breakdown,B2,feminine,avería,,,Fallo o desperfecto en el funcionamiento de un aparato o sistema.,,Hubo una avería en el motor del coche.,There was a breakdown in the car’s engine.,
"figure out, work out",B2,verb,averiguar,,,Investigar o descubrir información.,,Voy a averiguar qué ha pasado con el pedido.,I’m going to figure out what happened with the order.,
aviation,B2,feminine,aviación,,,Conjunto de actividades relacionadas con la navegación aérea.,,Quiere trabajar en el campo de la aviación.,He wants to work in the field of aviation.,
fast,B2,verb,ayunar,,,Privarse voluntariamente de comer durante un tiempo.,,"Durante el Ramadán, muchas personas ayunan desde el amanecer hasta el anochecer.","During Ramadan, many people fast from sunrise to sunset.",
fast,B2,masculine,ayuno,,,Periodo en el que se deja de ingerir alimentos.,,El ayuno prolongado puede afectar la salud si no se hace con cuidado.,Prolonged fasting can affect your health if it’s not done carefully.,
bacterium,B2,feminine,bacteria,,,Microorganismo unicelular que puede ser beneficioso o causar enfermedades.,,Una sola bacteria puede multiplicarse rápidamente en condiciones favorables.,A single bacterium can multiply quickly in favorable conditions.,
bay,B2,feminine,bahía,,,Entrada estrecha de mar en la costa.,,La bahía estaba llena de barcos pesqueros.,The bay was full of fishing boats.,
dancer,B2,masculine,bailador,,,"Persona que baila, especialmente de forma profesional o artística.",,El bailador mostró una gran técnica durante la actuación de flamenco.,The dancer showed great technique during the flamenco performance.,
bench,B2,feminine,banca,,,Conjunto de bancos o sistema financiero de un país.,,La banca del parque está recién pintada.,The park bench is freshly painted.,
railing,B2,feminine,barandilla,,,"Barra o estructura que sirve de apoyo o protección en escaleras, balcones u otros lugares.",,Apóyate en la barandilla para no perder el equilibrio.,Lean on the railing so you don’t lose your balance.,
"bar, rod",B2,feminine,barra,,,"Pieza larga y estrecha de metal, madera u otro material.",,Sujeta bien la barra para mantener el equilibrio.,Hold the bar well to maintain balance.,
base,B2,verb,basar,,,"Fundar o sostener una idea en pruebas, razones o hechos.",,El informe se debe basar en datos oficiales y no en opiniones personales.,The report must be based on official data and not on personal opinions.,
database,B2,feminine,base de datos,,,Conjunto organizado de información almacenada en soporte digital.,,La base de datos contiene miles de registros.,The database contains thousands of records.,
be enough,B2,verb,bastar,,,Ser suficiente para un fin o necesidad.,,Con una explicación clara basta para entender el tema.,A clear explanation is enough to understand the topic.,
little baby,B2,masculine,bebito,,,Niño de muy corta edad.,,El bebito duerme profundamente en su cuna.,The little baby is sleeping soundly in his crib.,
benefit,B2,verb,beneficiar,,,Producir provecho o ganancia a alguien.,,El nuevo plan puede beneficiar a muchas familias.,The new plan may benefit many families.,
beneficial,B2,adjective,beneficioso,,,Que aporta provecho o es favorable.,,Hacer ejercicio es muy beneficioso para la salud.,Exercising is very beneficial for your health.,
biblical,B2,adjective,bíblico,,,Relacionado con la Biblia o sus enseñanzas.,,El relato bíblico fue interpretado desde una perspectiva moderna.,The biblical story was interpreted from a modern perspective.,
librarian,B2,masculine,bibliotecario,,,Persona encargada de una biblioteca.,,El bibliotecario nos ayudó a encontrar todos los libros.,The librarian helped us find all the books.,
bicep,B2,masculine,bícep,,,Músculo del brazo situado en la parte anterior superior.,,Me duele el bícep después del entrenamiento.,My bicep hurts after the workout.,
well-being,B2,masculine,bienestar,,,"Estado de satisfacción física, mental y social.",,El bienestar emocional de los empleados es una prioridad para la empresa.,Employees’ emotional well-being is a priority for the company.,
biography,B2,feminine,biografía,,,Historia de la vida de una persona escrita por alguien.,,La biografía de Frida Kahlo es fascinante.,Frida Kahlo’s biography is fascinating.,
biographic,B2,adjective,biográfico,,,Que está relacionado con la biografía de alguien.,,La parte biográfica de la novela aporta profundidad al personaje.,The biographical part of the novel adds depth to the character.,
biology,B2,feminine,biología,,,Ciencia que estudia los seres vivos.,,Estudia biología porque le apasiona la naturaleza.,She studies biology because she is passionate about nature.,
hinge,B2,feminine,bisagra,,,"Pieza que permite la apertura y cierre de puertas, ventanas u objetos similares.",,La puerta no cierra bien porque la bisagra está rota.,The door doesn’t close well because the hinge is broken.,
"blockade, blockage, paralysis",B2,masculine,bloqueo,,,Acción de impedir que algo avance o funcione con normalidad.,,El bloqueo de las carreteras generó grandes retrasos en la ciudad.,The roadblocks caused major delays in the city.,
mouthful,B2,masculine,bocado,,,Porción pequeña de comida que se muerde.,,Tomó un gran bocado del bocadillo.,He took a big bite of the sandwich.,
"candy, hottie",B2,masculine,bombón,,,Dulce pequeño de chocolate relleno.,,"Ese actor es un bombón, todos hablan de él.","That actor is a hunk, everyone talks about him.",
goodness,B2,feminine,bondad,,,Cualidad de ser bueno o bondadoso.,,Actuó con mucha bondad y generosidad.,He acted with great kindness and generosity.,
gap,B2,feminine,brecha,,,"Abertura o separación entre dos cosas, o diferencia notable entre personas o grupos.",,Existe una gran brecha entre ricos y pobres.,There is a big gap between rich and poor.,
bronze,B2,masculine,bronce,,,"Aleación metálica de cobre y estaño, de color pardo o dorado.",,La estatua estaba hecha de bronce antiguo.,The statue was made of ancient bronze.,
witch,B2,feminine,bruja,,,Mujer a la que se atribuyen poderes mágicos.,,La bruja del cuento lanzó un hechizo.,The witch in the story cast a spell.,
witchcraft,B2,feminine,brujería,,,Conjunto de creencias y prácticas relacionadas con la magia atribuida a brujas.,,La brujería era perseguida durante la Inquisición.,Witchcraft was persecuted during the Inquisition.,
"wizard, sorcerer",B2,masculine,brujo,,,Hombre al que se le atribuyen poderes mágicos.,,El brujo vivía en una cabaña en el bosque.,The wizard lived in a cabin in the forest.,
bulge,B2,masculine,bulto,,,Paquete o volumen abultado.,,Hay un bulto extraño en la mochila.,There’s a strange bulge in the backpack.,
bubble,B2,feminine,burbuja,,,Esfera hueca de aire o gas rodeada de una fina capa de líquido.,,La burbuja inmobiliaria causó una gran crisis económica.,The real estate bubble caused a major economic crisis.,
bubble,B2,verb,burbujear,,,Formar burbujas en un líquido.,,El agua empezó a burbujear en la olla.,The water began to bubble in the pot.,
"burrito, little donkey",B2,masculine,burrito,,,Plato típico mexicano consistente en una tortilla rellena de diferentes ingredientes.,,El burrito cargaba leña por el sendero de montaña.,The little donkey carried firewood along the mountain path.,
"search, quest",B2,feminine,búsqueda,,,Acción de buscar algo.,,La búsqueda de soluciones tomó varias semanas.,The search for solutions took several weeks.,
bust,B2,masculine,busto,,,Representación escultórica de la parte superior del cuerpo humano.,,El busto de Cervantes está en la plaza principal.,The bust of Cervantes is in the main square.,
fit,B2,verb,caber,,,Tener la posibilidad de entrar en un espacio o ser posible dentro de ciertas condiciones.,,No creo que esa caja quepa en el armario.,I don’t think that box will fit in the closet.,
"cabin, booth",B2,feminine,cabina,,,"Espacio reducido destinado a un fin, como en aviones, teléfonos o vehículos.",,Dormimos en una cabina de madera cerca del lago.,We slept in a wooden cabin near the lake.,
end,B2,masculine,cabo,,,Extremo o punta de algo; también grado militar.,,"Al cabo de la reunión, se decidió redactar un acta con todas las conclusiones.","At the end of the meeting, it was decided to draft a record with all the conclusions.",
piece,B2,masculine,cacho,,,Porción o pedazo de algo.,,Le dio un cacho de pan al perro.,He gave a piece of bread to the dog.,
caffeine,B2,feminine,cafeína,,,Sustancia estimulante presente en el café y otras bebidas.,,Evito la cafeína por la noche para poder dormir.,I avoid caffeine at night so I can sleep.,
calculate,B2,verb,calcular,,,Hallar un resultado mediante operaciones; estimar un valor.,,¿Puedes calcular cuánto tardaremos si hay atascos?,Can you calculate how long it will take us if there are traffic jams?,
cauldron,B2,masculine,caldero,,,Recipiente metálico grande usado para cocinar sobre fuego.,,El caldero burbujeaba sobre el fuego del campamento.,The cauldron was bubbling over the campfire.,
warmth,B2,feminine,calidez,,,Sensación agradable de calor humano o afectivo.,,La calidez de su voz me tranquilizó.,The warmth of her voice calmed me.,
hot,B2,adjective,caluroso,,,Que produce o se asocia con calor intenso.,,El verano fue especialmente caluroso este año.,This summer was especially hot.,
cancer,B2,masculine,cáncer,,,Enfermedad causada por el crecimiento descontrolado de células en el organismo.,,El cáncer de piel puede prevenirse con protección solar.,Skin cancer can be prevented with sun protection.,
singer,B2,masculine,cantor,,,"Persona que canta, especialmente de forma popular o tradicional.",,El cantor interpretó una canción tradicional gallega.,The singer performed a traditional Galician song.,
"layer, coat",B2,feminine,capa,,,Capa o estrato que cubre algo.,,Una capa de pintura es suficiente para cubrir la pared.,One coat of paint is enough to cover the wall.,
training,B2,feminine,capacitación,,,Acción de preparar a alguien mediante formación para una actividad.,,La capacitación mejorará las habilidades de los empleados.,The training will improve the employees’ skills.,
train,B2,verb,capacitar,,,Formar o instruir a alguien en una habilidad o conocimiento.,,Queremos capacitar a los nuevos voluntarios antes del evento.,We want to train the new volunteers before the event.,
capable,B2,adjective,capaz,,,Que tiene la capacidad de hacer algo.,,Es capaz de resolver problemas complejos sin ayuda.,She is capable of solving complex problems without help.,
financial capital,B2,masculine,capital,,,Ciudad más importante de un país o territorio.,,Madrid es un centro importante de capital financiero.,Madrid is an important financial capital center.,
capitalism,B2,masculine,capitalismo,,,Sistema económico basado en la propiedad privada y la libre competencia.,,El capitalismo ha evolucionado en diferentes formas a lo largo del tiempo.,Capitalism has evolved in different forms over time.,
capitalist,B2,masculine,capitalista,,,Persona que defiende o participa del capitalismo.,,El empresario es un conocido capitalista del sector tecnológico.,The businessman is a well-known capitalist in the tech sector.,
jail,B2,feminine,cárcel,,,Edificio donde se encierra a las personas privadas de libertad por delitos.,,El juez ordenó su traslado inmediato a la cárcel.,The judge ordered his immediate transfer to jail.,
cardiac,B2,adjective,cardíaco,,,Relacionado con el corazón.,,El paro cardíaco requiere atención médica inmediata.,Cardiac arrest requires immediate medical attention.,
lack,B2,feminine,carencia,,,Falta de algo necesario.,,El proyecto fracasó por la carencia de recursos.,The project failed due to lack of resources.,
"load, charge",B2,feminine,carga,,,Aquello que se transporta o soporta.,,La carga del camión superó el peso permitido.,The truck’s load exceeded the permitted weight.,
charger,B2,masculine,cargador,,,Dispositivo utilizado para cargar aparatos eléctricos o electrónicos.,,Olvidé el cargador del móvil en casa.,I forgot my phone charger at home.,
"charge, load",B2,verb,cargar,,,Transportar una carga o poner peso sobre algo o alguien.,,Hay que cargar las maletas antes de salir.,We need to load the suitcases before leaving.,
charisma,B2,masculine,carisma,,,Cualidad personal que genera atracción o simpatía en los demás.,,Su carisma natural atrae a todo el mundo.,His natural charisma attracts everyone.,
charismatic,B2,adjective,carismatico,,,Que posee carisma.,,Tiene un estilo carismático y persuasivo.,He has a charismatic and persuasive style.,
casual,B2,adjective,casual,,,Que ocurre de manera imprevista o sin planificación.,,La ropa casual es apropiada para el evento informal.,Casual clothing is appropriate for the informal event.,
chance,B2,feminine,casualidad,,,Hecho inesperado o casual.,,Nos encontramos en el mismo lugar por pura casualidad.,We met in the same place by pure chance.,
Catalan,B2,masculine,catalán,,,Persona originaria de Cataluña.,,El catalán es una lengua oficial en Cataluña.,Catalan is an official language in Catalonia.,
"Catalan, Catalonian",B2,adjective,catalán,,,Relacionado con Cataluña o su lengua.,,La música catalana tiene una gran riqueza cultural.,Catalan music has great cultural richness.,
category,B2,feminine,categoría,,,Cada una de las divisiones o clases en que se ordenan personas o cosas.,,Esta categoría incluye productos de alta tecnología.,This category includes high-tech products.,
Catholicism,B2,masculine,catolicismo,,,Doctrina y práctica de la religión católica.,,El catolicismo tiene una fuerte presencia en la cultura española.,Catholicism has a strong presence in Spanish culture.,
dig,B2,verb,cavar,,,Levantar tierra con una pala o herramienta similar.,,Tuvieron que cavar varios metros para encontrar el origen de la fuga.,They had to dig several meters to find the source of the leak.,
cavern,B2,feminine,caverna,,,Cueva grande y profunda en la tierra o en una montaña.,,Exploramos una caverna subterránea llena de estalactitas.,We explored an underground cavern full of stalactites.,
hunter,B2,masculine,cazador,,,Persona que persigue animales para capturarlos o matarlos.,,El cazador siguió las huellas en el bosque.,The hunter followed the tracks in the forest.,
hunt,B2,verb,cazar,,,Perseguir y atrapar animales.,,Van a cazar en la sierra este fin de semana.,They’re going hunting in the mountains this weekend.,
celebrity,B2,feminine,celebridad,,,Persona famosa o reconocida públicamente.,,La actriz se convirtió en una celebridad tras la película.,The actress became a celebrity after the film.,
heavenly,B2,adjective,celeste,,,De color azul claro como el cielo.,,El cielo estaba de un color celeste muy brillante.,The sky was a very bright sky blue.,
cellular,B2,adjective,celular,,,Relacionado con las células; también usado en referencia a teléfonos móviles.,,El acceso a internet mediante red celular se ha vuelto esencial hoy en día.,Internet access via cellular network has become essential nowadays.,
ash,B2,feminine,ceniza,,,Residuo en polvo gris que queda tras la combustión de algo.,,El volcán lanzó ceniza que cubrió varias ciudades.,The volcano released ash that covered several cities.,
"fence, circle, ring",B2,masculine,cerco,,,Cerca o vallado que rodea un espacio.,,El cerco policial impidió el acceso al edificio.,The police cordon blocked access to the building.,
certainty,B2,feminine,certeza,,,Seguridad total sobre la verdad de algo.,,Tenemos la certeza de que llegará a tiempo.,We have the certainty that he will arrive on time.,
certification,B2,feminine,certificación,,,"Documento oficial que confirma una habilidad, conocimiento o condición.",,Recibió una certificación oficial al terminar el curso.,She received official certification upon completing the course.,
beer,B2,adjective,cervecero,,,Relacionado con la fabricación o consumo de cerveza.,,Visitamos una feria cervecera en Alemania.,We visited a beer fair in Germany.,
check-in,B2,masculine,check-in,,,"Registro de entrada en hoteles, aeropuertos u otros servicios.",,Hicimos el check-in en el hotel a las tres.,We checked in at the hotel at three.,
beach bar,B2,masculine,chiringuito,,,Puesto de playa donde se venden comidas y bebidas.,,Tomamos unas tapas en un chiringuito frente al mar.,We had some tapas at a beach bar.,
spark,B2,feminine,chispa,,,Partícula incandescente producida por fuego o electricidad.,,Una chispa encendió todo el combustible.,A spark ignited all the fuel.,
"cool, cocky",B2,adjective,chulo,,,"Que resulta atractivo o llamativo, a veces con un matiz presuntuoso.",,"Ese chico es muy chulo, pero simpático.","That guy is really cocky, but nice.",
suck,B2,verb,chupar,,,Succionar con los labios.,,El bebé empezó a chupar su dedo pulgar.,The baby started sucking his thumb.,
cycle,B2,masculine,ciclo,,,Serie repetida de hechos que se suceden de manera periódica.,,El ciclo escolar comienza en septiembre y termina en junio.,The school cycle starts in September and ends in June.,
certain,B2,determiner,cierto,,,Que es verdadero o indudable.,,Cierto tipo de comida no me sienta bien.,A certain type of food doesn’t sit well with me.,
deer,B2,masculine,ciervo,,,"Mamífero rumiante de cornamenta ramificada, semejante al venado.",,Vimos un ciervo cruzando la carretera.,We saw a deer crossing the road.,
electrical tape,B2,feminine,cinta aisladora,,,Cinta adhesiva usada como aislante eléctrico.,,Necesito cinta aisladora para reparar el cable.,I need electrical tape to repair the cable.,
treadmill,B2,feminine,cinta para correr,,,Máquina con cinta en movimiento para correr en un mismo lugar.,,Corro todos los días en la cinta para correr.,I run every day on the treadmill.,
conveyor belt,B2,feminine,cinta transportadora,,,Dispositivo con cinta móvil que transporta objetos de un punto a otro.,,La cinta transportadora mueve las maletas en el aeropuerto.,The conveyor belt moves the suitcases at the airport.,
circular,B2,adjective,circular,,,Que tiene forma de círculo o que se mueve en círculo.,,La estructura tiene una forma circular perfecta.,The structure has a perfect circular shape.,
circumference,B2,feminine,circunferencia,,,Línea cerrada cuyos puntos están a la misma distancia del centro.,,La circunferencia del círculo debe calcularse con precisión para el experimento.,The circumference of the circle must be calculated precisely for the experiment.,
circumstance,B2,feminine,circunstancia,,,Situación o condición que rodea un hecho.,,"En esta circunstancia, es mejor mantener la calma.","In this circumstance, it’s better to stay calm.",
surgery,B2,feminine,cirugía,,,Intervención médica para tratar enfermedades mediante operaciones.,,La cirugía fue un éxito gracias al equipo médico.,The surgery was a success thanks to the medical team.,
"quotation, citation",B2,feminine,citación,,,Documento que obliga a alguien a presentarse en un lugar y tiempo determinados.,,Recibí una citación para declarar como testigo.,I received a summons to testify as a witness.,
"cite, schedule",B2,verb,citar,,,Convocar a alguien oficialmente o mencionarlo como ejemplo.,,El profesor va a citar a los alumnos para una reunión.,The teacher is going to schedule a meeting with the students.,
citrus,B2,masculine,cítrico,,,"Fruto de plantas como el limón, la naranja o la mandarina.",,El limón es un cítrico muy utilizado en la cocina.,The lemon is a citrus fruit widely used in cooking.,
citizenship,B2,feminine,ciudadanía,,,Conjunto de derechos y deberes que corresponden a los habitantes de un país.,,La ciudadanía exige más transparencia por parte de sus representantes.,The citizens demand more transparency from their representatives.,
civil,B2,adjective,civil,,,Relacionado con los ciudadanos o con la vida en sociedad civil.,,El derecho civil protege a todos los ciudadanos.,Civil law protects all citizens.,
civilization,B2,feminine,civilización,,,"Conjunto de costumbres, conocimientos y manifestaciones de una sociedad.",,La civilización romana dejó una huella profunda en Europa.,Roman civilization left a deep mark on Europe.,
civilized,B2,adjective,civilizado,,,"Que muestra respeto, educación y buenas maneras.",,Un comportamiento civilizado facilita la convivencia en cualquier sociedad.,Civilized behavior makes coexistence easier in any society.,
clearly,B2,adverb,claramente,,,De manera clara y comprensible.,,Explicó claramente los objetivos del proyecto.,He clearly explained the project objectives.,
classic,B2,adjective,clásico,,,Que pertenece o se ajusta a un modelo tradicional o antiguo.,,Ese cuadro es un clásico del arte contemporáneo.,That painting is a classic of contemporary art.,
classification,B2,feminine,clasificación,,,Acción de ordenar personas o cosas según criterios determinados.,,La clasificación se basa en el nivel de dificultad.,The classification is based on the level of difficulty.,
classify,B2,verb,clasificar,,,Ordenar o disponer por clases o categorías.,,Vamos a clasificar los documentos por fecha.,Let’s classify the documents by date.,
nail,B2,verb,clavar,,,Introducir un clavo u objeto puntiagudo en una superficie mediante golpes.,,Voy a clavar el cuadro en la pared.,I’m going to nail the picture to the wall.,
climatic,B2,adjective,climático,,,Relacionado con el clima.,,El cambio climático genera fenómenos climáticos extremos.,Climate change generates extreme weather events.,
code,B2,masculine,código,,,Conjunto de normas o símbolos que representan información.,,Cada ciudadano debe respetar el código civil en su totalidad.,Every citizen must respect the civil code in its entirety.,
coherence,B2,feminine,coherencia,,,Conexión lógica y relación entre ideas o hechos.,,El texto carece de coherencia entre los párrafos.,The text lacks coherence between paragraphs.,
coherent,B2,adjective,coherente,,,Que mantiene una relación lógica y bien estructurada.,,Su discurso fue claro y coherente.,His speech was clear and coherent.,
coincidence,B2,feminine,coincidencia,,,Situación en la que dos o más hechos suceden al mismo tiempo por azar.,,Fue una coincidencia muy extraña.,It was a very strange coincidence.,
cushion,B2,masculine,cojín,,,Almohada pequeña usada como apoyo.,,Colocó el cojín detrás de la espalda para estar más cómodo.,He placed the cushion behind his back to be more comfortable.,
collective,B2,adjective,colectivo,,,Que pertenece o se refiere a un grupo de personas.,,El acuerdo fue fruto de un esfuerzo colectivo de varias organizaciones.,The agreement was the result of a collective effort by several organizations.,
be placed,B2,verb,colocarse,,,Ponerse en un lugar o adoptar cierta posición.,,El cuadro se colocó en el centro de la sala.,The painting was placed in the center of the room.,
colonization,B2,feminine,colonización,,,Acción y efecto de establecer colonias en un territorio.,,La colonización europea cambió la historia del continente americano.,European colonization changed the history of the American continent.,
colonize,B2,verb,colonizar,,,Establecer colonias en un lugar.,,Quisieron colonizar nuevas tierras en África.,They wanted to colonize new lands in Africa.,
"colored, reddish",B2,adjective,colorado,,,De color rojo o rojizo.,,Sus mejillas se pusieron coloradas por la vergüenza.,His cheeks turned red from embarrassment.,
commentator,B2,noun,comentarista,,,Persona que comenta o analiza hechos en medios de comunicación o en público.,,El comentarista explicó bien cada jugada del partido.,The commentator explained every play of the match well.,
edible,B2,adjective,comestible,,,Que se puede comer.,,Esa planta no es comestible y puede ser peligrosa.,That plant is not edible and can be dangerous.,
commission,B2,feminine,comisión,,,Grupo de personas encargado de un asunto específico.,,La comisión presentará su informe mañana.,The commission will present its report tomorrow.,
comfortably,B2,adverb,cómodamente,,,De forma confortable o sin incomodidad.,,Estaban sentados cómodamente en el sofá.,They were sitting comfortably on the couch.,
shared,B2,adjective,compartido,,,Que es usado por varias personas en común.,,El piso compartido requiere normas claras de convivencia.,The shared apartment requires clear rules for cohabitation.,
competition,B2,feminine,competición,,SP,Competencia deportiva o de otra índole.,,La competición fue muy intensa este año.,The competition was very intense this year.,
complex,B2,adjective,complejo,,,Que tiene muchas partes o aspectos difíciles de entender.,,Es un tema complejo que requiere una explicación detallada.,It’s a complex topic that requires detailed explanation.,
complement,B2,verb,complementar,,,Añadir algo que complete otra cosa.,,El postre complementa muy bien la cena.,The dessert complements the dinner very well.,
complement,B2,masculine,complemento,,,Elemento que completa o mejora algo.,,Ese cinturón es un buen complemento para el vestido.,That belt is a good complement to the dress.,
complication,B2,feminine,complicación,,,Problema añadido que dificulta una situación.,,Hubo una complicación durante la operación.,There was a complication during the operation.,
complicate,B2,verb,complicar,,,Hacer que algo resulte más difícil.,,No quiero complicar más la situación.,I don’t want to complicate the situation any further.,
component,B2,masculine,componente,,,Parte que forma parte de un todo mayor.,,Este componente es esencial para el funcionamiento del motor.,This component is essential for the engine’s operation.,
compose,B2,verb,componer,,,Crear o formar una obra uniendo diferentes partes o elementos.,,El músico va a componer una canción para la película.,The musician is going to compose a song for the film.,
understandable,B2,adjective,comprensible,,,Que puede entenderse sin dificultad.,,El texto es claro y comprensible.,The text is clear and understandable.,
verify,B2,verb,comprobar,,,Revisar o verificar la exactitud o veracidad de algo.,,Voy a comprobar si la puerta está cerrada.,I’m going to verify if the door is closed.,
compromise,B2,verb,comprometer,,,Comprometerse en una obligación o acuerdo.,,No quiero comprometer mi palabra sin estar seguro.,I don’t want to compromise my word without being sure.,
commitment,B2,masculine,compromiso,,,"Obligación o acuerdo asumido; también, situación que compromete.",,Asumió el compromiso de entregar el proyecto a tiempo pese a las dificultades.,He made a commitment to deliver the project on time despite the difficulties.,
communal,B2,adjective,comunal,,,Que pertenece o está destinado a la comunidad.,,El proyecto tiene un objetivo claramente comunal.,The project has a clearly communal objective.,
communicative,B2,adjective,comunicativo,,,Que se comunica con facilidad o promueve la comunicación.,,Es una persona muy comunicativa y abierta.,She is a very communicative and open person.,
communion,B2,feminine,comunión,,,Sacramento cristiano que simboliza la unión con Dios mediante la eucaristía.,,Participó en la ceremonia de comunión de su sobrina.,He took part in his niece’s communion ceremony.,
communism,B2,masculine,comunismo,,,Doctrina política y económica que defiende la propiedad colectiva y la ausencia de clases sociales.,,Estudiamos el comunismo en la clase de historia.,We studied communism in history class.,
communist,B2,masculine,comunista,,,Persona que sigue o defiende el comunismo.,,El líder comunista dio un discurso ante miles de personas.,The communist leader gave a speech before thousands of people.,
community-oriented,B2,adjective,comunitario,,,Relacionado con la comunidad o con su organización.,,Trabaja en una organización comunitaria sin ánimo de lucro.,He works in a nonprofit community organization.,
"conceive, imagine",B2,verb,concebir,,,Formar una idea en la mente; concebir un plan o pensamiento.,,No puedo concebir un futuro sin arte.,I can’t conceive of a future without art.,
concentrated,B2,adjective,concentrado,,,Que está muy enfocado en una tarea o idea.,,El café concentrado tiene un sabor mucho más fuerte y aromático.,Concentrated coffee has a much stronger and more aromatic flavor.,
concentrate,B2,verb,concentrar,,,Dirigir la atención o los esfuerzos hacia algo.,,Necesito concentrar toda mi atención en esta tarea importante.,I need to concentrate all my attention on this important task.,
shell,B2,feminine,concha,,,Cubierta dura de algunos moluscos.,,En la playa encontré una concha muy bonita.,On the beach I found a very pretty shell.,
concrete,B2,adjective,concreto,,,"Que es preciso, determinado y real, no abstracto.",,Necesito un ejemplo concreto para entender la regla.,I need a concrete example to understand the rule.,
"compete, contest",B2,verb,concursar,,,Participar en un concurso o competición.,,Quiero concursar en un programa de televisión.,I want to compete on a television show.,
conditional,B2,adjective,condicional,,,Que depende de una condición para cumplirse.,,La oración tiene una estructura condicional.,The sentence has a conditional structure.,
season,B2,verb,condimentar,,,Añadir especias o condimentos a una comida para mejorar su sabor.,,Es importante condimentar bien la carne.,It’s important to season the meat well.,
seasoning,B2,masculine,condimento,,,"Sustancia, generalmente especia, que se añade a un alimento para sazonarlo.",,Este condimento le da mucho sabor.,This seasoning gives it a lot of flavor.,
condom,B2,masculine,condón,,,Objeto de látex u otro material usado como método anticonceptivo y de protección.,,Es importante usar condón para protegerse.,It’s important to use a condom for protection.,
confidential,B2,adjective,confidencial,,,Que se mantiene en secreto o reservado.,,La información es confidencial y no debe compartirse.,The information is confidential and must not be shared.,
configuration,B2,feminine,configuración,,,Disposición y organización de elementos en un sistema.,,La configuración del sistema debe revisarse antes de usarlo.,The system configuration must be reviewed before using it.,
configure,B2,verb,configurar,,,Establecer la organización de un sistema o aparato.,,Vamos a configurar la impresora para que funcione en red.,We are going to configure the printer so it works on the network.,
comfort,B2,masculine,confort,,,Bienestar material o comodidad.,,Este hotel ofrece mucho confort a los huéspedes.,This hotel offers a lot of comfort to guests.,
comfortable,B2,adjective,confortable,,,Que ofrece comodidad.,,La habitación es amplia y confortable.,The room is spacious and comfortable.,
confrontation,B2,feminine,confrontación,,,Enfrentamiento entre dos o más partes.,,La confrontación entre los equipos fue inevitable.,The confrontation between the teams was inevitable.,
confront,B2,verb,confrontar,,,Hacer frente a alguien o a algo.,,Ella decidió confrontar sus miedos con valentía.,She decided to confront her fears with courage.,
commemoration,B2,feminine,conmemoración,,,Acto de recordar o celebrar solemnemente un hecho o a una persona.,,Organizaron una conmemoración por el aniversario.,They organized a commemoration for the anniversary.,
"touching, moving",B2,adjective,conmovedor,,,Que provoca emoción profunda o conmueve.,,El final de la película fue realmente conmovedor.,The ending of the film was truly moving.,
acquaintance,B2,masculine,conocido,,,Persona conocida pero que no es necesariamente amiga.,,Ese conocido me saludó en la calle pero no recordé su nombre.,That acquaintance greeted me on the street but I didn’t remember his name.,
conquest,B2,feminine,conquista,,,Acción de conquistar un territorio o pueblo.,,La conquista del territorio duró varios años.,The conquest of the territory lasted several years.,
conqueror,B2,masculine,conquistador,,,Persona que conquista.,,El conquistador llegó con sus tropas al amanecer.,The conqueror arrived with his troops at dawn.,
conquer,B2,verb,conquistar,,,Tomar posesión de un lugar o someterlo.,,Los romanos lograron conquistar gran parte de Europa.,The Romans managed to conquer a large part of Europe.,
conscious,B2,adjective,consciente,,,Que tiene conocimiento claro de lo que hace o piensa.,,Está consciente después del accidente.,He is conscious after the accident.,
consequence,B2,feminine,consecuencia,,,Resultado que se sigue necesariamente de una causa.,,La falta de información puede tener una consecuencia grave.,Lack of information can have serious consequences.,
consent,B2,masculine,consentimiento,,,Aceptación o autorización para realizar algo.,,El consentimiento es esencial en cualquier relación.,Consent is essential in any relationship.,
conservation,B2,feminine,conservación,,,Acción de mantener algo en buen estado.,,La conservación del medio ambiente es fundamental.,The conservation of the environment is essential.,
conservative,B2,adjective,conservador,,,Que defiende las tradiciones y prefiere cambios lentos.,,Mi abuelo tiene ideas muy conservadoras en política.,My grandfather has very conservative ideas in politics.,
"with him, with her",B2,pronoun,consigo,,,Forma pronominal que indica compañía con uno mismo.,,Se llevó los documentos consigo.,He took the documents with him.,
consistent,B2,adjective,consistente,,,Que mantiene firmeza o coherencia.,,Necesitamos un enfoque más consistente en el proyecto.,We need a more consistent approach in the project.,
consist,B2,verb,consistir,,,Estar formado o compuesto por algo.,,El éxito puede consistir en pequeños logros diarios.,Success can consist of small daily achievements.,
constant,B2,adjective,constante,,,Que se mantiene sin cambios durante un periodo de tiempo.,,Necesitamos una presencia constante para supervisar el proyecto.,We need a constant presence to supervise the project.,
constantly,B2,adverb,constantemente,,,De forma continua y sin interrupción.,,El niño pregunta constantemente porque tiene mucha curiosidad.,The child asks constantly because he is very curious.,
constitution,B2,feminine,constitución,,,Ley fundamental que organiza un Estado.,,La constitución garantiza los derechos de los ciudadanos.,The constitution guarantees citizens’ rights.,
consumption,B2,masculine,consumo,,,Acción de gastar bienes o recursos para satisfacer necesidades.,,El consumo de azúcar debe ser moderado.,Sugar consumption should be moderate.,
contagious,B2,adjective,contagioso,,,Que puede transmitirse de un organismo a otro; que se propaga fácilmente.,,"El virus es altamente contagioso, por lo que recomiendan aislarse hasta dejar de presentar síntomas.","The virus is highly contagious, so they recommend self-isolating until you no longer show symptoms.",
contemporary,B2,adjective,contemporáneo,,,Que pertenece a la misma época que otra persona o cosa.,,Ese escritor es considerado un autor contemporáneo muy influyente.,That writer is considered a very influential contemporary author.,
context,B2,masculine,contexto,,,Circunstancias que rodean un hecho o situación.,,Es importante entender el contexto histórico.,It’s important to understand the historical context.,
contextual,B2,adjective,contextual,,,Relacionado con el contexto de algo.,,Este análisis es puramente contextual.,This analysis is purely contextual.,
continuity,B2,feminine,continuidad,,,Carácter de lo que se mantiene sin interrupción.,,El director quiere asegurar la continuidad del proyecto.,The director wants to ensure the continuity of the project.,
outline,B2,masculine,contorno,,,Línea que marca el límite de una figura o territorio.,,El contorno del dibujo está bien definido.,The outline of the drawing is well defined.,
contraction,B2,feminine,contracción,,,Contracción de un músculo u órgano.,,Hubo una contracción en el mercado laboral.,There was a contraction in the labor market.,
password,B2,feminine,contraseña,,,Palabra secreta que permite el acceso a un sistema o lugar.,,Olvidé mi contraseña del correo electrónico.,I forgot my email password.,
convenience,B2,feminine,conveniencia,,,Carácter útil u oportunidad favorable de algo.,,La conveniencia del lugar lo hace muy popular.,The convenience of the location makes it very popular.,
convenient,B2,adjective,conveniente,,,Que resulta adecuado o apropiado.,,Es un horario conveniente para todos.,It’s a convenient schedule for everyone.,
"become, convert",B2,verb,convertir,,,"Transformar o cambiar de forma, estado o condición.",,El calor intenso puede convertir el hielo en agua.,Intense heat can turn ice into water.,
become,B2,verb,convertirse,,,Transformarse en otra cosa o adoptar otra forma.,,La fiesta se convirtió en un problema para los vecinos.,The party turned into a problem for the neighbors.,
conviction,B2,feminine,convicción,,,Certeza firme en una idea o creencia.,,Tiene una fuerte convicción en sus ideas.,He has a strong conviction in his ideas.,
coexist,B2,verb,convivir,,,Vivir en compañía de otras personas compartiendo experiencias.,,Es difícil convivir con tantas personas.,It’s hard to coexist with so many people.,
cooperation,B2,feminine,cooperación,,,Acción de colaborar en una tarea común.,,La cooperación entre países es fundamental.,Cooperation between countries is essential.,
cooperate,B2,verb,cooperar,,,Colaborar con otros en una tarea común.,,Los equipos deben cooperar para lograr el objetivo.,Teams must cooperate to achieve the goal.,
courage,B2,masculine,coraje,,,Valor para afrontar situaciones difíciles.,,Mostró un gran coraje al enfrentarse a sus miedos públicamente.,He showed great courage by facing his fears publicly.,
mountain range,B2,feminine,cordillera,,,Conjunto de montañas alineadas.,,La cordillera está cubierta de nieve en invierno.,The mountain range is covered in snow in winter.,
corporation,B2,feminine,corporación,,,Entidad de gran tamaño con fines empresariales o administrativos.,,La corporación internacional abrió una sede en Madrid.,The international corporation opened an office in Madrid.,
corporal,B2,adjective,corporal,,,Relacionado con el cuerpo humano.,,Se evaluó el impacto corporal tras semanas de entrenamiento intensivo.,They evaluated the bodily impact after weeks of intensive training.,
"strap, belt, band",B2,feminine,correa,,,"Tira flexible de cuero, tela u otro material que sirve para sujetar, atar o colgar algo.",,La correa del reloj está rota.,The watch strap is broken.,
corruption,B2,feminine,corrupción,,,Práctica deshonesta en el uso del poder.,,La corrupción debilita las instituciones públicas.,Corruption weakens public institutions.,
court,B2,feminine,corte,,,Decisión judicial o lugar donde se celebran juicios.,,La corte dictó una sentencia justa.,The court issued a fair ruling.,
courteous,B2,adjective,cortés,,,"Que muestra respeto, educación y buenas maneras.",,El camarero fue muy cortés con nosotros.,The waiter was very courteous with us.,
courtesy,B2,feminine,cortesía,,,Demostración de respeto y amabilidad en el trato; acto atento.,,"Por pura cortesía, respondió a todas las preguntas de la prensa.","Out of sheer courtesy, he answered all the questions from the press.",
crop,B2,feminine,cosecha,,,Conjunto de productos recogidos de la tierra.,,La cosecha de este año fue mejor que la anterior.,This year’s crop was better than the previous one.,
rib,B2,feminine,costilla,,,Cada uno de los huesos del costado del pecho.,,Se rompió una costilla en el accidente.,He broke a rib in the accident.,
daily,B2,adjective,cotidiano,,,Que ocurre diariamente o con frecuencia.,,Mi vida cotidiana está llena de pequeñas rutinas.,My daily life is full of little routines.,
growing,B2,adjective,creciente,,,Que aumenta progresivamente.,,La creciente demanda ha obligado a aumentar la producción.,The growing demand has forced an increase in production.,
growth,B2,masculine,crecimiento,,,Aumento en tamaño o cantidad de algo.,,El crecimiento económico del país ha sido constante en los últimos años.,The country’s economic growth has been steady in recent years.,
belief,B2,feminine,creencia,,,Convicción o fe que alguien tiene en algo.,,Su creencia en la justicia inspiró a muchos a seguirla.,Her belief in justice inspired many to follow her.,
credible,B2,adjective,creíble,,,Que resulta digno de confianza porque ofrece veracidad.,,Su explicación parecía muy creíble porque coincidía con los hechos.,His explanation seemed very believable because it matched the facts.,
servant,B2,masculine,criado,,,Persona al servicio de otra en tareas domésticas.,,El criado servía el té con una elegancia admirable.,The servant served tea with admirable elegance.,
"rear, raise",B2,verb,criar,,,Alimentar o educar a un niño o a un animal.,,Decidieron criar gallinas ecológicas en su jardín.,They decided to raise organic chickens in their garden.,
creature,B2,feminine,criatura,,,"Ser vivo, especialmente un niño pequeño o un animal.",,Aquella criatura parecía sacada de un cuento fantástico.,That creature looked like it came out of a fantasy story.,
criterion,B2,masculine,criterio,,,Regla o norma de juicio que sirve para tomar decisiones.,,No estoy de acuerdo con ese criterio.,I don’t agree with that criterion.,
critical,B2,adjective,crítico,,,Que analiza con rigor o señala defectos.,,El informe crítico analizó las deficiencias del sistema.,The critical report analyzed the system's deficiencies.,
crustacean,B2,masculine,crustáceo,,,"Animal marino con caparazón duro, como un cangrejo o una langosta.",,El crustáceo vive en el fondo del mar.,The crustacean lives at the bottom of the sea.,
quality,B2,feminine,cualidad,,,Propiedad o característica positiva de algo o alguien.,,La paciencia es una cualidad importante.,Patience is an important quality.,
qualified,B2,adjective,cualificado,,,Que tiene formación o preparación específica.,,Buscan a una persona cualificada para el puesto.,They’re looking for a qualified person for the position.,
"any, anyone",B2,masculine,cualquiera,,,Cualquier persona o cosa sin especificar.,,"Puedes preguntar a cualquiera, seguro te ayudarán.","You can ask anyone, they'll surely help you.",
blade,B2,feminine,cuchilla,,,Instrumento metálico con filo usado para afeitar o cortar.,,Ten cuidado con la cuchilla de afeitar.,Be careful with the razor blade.,
horn,B2,masculine,cuerno,,,Prolongación dura en la cabeza de ciertos animales.,,El toro embistió provocando que el cuerno quedara doblado.,"The bull charged, causing the horn to bend.",
leather,B2,masculine,cuero,,,Piel tratada de animales usada como material.,,El cinturón estaba hecho de cuero genuino.,The belt was made of genuine leather.,
question,B2,verb,cuestionar,,,Poner en duda o someter a examen algo.,,Comenzó a cuestionar las decisiones del comité directivo.,He started to question the decisions of the management committee.,
carefully,B2,adverb,cuidadosamente,,,Con atención y precaución.,,Leyó cuidadosamente las instrucciones antes de empezar.,He read the instructions carefully before starting.,
"ass, butt",B2,masculine,culo,,,Parte posterior del cuerpo humano.,,Me duele el culo después de sentarme tantas horas.,My butt hurts after sitting for so many hours.,
"cultured, educated",B2,adjective,culto,,,Persona con amplios conocimientos adquiridos mediante la lectura o el estudio.,,Es un hombre culto que ha leído muchísima literatura clásica.,He is a cultured man who has read a great deal of classical literature.,
"worship, cult",B2,masculine,culto,,,Rito o ceremonia de carácter religioso hacia una divinidad u objeto sagrado.,,En la antigüedad existía un culto al sol en muchas civilizaciones.,In antiquity there was sun worship in many civilizations.,
culturally,B2,adverb,culturalmente,,,"De manera vinculada con las tradiciones, las artes y la vida intelectual.",,España es un país culturalmente muy diverso.,Spain is a very culturally diverse country.,
compliment,B2,masculine,cumplido,,,Elogio o muestra de reconocimiento hacia alguien.,,Te agradezco el cumplido sobre mi presentación.,Thank you for the compliment about my presentation.,
cure,B2,feminine,cura,,,Persona consagrada en la Iglesia; también tratamiento de cortesía para sacerdotes.,,La búsqueda de una cura para esa enfermedad sigue en curso.,The search for a cure for that disease is ongoing.,
"cure, heal",B2,verb,curar,,,Devolver la salud a alguien o reparar un daño.,,Los médicos lograron curar al paciente con el tratamiento nuevo.,The doctors managed to heal the patient with the new treatment.,
curious,B2,adjective,curioso,,,Que siente gran interés por saber o conocer.,,Soy muy curioso y siempre hago muchas preguntas en clase.,I’m very curious and always ask lots of questions in class.,
dagger,B2,feminine,daga,,,Arma blanca corta y puntiaguda semejante a una espada pequeña.,,El soldado llevaba una daga en el cinturón.,The soldier carried a dagger on his belt.,
"lady, dame",B2,feminine,dama,,,Mujer de modales distinguidos.,,La dama vestía un elegante traje de la época.,The lady wore an elegant dress from the era.,
"harmful, damaging",B2,adjective,dañino,,,Que causa daño.,,Fumar es un hábito muy dañino.,Smoking is a very harmful habit.,
beforehand,B2,adverb,de antemano,,,Con anticipación.,,Gracias por avisarme de antemano sobre la reunión.,Thanks for letting me know about the meeting beforehand.,
immediately,B2,adverb,de inmediato,,,En el mismo momento.,,Salieron de inmediato al escuchar el ruido.,They left immediately upon hearing the noise.,
by no means,B2,adverb,de ninguna manera,,,"De manera categórica, en ningún caso.",,De ninguna manera aceptaremos esas condiciones.,We will by no means accept those conditions.,
"anyway, anways, regardless",B2,adverb,de todos modos,,,"Sea como sea, sin importar las circunstancias.",,"No creo que funcione, pero de todos modos lo intentaré.","I don’t think it will work, but I’ll try it anyway.",
debate,B2,verb,debatir,,,Discutir sobre un tema exponiendo opiniones opuestas.,,Es importante debatir estos temas con argumentos sólidos y respeto.,It’s important to debate these topics with solid arguments and respect.,
weakness,B2,feminine,debilidad,,,Falta de fuerza física o moral.,,Su mayor debilidad es la falta de confianza en sí mismo.,His greatest weakness is his lack of self-confidence.,
decent,B2,adjective,decente,,,Que cumple con lo correcto y moralmente aceptable.,,Buscó un lugar decente donde pasar la noche.,He looked for a decent place to spend the night.,
disappoint,B2,verb,decepcionar,,,Causar tristeza o desilusión a alguien.,,Su actitud me llegó a decepcionar mucho.,His attitude really disappointed me.,
eighteenth,B2,adjective,decimoctavo,,,Que ocupa el lugar número dieciocho en un orden.,,Hoy celebramos el decimoctavo cumpleaños de mi prima.,Today we’re celebrating my cousin’s eighteenth birthday.,
fourteenth,B2,adjective,decimocuarto,,,Que ocupa el lugar número catorce en un orden.,,El decimocuarto capítulo fue el más interesante.,The fourteenth chapter was the most interesting.,
nineteenth,B2,adjective,decimonoveno,,,Que ocupa el lugar número diecinueve en un orden.,,El decimonoveno siglo trajo muchos cambios.,The nineteenth century brought many changes.,
fifteenth,B2,adjective,decimoquinto,,,Que ocupa el lugar número quince en un orden.,,Llegó en el decimoquinto lugar de la carrera.,He finished in fifteenth place in the race.,
seventeenth,B2,adjective,decimoséptimo,,,Que ocupa el lugar número diecisiete en un orden.,,El decimoséptimo participante ya ha salido al escenario.,The seventeenth participant has already taken the stage.,
sixteenth,B2,adjective,decimosexto,,,Que ocupa el lugar número dieciséis en un orden.,,Estamos en el decimosexto piso del hotel.,We are on the sixteenth floor of the hotel.,
thirteenth,B2,adjective,decimotercero,,,Que ocupa el lugar número trece en un orden.,,La respuesta está en el decimotercero párrafo.,The answer is in the thirteenth paragraph.,
decisive,B2,adjective,decisivo,,,Que resulta decisivo o determina un resultado.,,Tomaron una decisión decisiva para el futuro del país.,They made a decisive decision for the country’s future.,
declaration,B2,feminine,declaración,,,Manifestación formal de algo dicho o escrito.,,La declaración oficial fue transmitida por televisión.,The official declaration was broadcast on television.,
declare,B2,verb,declarar,,,Manifestar o comunicar oficialmente algo.,,El testigo tuvo que declarar ante el juez.,The witness had to declare before the judge.,
decrease,B2,verb,decrecer,,,"Disminuir en tamaño, cantidad o intensidad.",,La población de la ciudad empezó a decrecer después de la crisis.,The city’s population began to decrease after the crisis.,
dedication,B2,feminine,dedicación,,,Esfuerzo y entrega a una tarea o actividad.,,Su dedicación al proyecto fue tan intensa que trabajaba incluso los fines de semana.,Her dedication to the project was so intense that she worked even on weekends.,
dedication,B2,feminine,dedicatoria,,,"Palabras escritas para mostrar aprecio, afecto o reconocimiento al inicio de un libro, carta u obra.",,El libro tiene una dedicatoria muy emotiva.,The book has a very moving dedication.,
"definitely, definitively",B2,adverb,definitivamente,,,De manera concluyente y sin duda.,,"Definitivamente, fue la mejor decisión que pudimos tomar.",It was definitely the best decision we could have made.,
defraud,B2,verb,defraudar,,,Fallar a la confianza o expectativas de alguien.,,Intentaron defraudar al gobierno con facturas falsas.,They tried to defraud the government with fake invoices.,
"drop, let fall",B2,verb,dejar caer,,,Hacer que algo pase de arriba hacia abajo sin sostenerlo.,,"Sin querer, dejé caer mi móvil al suelo.","Unintentionally, I dropped my phone on the floor.",
"front, forward",B2,adjective,delantero,,,Jugador que ocupa una posición adelantada en un equipo.,,El jugador delantero marcó el gol de la victoria.,The forward scored the winning goal.,
delegation,B2,feminine,delegación,,,Grupo de personas que representa a una institución o país en una reunión o acto oficial.,,La delegación llegó a la conferencia internacional.,The delegation arrived at the international conference.,
delegate,B2,verb,delegar,,,Encargar a otra persona una tarea o responsabilidad propia.,,El jefe decidió delegar tareas en su equipo.,The boss decided to delegate tasks to his team.,
delicate,B2,adjective,delicado,,,Que requiere cuidado por ser frágil o sensible.,,Esa tela es muy delicada y requiere un lavado especial.,That fabric is very delicate and requires special washing.,
delight,B2,feminine,delicia,,,Placer muy grande producido por algo.,,Disfruté de la delicia que preparó el chef local.,I enjoyed the delight prepared by the local chef.,
crime,B2,masculine,delito,,,Acción ilegal castigada por la ley.,,Cometer un delito puede tener consecuencias muy graves.,Committing a crime can have very serious consequences.,
demand,B2,feminine,demanda,,,Petición formal ante un tribunal o autoridad.,,La demanda fue presentada esta mañana.,The lawsuit was filed this morning.,
sue,B2,verb,demandar,,,Solicitar legalmente o exigir con firmeza.,,El abogado va a demandar a la empresa.,The lawyer is going to sue the company.,
demon,B2,masculine,demonio,,,Ser maligno en creencias religiosas o míticas.,,La leyenda hablaba de un demonio que habitaba en la montaña.,The legend spoke of a demon that lived in the mountain.,
delay,B2,feminine,demora,,,Retraso en la realización de algo.,,La demora del vuelo causó muchos problemas.,The flight delay caused many problems.,
"demonstrate, show",B2,verb,demostrar,,,"Probar algo con razones, ejemplos o hechos.",,El experimento demostró los resultados esperados.,The experiment demonstrated the expected results.,
dense,B2,adjective,denso,,,Que tiene mucha densidad.,,El bosque es tan denso que apenas entra la luz del sol.,The forest is so dense that barely any sunlight gets in.,
dental,B2,adjective,dental,,,Relacionado con los dientes.,,La higiene dental es fundamental para evitar problemas.,Dental hygiene is essential to avoid problems.,
dependent,B2,adjective,dependiente,,,Que depende de otra persona o situación.,,Es una persona muy dependiente de la opinión ajena.,She’s a very dependent person when it comes to others’ opinions.,
bring down,B2,verb,derribar,,,Hacer caer algo desde una posición elevada; destruir o derribar una construcción.,,Quieren derribar el viejo edificio.,They want to bring down the old building.,
defeat,B2,feminine,derrota,,,Resultado de ser vencido en una competición o enfrentamiento.,,La derrota del equipo fue inesperada para los aficionados.,The team’s defeat was unexpected for the fans.,
defeat,B2,verb,derrotar,,,Vencer o superar a un enemigo o adversario.,,El equipo logró derrotar a su adversario.,The team managed to defeat its opponent.,
challenge,B2,verb,desafiar,,,Retar o provocar a alguien para competir o enfrentarse.,,Quiso desafiar al campeón en una partida de ajedrez.,He wanted to challenge the champion to a chess match.,
unfortunately,B2,adverb,desafortunadamente,,,"Lamentablemente, con mala suerte.",,"Desafortunadamente, el vuelo fue cancelado por la tormenta.","Unfortunately, the flight was canceled due to the storm.",
unfortunate,B2,adjective,desafortunado,,,Que sufre mala suerte.,,Fue un hecho desafortunado que cambió su vida.,It was an unfortunate event that changed his life.,
developed,B2,adjective,desarrollado,,,Que ha alcanzado un alto grado de progreso o perfección.,,España es un país muy desarrollado en comparación con hace cincuenta años.,Spain is a very developed country compared with fifty years ago.,
decompose,B2,verb,descomponer,,,Separar un cuerpo en sus partes más simples o en elementos básicos.,,"Si dejas la fruta al sol, empieza a descomponerse rápidamente.","If you leave fruit in the sun, it begins to decompose quickly.",
distrust,B2,verb,desconfiar,,,No tener confianza en alguien o en algo.,,"Después de lo que pasó, empecé a desconfiar de él.","After what happened, I began to distrust him.",
discount,B2,verb,descontar,,,Restar una cantidad de otra.,,Pudimos descontar un veinte por ciento del precio inicial.,We were able to deduct twenty percent from the original price.,
discontent,B2,masculine,descontento,,,Sentimiento de disgusto o insatisfacción.,,El descontento de los trabajadores aumentó después del anuncio.,The workers’ discontent increased after the announcement.,
discovery,B2,masculine,descubrimiento,,,Hallazgo de algo desconocido o escondido.,,El descubrimiento de la vacuna fue un hito histórico.,The discovery of the vaccine was a historic milestone.,
careless,B2,adjective,descuidado,,,Que actúa sin cuidado o atención.,,Fue un error descuidado.,It was a careless mistake.,
outcome,B2,masculine,desenlace,,,Final o desenlace de una historia o situación.,,El desenlace de la novela fue sorprendente.,The ending of the novel was surprising.,
untangle,B2,verb,desenredar,,,Separar lo que está enredado.,,Intentó desenredar los cables con paciencia.,He tried to untangle the cables patiently.,
desire,B2,masculine,deseo,,,Sentimiento o impulso de querer algo.,,Mi deseo de viajar por el mundo se ha hecho más fuerte en los últimos años.,My desire to travel the world has grown stronger in recent years.,
unfavorable,B2,adjective,desfavorable,,,Que resulta negativo o perjudicial.,,Esa decisión es desfavorable para todos.,That decision is unfavorable for everyone.,
"wear, wear and tear",B2,masculine,desgaste,,,Desgaste o deterioro por el uso o el tiempo.,,El desgaste del equipaje fue evidente tras varios viajes.,The wear and tear on the luggage was evident after several trips.,
unequal,B2,adjective,desigual,,,Que no es igual a otro en cantidad o calidad.,,Hay una distribución desigual de la riqueza.,There is an unequal distribution of wealth.,
inequality,B2,feminine,desigualdad,,,Falta de igualdad entre personas o situaciones.,,La desigualdad social sigue siendo un gran desafío.,Social inequality remains a major challenge.,
excess,B2,feminine,desmesura,,,Exceso fuera de lo normal.,,"Respondió con desmesura ante una crítica leve, lo que sorprendió a todos.","He overreacted to a mild criticism, which surprised everyone.",
take apart,B2,verb,desmontar,,,Desarmar o quitar piezas de algo.,,Vamos a desmontar el mueble para trasladarlo.,We’re going to take the furniture apart to move it.,
naked,B2,adjective,desnudo,,,Que no lleva ropa.,,La pintura mostraba una figura humana desnuda en actitud serena.,The painting showed a nude human figure in a serene posture.,
displacement,B2,masculine,desplazamiento,,,Acción de trasladarse de un lugar a otro.,,El desplazamiento diario al trabajo puede resultar agotador.,The daily commute to work can be exhausting.,
despise,B2,verb,despreciar,,,Sentir desprecio o rechazar a alguien.,,No debes despreciar a alguien por pensar diferente.,You shouldn’t despise someone for thinking differently.,
notable,B2,adjective,destacable,,,Que merece ser destacado o mencionado.,,Es destacable la dedicación de los voluntarios en este proyecto.,The dedication of the volunteers in this project is remarkable.,
"outstanding, highlighted",B2,adjective,destacado,,,Que sobresale entre otros por su importancia o calidad.,,La película recibió un premio por su guion destacado.,The film received an award for its outstanding script.,
skill,B2,feminine,destreza,,,Habilidad o destreza en realizar algo.,,Necesitas mucha destreza para manejar esa máquina.,You need a lot of skill to handle that machine.,
destroy,B2,verb,destrozar,,,Hacer daño grave a algo o alguien rompiéndolo.,,La tormenta logró destrozar varias casas.,The storm managed to destroy several houses.,
destruction,B2,feminine,destrucción,,,Acción de destruir o arruinar por completo.,,La destrucción causada por el huracán dejó varias zonas inhabitables.,The destruction caused by the hurricane left several areas uninhabitable.,
attic,B2,masculine,desván,,,"Espacio situado bajo el tejado de una casa, generalmente usado para almacenar cosas.",,Guardamos las cajas viejas en el desván.,We stored the old boxes in the attic.,
disadvantageous,B2,adjective,desventajoso,,,Que no es ventajoso o útil.,,Ese horario es bastante desventajoso para mí.,That schedule is quite disadvantageous for me.,
detect,B2,verb,detectar,,,Descubrir la existencia de algo oculto o no evidente.,,La policía logró detectar el fraude a tiempo.,The police managed to detect the fraud in time.,
stop,B2,verb,detener,,,Parar o impedir la continuación de algo.,,La policía logró detener al sospechoso a tiempo.,The police managed to stop the suspect in time.,
carefully,B2,adverb,detenidamente,,,De manera atenta y con detalle.,,Escuchó el discurso detenidamente.,He listened to the speech carefully.,
determination,B2,feminine,determinación,,,Firmeza o decisión en una acción o propósito.,,"Con mucha determinación, logró sus metas.","With great determination, she achieved her goals.",
determined,B2,adjective,determinado,,,Que está decidido o fijado; resuelto.,,"Está determinado a terminar el máster este año, aunque implique sacrificar parte de su tiempo libre.","He is determined to finish his master’s degree this year, even if it means sacrificing some of his free time.",
determine,B2,verb,determinar,,,Establecer con claridad una decisión o límite.,,Necesitamos determinar la causa del problema.,We need to determine the cause of the problem.,
diagram,B2,masculine,diagrama,,,Representación gráfica que organiza información o datos de forma esquemática.,,El profesor dibujó un diagrama en la pizarra.,The teacher drew a diagram on the board.,
diamond,B2,masculine,diamante,,,Piedra preciosa muy dura y brillante.,,Lucía un collar con un diamante enorme durante la gala.,She wore a huge diamond necklace during the gala.,
dictator,B2,masculine,dictador,,,Persona que ejerce el poder de forma absoluta.,,El dictador gobernó el país con mano dura.,The dictator ruled the country with an iron hand.,
dictatorship,B2,feminine,dictadura,,,Régimen político en el que gobierna un dictador.,,La dictadura duró más de veinte años.,The dictatorship lasted more than twenty years.,
hinder,B2,verb,dificultar,,,Hacer más difícil la realización de algo.,,El ruido constante puede dificultar la concentración de los alumnos.,Constant noise can hinder students’ concentration.,
digest,B2,verb,digerir,,,Transformar los alimentos en sustancias asimilables.,,"Después de comer, hay que dar tiempo para digerir.","After eating, you need to allow time to digest.",
digestion,B2,feminine,digestión,,,Proceso de transformación de los alimentos en el estómago.,,La digestión puede ser lenta si comes muy rápido.,Digestion can be slow if you eat too fast.,
dignity,B2,feminine,dignidad,,,Cualidad de ser digno o merecedor de respeto.,,Defienden la dignidad de los trabajadores en todas las negociaciones.,They defend the dignity of workers in all negotiations.,
worthy,B2,adjective,digno,,,Que merece algo por sus cualidades o comportamiento; que conserva el decoro.,,Considero digno de elogio que admitiera su error públicamente y pidiera disculpas.,I consider it worthy of praise that they admitted their mistake publicly and apologized.,
dimension,B2,feminine,dimensión,,,"Tamaño o medida en una dirección; también, aspecto o faceta de un asunto.",,El problema tiene una dimensión social que no podemos ignorar.,The problem has a social dimension that we cannot ignore.,
tiny,B2,adjective,diminuto,,,Extremadamente pequeño.,,Encontramos un insecto diminuto en la mesa.,We found a tiny insect on the table.,
dynamic,B2,feminine,dinámica,,,Fuerza o actividad que mueve algo.,,La dinámica del grupo cambió tras la llegada del nuevo miembro.,The group dynamic changed after the new member arrived.,
diplomacy,B2,feminine,diplomacia,,,Relaciones entre Estados para mantener acuerdos pacíficos.,,La diplomacia es fundamental en las relaciones internacionales.,Diplomacy is essential in international relations.,
diplomat,B2,masculine,diplomático,,,Persona que representa a un país en el extranjero.,,El diplomático habló en nombre de su país.,The diplomat spoke on behalf of his country.,
diplomatic,B2,adjective,diplomático,,,Que actúa con prudencia en asuntos delicados.,,El lenguaje diplomático debe ser cuidadoso y preciso.,Diplomatic language must be careful and precise.,
direct,B2,adjective,directo,,,"Que va en línea recta, sin rodeos.",,Prefiero una comunicación directa y honesta con mi equipo.,I prefer direct and honest communication with my team.,
handicapped,B2,adjective,discapacitado,,,"Que tiene una discapacidad física, mental o sensorial.",,El acceso para personas discapacitadas está en la entrada principal.,The access for handicapped people is at the main entrance.,
designer,B2,masculine,diseñador,,,"Persona que crea y planifica la forma y apariencia de objetos, espacios o imágenes.",,El diseñador presentó su nueva colección.,The designer presented his new collection.,
design,B2,masculine,diseño,,,"Conjunto de formas, colores o estructuras ideadas para un objeto o proyecto.",,El diseño del edificio combina tradición y modernidad.,The design of the building combines tradition and modernity.,
conceal,B2,verb,disimular,,,"Ocultar o disimular sentimientos, intenciones o defectos.",,Intentó disimular su nerviosismo antes de la presentación.,He tried to conceal his nervousness before the presentation.,
decrease,B2,verb,disminuir,,,"Hacer que algo sea menor en cantidad, intensidad o tamaño.",,Las ventas empezaron a disminuir tras la crisis económica.,Sales began to decrease after the economic crisis.,
arrange,B2,verb,disponer,,,Organizar o preparar lo necesario para un fin.,,Voy a disponer los documentos en carpetas separadas según su categoría.,I’m going to arrange the documents in separate folders by category.,
device,B2,masculine,dispositivo,,,Aparato o mecanismo diseñado para cumplir una función específica.,,Este dispositivo permite controlar la temperatura.,This device allows you to control the temperature.,
willing,B2,adjective,dispuesto,,,Que tiene la voluntad y la disposición de hacer algo.,,Estoy dispuesto a ayudar en lo que pueda.,I’m willing to help however I can.,
distinction,B2,feminine,distinción,,,Diferencia entre cosas o personas.,,Su acento le daba una distinción especial.,His accent gave him a special distinction.,
distribution,B2,feminine,distribución,,,Reparto u organización de algo en distintas partes o lugares.,,La distribución de los recursos fue equitativa.,The distribution of resources was fair.,
distribute,B2,verb,distribuir,,,Repartir o entregar algo entre varias personas o lugares.,,Van a distribuir los paquetes esta tarde.,They’re going to distribute the packages this afternoon.,
disturbance,B2,masculine,disturbio,,,Alteración del orden público con violencia.,,El disturbio en la plaza obligó a cerrar las tiendas cercanas.,The disturbance in the square forced nearby shops to close.,
be divided,B2,verb,dividirse,,,Separarse en varias partes o formar grupos distintos.,,La sociedad puede dividirse en grupos con intereses distintos.,Society can be divided into groups with different interests.,
doctorate,B2,masculine,doctorado,,,"Grado académico posterior al máster, el más alto de la universidad.",,Está estudiando un doctorado en biología.,He is studying a doctorate in biology.,
doctrine,B2,feminine,doctrina,,,Conjunto de principios o enseñanzas que rigen una ideología o religión.,,La doctrina del partido ha cambiado con el tiempo.,The party’s doctrine has changed over time.,
document,B2,verb,documentar,,,Recoger información sobre un tema y dejar constancia escrita o gráfica.,,Vamos a documentar todos los pasos.,We’re going to document all the steps.,
domestic,B2,adjective,doméstico,,,Relacionado con el hogar o la casa.,,Trabaja en el sector doméstico desde hace años.,She has been working in the domestic sector for years.,
dominance,B2,feminine,dominancia,,,Situación de superioridad o control de alguien o algo.,,La dominancia económica de esa empresa condiciona al mercado local.,That company’s economic dominance affects the local market.,
dominant,B2,adjective,dominante,,,Que ejerce influencia o control sobre los demás.,,Ese partido es dominante en la región desde hace años.,That party has been dominant in the region for years.,
dominion,B2,masculine,dominio,,,"Control o posesión sobre un territorio, actividad o conocimiento.",,El dominio del inglés es un requisito indispensable hoy.,Mastery of English is an essential requirement nowadays.,
donut,B2,feminine,dona,,LA,"Bolsa o recipiente pequeño para llevar cosas, generalmente de tela.",,Disfruto de una dona y un café al desayunar.,I enjoy a donut and coffee for breakfast.,
donation,B2,feminine,donación,,,Entrega voluntaria de bienes o dinero para una causa.,,Hicieron una donación generosa a la ONG local.,They made a generous donation to the local NGO.,
donate,B2,verb,donar,,,"Dar voluntariamente algo, normalmente para ayudar.",,Decidieron donar ropa y alimentos a refugios.,They decided to donate clothes and food to shelters.,
dramatic,B2,adjective,dramático,,,"Que causa gran impresión o emoción, especialmente en el teatro o la literatura.",,La escena fue tan dramática que todos quedaron sin palabras.,The scene was so dramatic that everyone was speechless.,
sweetness,B2,feminine,dulzura,,,Cualidad de ser dulce o agradable en el trato.,,La dulzura de esa fruta la convierte en un postre ideal.,The sweetness of that fruit makes it an ideal dessert.,
twelfth,B2,adjective,duodécimo,,,Que ocupa el lugar número doce en un orden.,,Mi asiento es el duodécimo de la fila.,My seat is the twelfth in the row.,
peach,B2,masculine,durazno,,LA,"Fruto de piel aterciopelada y pulpa jugosa, también llamado melocotón en España.",,El jugo de durazno es muy popular en América Latina.,Peach juice is very popular in Latin America.,
environmentalism,B2,masculine,ecologismo,,,Doctrina y movimiento que defiende la protección de la naturaleza.,,El ecologismo promueve prácticas sostenibles que reduzcan el impacto ambiental.,Environmentalism promotes sustainable practices that reduce environmental impact.,
economically,B2,adverb,económicamente,,,De manera relacionada con la economía o las finanzas.,,El país debe estar económicamente preparado para afrontar crisis futuras.,The country must be economically prepared to face future crises.,
"building, construction",B2,feminine,edificación,,,Acción de construir un edificio.,,La edificación de rascacielos en la ciudad ha generado debates sobre urbanismo.,The construction of skyscrapers in the city has sparked debates about urban planning.,
builder,B2,masculine,edificador,,,Persona que construye edificios.,,El arquitecto actúa como edificador responsable de la estructura del puente.,The architect acts as the responsible builder of the bridge’s structure.,
build,B2,verb,edificar,,,Construir o levantar una edificación.,,El ayuntamiento planea edificar un centro cultural junto al parque.,The city council plans to build a cultural center next to the park.,
efficacy,B2,feminine,eficacia,,,Capacidad para producir un resultado deseado con el menor esfuerzo.,,La eficacia del nuevo tratamiento químico superó las expectativas clínicas.,The effectiveness of the new chemical treatment exceeded clinical expectations.,
effective,B2,adjective,eficaz,,,Que produce el efecto esperado con poco esfuerzo.,,Es un método eficaz para reducir la contaminación urbana.,It is an effective method for reducing urban pollution.,
selfishness,B2,masculine,egoísmo,,,Actitud de pensar excesivamente en uno mismo y en el propio interés.,,El egoísmo creciente en la sociedad merma la cohesión comunitaria.,The growing selfishness in society weakens community cohesion.,
axis,B2,masculine,eje,,,Línea o punto que sirve de centro o referencia para algo.,,El eje principal de la plaza conecta el norte y el sur de la ciudad.,The main axis of the square connects the north and south of the city.,
execution,B2,feminine,ejecución,,,Acto de llevar a cabo o realizar una acción o proyecto.,,La ejecución del plan fue precisa y efectiva.,The execution of the plan was precise and effective.,
execute,B2,verb,ejecutar,,,Llevar a cabo o poner en práctica algo.,,El juez decidió ejecutar la sentencia sin más retrasos.,The judge decided to execute the sentence without further delay.,
sample,B2,masculine,ejemplar,,,Ejemplo que sirve de modelo.,,Ese libro es un ejemplar raro del siglo diecinueve.,That book is a rare copy from the 19th century.,
exemplary,B2,adjective,ejemplar,,,Que sirve como modelo o ejemplo.,,Su trayectoria como activista es realmente ejemplar.,His career as an activist is truly exemplary.,
exercise,B2,verb,ejercer,,,"Ejercer una profesión, actividad o influencia.",,El abogado debe ejercer su labor con imparcialidad.,The lawyer must carry out his duties with impartiality.,
exercise,B2,verb,ejercitarse,,,Hacer ejercicios físicos para mantener o mejorar la forma corporal.,,Es recomendable ejercitarse al menos tres veces por semana.,It is advisable to exercise at least three times a week.,
which,B2,pronoun,el cual,,,Pronombre relativo usado para precisar de qué se habla en una oración.,,Presentó un informe en el cual se detallaban los resultados del estudio.,He presented a report in which the study results were detailed.,
elaborate,B2,verb,elaborar,,,"Preparar con detalle y cuidado un plan, un proyecto o un producto.",,La empresa quiere elaborar un plan para reducir costes.,The company wants to develop a plan to reduce costs.,
electronic,B2,adjective,electrónico,,,Relacionado con dispositivos que funcionan mediante tecnología digital.,,El informe se envió en formato electrónico para agilizar su procesamiento.,The report was sent in electronic format to speed up processing.,
elemental,B2,adjective,elemental,,,"Básico, simple y fundamental.",,El agua es un recurso elemental para la vida.,Water is an elemental resource for life.,
"elevated, high",B2,adjective,elevado,,,Que está en una posición alta o por encima de lo normal.,,El edificio tiene un precio muy elevado por su ubicación céntrica.,The building has a very high price because of its central location.,
"elevate, lift",B2,verb,elevar,,,"Levantar algo, ponerlo en un lugar más alto.",,El orador pidió al público que se levantara cuando iban a elevar la bandera.,The speaker asked the audience to stand when they were going to raise the flag.,
it,B2,pronoun,ello,,,Forma neutra usada para referirse a algo ya mencionado o implícito.,,"No lo esperaba, pero me alegro de ello.","I didn’t expect it, but I’m glad about it.",
embassy,B2,feminine,embajada,,,Representación diplomática de un país en el extranjero.,,La embajada está cerrada por festivo nacional.,The embassy is closed due to a national holiday.,
ambassador,B2,masculine,embajador,,,Persona que representa oficialmente a un país en el extranjero.,,El embajador ofreció un discurso muy diplomático.,The ambassador gave a very diplomatic speech.,
pregnant,B2,adjective,embarazado,,,Que está en estado de gestación.,,Ella está embarazada de ocho meses y visita al ginecólogo regularmente.,She is eight months pregnant and visits the gynecologist regularly.,
embarassing,B2,adjective,embarazoso,,,Que causa incomodidad o vergüenza.,,Fue un error embarazoso que lo avergonzó durante la entrevista de trabajo.,It was an embarrassing mistake that made him ashamed during the job interview.,
pier,B2,masculine,embarcadero,,,Lugar junto al mar o un río donde atracan las embarcaciones.,,Caminamos por el embarcadero para ver el atardecer junto al mar.,We walked along the pier to watch the sunset by the sea.,
emblem,B2,masculine,emblema,,,"Símbolo que representa una idea, institución o país.",,El emblema de la ciudad representa su patrimonio cultural.,The city’s emblem represents its cultural heritage.,
emission,B2,feminine,emisión,,,Transmisión de ondas o señales a distancia.,,La emisión del programa fue a las ocho.,The program aired at eight o’clock.,
emit,B2,verb,emitir,,,"Expedir o lanzar algo, especialmente luz, sonido, calor, opinión o documentos.",,El altavoz puede emitir un sonido grave sin distorsión incluso a volumen alto.,The speaker can emit a low sound without distortion even at high volume.,
emotional,B2,adjective,emocional,,,Relacionado con las emociones o sentimientos.,,La película fue tan emocional que muchos espectadores lloraron.,The film was so emotional that many spectators cried.,
emotionally,B2,adverb,emocionalmente,,,De manera que afecta a las emociones.,,Habló emocionalmente sobre su infancia para conectar con el público.,He spoke emotionally about his childhood to connect with the audience.,
"be touching, be moving",B2,verb,emocionar,,,Causar emoción o conmover a alguien.,,Ese discurso supo emocionar a toda la audiencia reunida.,That speech managed to move the entire gathered audience.,
determination,B2,masculine,empeño,,,Determinación y esfuerzo constante para conseguir algo.,,"Con mucho empeño, logró terminar la carrera universitaria en tres años.","With great determination, he managed to finish university in three years.",
employer,B2,masculine,empleador,,,Persona que contrata a trabajadores.,,El empleador ofreció mejores condiciones laborales.,The employer offered better working conditions.,
employ,B2,verb,emplear,,,Dar empleo o utilizar algo para un fin.,,Vamos a emplear una nueva estrategia de ventas.,We’re going to employ a new sales strategy.,
ultimately,B2,adverb,en definitiva,,,Expresión usada para introducir una conclusión final.,,"En definitiva, necesitamos llegar a un acuerdo común.","In short, we need to reach a common agreement.",
live,B2,adverb,en directo,,SP,Transmisión en tiempo real a través de medios de comunicación.,,El partido se transmitió en directo.,The match was broadcast live.,
live,B2,adverb,en vivo,,LA,Retransmisión que ocurre en el mismo momento que sucede.,,Estaban cantando en vivo frente al público.,They were singing live in front of the audience.,
chain,B2,verb,encadenar,,,"Unir con cadenas, real o figuradamente.",,El prisionero fue encadenado en la celda.,The prisoner was chained in the cell.,
"enchanting, delightful",B2,adjective,encantador,,,"Que resulta muy agradable, simpático o atractivo.",,"El jardín es encantador, lleno de flores y caminos sinuosos.","The garden is charming, full of flowers and winding paths.",
"delight, enchant",B2,verb,encantar,,,Gustar mucho algo o causar gran placer.,,Los niños encantaron al público con sus voces en el festival.,The children delighted the audience with their voices at the festival.,
entrust,B2,verb,encargar,,,Encargar a alguien la realización de una tarea o responsabilidad.,,Me voy a encargar del pedido.,I’m going to take care of the order.,
assignment,B2,masculine,encargo,,,Tarea o gestión solicitada a alguien para que la realice.,,Me dieron un encargo urgente en el trabajo.,They gave me an urgent assignment at work.,
straighten,B2,verb,enderezar,,,Poner recto lo que estaba torcido.,,Es importante enderezar la espalda para evitar dolores.,It’s important to straighten your back to avoid pain.,
emphasis,B2,masculine,énfasis,,,Importancia especial que se da a una palabra o idea al hablar o escribir.,,Hizo hincapié con énfasis en la importancia de la puntualidad.,He strongly emphasized the importance of punctuality.,
focused,B2,adjective,enfocado,,,Que está concentrado en un objetivo o meta.,,Estoy muy enfocado en mi objetivo.,I’m very focused on my goal.,
"focus, approach",B2,verb,enfocar,,,Dirigir la atención o la vista hacia un punto.,,Debemos enfocar el problema desde una perspectiva más práctica.,We must approach the problem from a more practical perspective.,
"focus, approach",B2,masculine,enfoque,,,Punto de vista o manera de analizar una situación.,,El enfoque científico del proyecto garantiza resultados fiables.,The scientific approach of the project ensures reliable results.,
confrontation,B2,masculine,enfrentamiento,,,Conflicto o enfrentamiento entre personas o grupos.,,El enfrentamiento fue muy tenso.,The confrontation was very tense.,
face,B2,verb,enfrentar,,,Hacer frente a un problema o situación difícil.,,Tenemos que enfrentar el problema con responsabilidad.,We have to face the problem responsibly.,
deception,B2,masculine,engaño,,,Acción de inducir a error mediante falsedad o engaño.,,El engaño fue descubierto pronto.,The deception was soon discovered.,
enigma,B2,masculine,enigma,,,Problema o cuestión misteriosa y difícil de comprender.,,El enigma del manuscrito antiguo sigue sin resolverse después de décadas.,The enigma of the ancient manuscript remains unsolved after decades.,
link,B2,masculine,enlace,,,Conexión o unión entre dos cosas o personas.,,El enlace a la página web no funciona.,The link to the website doesn’t work.,
link,B2,verb,enlazar,,,Unir o conectar cosas entre sí.,,Podemos enlazar las dos habitaciones con una puerta.,We can link the two rooms with a door.,
"anger, be angry",B2,verb,enojar,,,Causar enfado o molestia a alguien.,,No pretendas enojar a tu compañero con críticas destructivas.,Don’t try to anger your classmate with destructive criticism.,
anger,B2,masculine,enojo,,,Sentimiento de enfado o disgusto.,,Sentí enojo al descubrir la traición de mi amigo más cercano.,I felt anger upon discovering the betrayal of my closest friend.,
enormously,B2,adverb,enormemente,,,De manera muy grande o intensa.,,Los precios aumentaron enormemente en pocos meses.,Prices increased enormously in just a few months.,
tangled,B2,adjective,enredado,,,Que está liado o complicado en sí mismo.,,El hilo está todo enredado.,The thread is all tangled.,
entangle,B2,verb,enredar,,,Enmarañar o complicar algo.,,No quiero enredarme en más problemas.,I don’t want to get entangled in more problems.,
entanglement,B2,masculine,enredo,,,Situación confusa o complicada.,,El enredo de la historia fue difícil de seguir.,The plot of the story was hard to follow.,
router,B2,masculine,enrutador,,,Dispositivo que dirige datos en una red informática.,,El enrutador necesita reiniciarse para restablecer la conexión.,The router needs to be restarted to restore the connection.,
assemble,B2,verb,ensamblar,,,Unir piezas para formar un conjunto.,,Los técnicos van a ensamblar las piezas esta tarde.,The technicians are going to assemble the parts this afternoon.,
"rehearse, try out",B2,verb,ensayar,,,Practicar una actividad antes de realizarla de forma definitiva.,,Vamos a ensayar la obra de teatro antes de presentarla.,We’re going to rehearse the play before performing it.,
essay,B2,masculine,ensayo,,,Texto o escrito breve sobre un tema o práctica de una obra artística.,,Escribió un ensayo sobre los efectos de la globalización.,He wrote an essay on the effects of globalization.,
understanding,B2,masculine,entendimiento,,,Capacidad de comprender y razonar.,,El entendimiento entre culturas promueve la paz y la cooperación.,Understanding between cultures promotes peace and cooperation.,
"inform, find out",B2,verb,enterar,,,Informar a alguien de algo.,,El periodista se enteró de la noticia a través de fuentes confiables.,The journalist found out about the news through reliable sources.,
environment,B2,masculine,entorno,,,Espacio físico o social que rodea a alguien.,,El entorno natural debe protegerse.,The natural environment must be protected.,
submission,B2,feminine,entrega,,,Acción de dar o poner en manos de alguien algo.,,La entrega del informe finalizó el proceso de evaluación.,The submission of the final report completed the evaluation process.,
"submit, deliver",B2,verb,entregar,,,Dar o poner en manos de alguien algo.,,El profesor entregará las calificaciones al final de la clase.,The teacher will hand out the grades at the end of class.,
entertainment,B2,masculine,entretenimiento,,,Actividad que sirve para divertir o distraer.,,El cine es una forma de entretenimiento muy popular.,Cinema is a very popular form of entertainment.,
interview,B2,verb,entrevistar,,,Realizar preguntas a una persona para obtener información.,,Decidieron entrevistar a los cinco candidatos más cualificados.,They decided to interview the five most qualified candidates.,
"time, era",B2,feminine,época,,,Periodo de tiempo en la historia.,,Vivieron en la época medieval durante su proyecto de historia.,They lived in the medieval era during their history project.,
"balance, equilibrium",B2,masculine,equilibrio,,,Estado en el que las partes se encuentran compensadas entre sí.,,Necesito encontrar un equilibrio entre el trabajo y la vida personal.,I need to find a balance between work and personal life.,
"equitable, fair",B2,adjective,equitativo,,,Que reparte de manera justa e igualitaria.,,Buscamos una solución más equitativa.,We’re looking for a more equitable solution.,
equivalent,B2,adjective,equivalente,,,Que tiene el mismo valor o significado.,,Ese resultado es equivalente al anterior.,That result is equivalent to the previous one.,
mistake,B2,feminine,equivocación,,,Error o fallo cometido.,,Fue una equivocación que costó mucho dinero.,It was a mistake that cost a lot of money.,
"mistaken, wrong",B2,adjective,equivocado,,,Que comete un error o no tiene razón.,,Estás equivocado; eso no ocurrió así.,You’re wrong; that didn’t happen.,
"era, age",B2,feminine,era,,,Periodo de tiempo largo en la historia.,,La era digital ha transformado por completo nuestras costumbres.,The digital era has completely transformed our habits.,
eruption,B2,feminine,erupción,,,"Expulsión violenta de lava, cenizas o gases por un volcán.",,La erupción del volcán causó la evacuación del pueblo.,The volcanic eruption caused the evacuation of the town.,
"that is to say, that is, in other words",B2,conjunction,es decir,,,Expresión usada para aclarar o precisar algo.,,"Es decir, si no llegas a tiempo, pierdes la reserva.","That is to say, if you don’t arrive on time, you lose the reservation.",
scale,B2,feminine,escala,,,Serie de niveles o grados de una actividad o proceso.,,La escala del problema requiere una intervención urgente a nivel global.,The scale of the problem requires urgent global intervention.,
scandal,B2,masculine,escándalo,,,Suceso que causa gran indignación pública.,,El escándalo político afectó gravemente la imagen del partido.,The political scandal severely affected the party’s image.,
scenario,B2,masculine,escenario,,,"Lugar donde se desarrolla una obra, actuación o evento.",,El escenario del crimen fue aislado por la policía.,The crime scene was cordoned off by the police.,
scenery,B2,feminine,escenografía,,,Decoración o montaje de un escenario.,,La escenografía del teatro recreó un paisaje natural impresionante.,The stage design recreated a stunning natural landscape.,
slavery,B2,feminine,esclavitud,,,Condición de esclavo o privación de libertad.,,La esclavitud fue abolida hace siglos.,Slavery was abolished centuries ago.,
chosen,B2,adjective,escogido,,,Seleccionado entre varios por considerarse el mejor o más adecuado.,,El candidato escogido tenía la experiencia más relevante para el puesto.,The chosen candidate had the most relevant experience for the position.,
"neckline, cleavage",B2,masculine,escote,,,Parte delantera del vestido que deja ver el pecho.,,Llevaba un vestido con un escote elegante.,She was wearing a dress with an elegant neckline.,
shield,B2,masculine,escudo,,,Arma defensiva que protege el cuerpo.,,El escudo del equipo está bordado en la camiseta.,The team’s shield is embroidered on the shirt.,
sculpture,B2,feminine,escultura,,,"Obra artística hecha tallando piedra, madera u otro material.",,Visitamos una exposición de escultura moderna.,We visited a modern sculpture exhibition.,
essence,B2,feminine,esencia,,,Parte más importante y característica de algo.,,La esencia de su poema reside en la sencillez y sinceridad del lenguaje.,The essence of his poem lies in the simplicity and sincerity of the language.,
essential,B2,adjective,esencial,,,De gran importancia o necesidad.,,Es esencial mantener una dieta equilibrada para preservar la salud.,It is essential to maintain a balanced diet to preserve health.,
sphere,B2,feminine,esfera,,,"Figura redonda en tres dimensiones, como una pelota.",,La esfera pública se ha visto influida por las redes sociales.,The public sphere has been influenced by social networks.,
link,B2,masculine,eslabón,,,Cada una de las piezas que forman una cadena.,,Ese eslabón falta en la cadena.,That link is missing from the chain.,
slogan,B2,masculine,eslogan,,,Frase corta usada en publicidad.,,Ese eslogan se ha vuelto muy popular entre los jóvenes.,That slogan has become very popular among young people.,
specific,B2,adjective,específico,,,Propio y particular de algo; que se refiere exactamente a un caso.,,Este curso está diseñado para un público muy específico.,This course is designed for a very specific audience.,
spectacular,B2,adjective,espectacular,,,Que causa gran admiración o asombro.,,La vista desde el acantilado es espectacular al amanecer.,The view from the cliff is spectacular at sunrise.,
"spectacle, show",B2,masculine,espectáculo,,,Función o representación para divertir al público.,,El espectáculo de luces atrajo a miles de espectadores.,The light show attracted thousands of spectators.,
spectator,B2,masculine,espectador,,,Persona que asiste y observa un espectáculo.,,Cada espectador recibió una pulsera para acceder al concierto.,Each spectator received a wristband to access the concert.,
hope,B2,feminine,esperanza,,,Confianza en que algo bueno ocurrirá.,,Su esperanza en un futuro mejor no se ha perdido a pesar de las dificultades.,His hope for a better future hasn’t been lost despite the difficulties.,
"thick, dense",B2,adjective,espeso,,,Que tiene mucha densidad o espesor.,,El bosque era tan espeso que apenas entraba la luz.,The forest was so dense that hardly any light came through.,
thickness,B2,masculine,espesor,,,"Grosor de un cuerpo, medida de la distancia entre sus caras.",,"El espesor del hielo no era suficiente para soportar el peso, así que cancelaron la travesía.","The thickness of the ice wasn’t enough to bear the weight, so they canceled the crossing.",
spike,B2,feminine,espiga,,,Parte alargada de la planta donde están las semillas.,,La espiga de trigo estaba dorada bajo el sol.,The wheat spike was golden under the sun.,
spirit,B2,masculine,espíritu,,,Parte espiritual o inmaterial del ser humano.,,El espíritu del equipo sigue vivo después de la derrota.,The spirit of the team remains alive after the defeat.,
spiritual,B2,adjective,espiritual,,,Relativo al espíritu o a lo inmaterial; orientado a la vida interior o religiosa.,,Encontró consuelo en una práctica espiritual diaria que le ayudó a centrarse.,They found comfort in a daily spiritual practice that helped them to focus.,
skeleton,B2,masculine,esqueleto,,,Conjunto de huesos del cuerpo.,,El esqueleto humano tiene doscientos seis huesos.,The human skeleton has two hundred and six bones.,
stability,B2,feminine,estabilidad,,,Cualidad de ser firme y no cambiar fácilmente.,,El país busca mantener la estabilidad económica.,The country seeks to maintain economic stability.,
stabilize,B2,verb,estabilizar,,,Dar estabilidad a algo.,,Necesitamos estabilizar la economía antes de implementar nuevas reformas.,We need to stabilize the economy before implementing new reforms.,
stable,B2,adjective,estable,,,Que se mantiene firme o constante.,,El edificio se mantiene estable incluso con temblores moderados.,The building remains stable even during moderate tremors.,
establish,B2,verb,establecer,,,Fundar o instituir algo.,,El comité decidió establecer nuevas normas de convivencia.,The committee decided to establish new coexistence rules.,
established,B2,adjective,establecido,,,Que ya existe de forma consolidada y firme.,,El plan ya está bien establecido y no se puede cambiar.,The plan is already well established and cannot be changed.,
establishment,B2,masculine,establecimiento,,,Lugar donde se realiza una actividad o servicio.,,El establecimiento cerrará temporalmente por reformas.,The establishment will temporarily close for renovations.,
explode,B2,verb,estallar,,,"Reventar con estruendo; comenzar bruscamente algo, como un conflicto o una crisis.",,Temían que la situación pudiera estallar si no se alcanzaba un acuerdo antes del viernes.,They feared the situation could erupt if an agreement wasn’t reached before Friday.,
standard,B2,masculine,estándar,,,Norma o referencia que sirve de modelo.,,Este modelo sigue el estándar europeo de calidad.,This model follows the European quality standard.,
standard,B2,adjective,estándar,,,Que sirve como modelo o referencia.,,Usaron medidas estándar para comparar los resultados.,They used standard measures to compare the results.,
"shelf, bookcase",B2,feminine,estantería,,,Mueble con estantes para colocar objetos.,,Colocaron los libros en la estantería junto a la ventana.,They placed the books on the shelf next to the window.,
stature,B2,feminine,estatura,,,Altura de una persona medida desde los pies hasta la cabeza.,,Su estatura es más baja que la de su hermano.,Her height is lower than her brother’s.,
aesthetic,B2,adjective,estético,,,Relacionado con la belleza y el arte.,,El diseño es muy estético.,The design is very aesthetic.,
stimulation,B2,feminine,estimulación,,,Acción de excitar o incitar a alguien o algo.,,La estimulación cognitiva es esencial para el desarrollo infantil.,Cognitive stimulation is essential for child development.,
stimulate,B2,verb,estimular,,,Excitar o incitar a la acción.,,Las actividades lúdicas pueden estimular la creatividad de los niños.,Playful activities can stimulate children’s creativity.,
strategy,B2,feminine,estrategia,,,Plan de acción diseñado para alcanzar un objetivo.,,Necesitamos una estrategia para reducir costes.,We need a strategy to cut costs.,
strategic,B2,adjective,estratégico,,,Relacionado con la planificación de objetivos.,,Tomaron una decisión estratégica para la empresa.,They made a strategic decision for the company.,
layer,B2,masculine,estrato,,,Capa de material o nivel social.,,El arqueólogo descubrió un estrato muy antiguo.,The archaeologist discovered a very ancient layer.,
premiere,B2,verb,estrenar,,,Presentar algo nuevo por primera vez.,,La película va a estrenar este viernes con una gala exclusiva.,The movie is going to premiere this Friday with an exclusive gala.,
premiere,B2,masculine,estreno,,,Primera presentación de una obra o producto.,,El estreno de la serie ha generado gran expectación entre los espectadores.,The premiere of the series has generated great expectation among viewers.,
stressful,B2,adjective,estresante,,,Que produce o causa estrés.,,Esta semana ha sido especialmente estresante en el trabajo.,This week has been especially stressful at work.,
structure,B2,verb,estructurar,,,Organizar y dar forma a un conjunto de elementos.,,Tenemos que estructurar mejor el informe para que sea más claro.,We need to better structure the report so it’s clearer.,
stage,B2,feminine,etapa,,,Periodo dentro de un proceso o desarrollo.,,"En esta etapa de la vida, quiero viajar más.","At this stage of life, I want to travel more.",
eternal,B2,adjective,eternal,,,Que no tiene fin.,,Muchos creen en la vida eternal después de la muerte.,Many believe in eternal life after death.,
eternally,B2,adverb,eternamente,,,De manera que no acaba nunca.,,La familia vivirá eternamente en nuestros recuerdos.,The family will live eternally in our memories.,
eternity,B2,feminine,eternidad,,,Duración sin límite en el tiempo.,,La eternidad es un concepto difícil de comprender.,Eternity is a difficult concept to understand.,
eternal,B2,adjective,eterno,,,Que no tiene principio ni fin.,,Es un amor eterno que nunca desaparecerá.,It is an eternal love that will never fade.,
label,B2,verb,etiquetar,,,Colocar etiquetas a algo.,,Tienes que etiquetar cada caja con su contenido.,You have to label each box with its contents.,
evaluate,B2,verb,evaluar,,,Analizar o valorar algo.,,Vamos a evaluar los resultados del proyecto mañana.,We’re going to evaluate the results of the project tomorrow.,
"potential, possible",B2,adjective,eventual,,,"Que puede suceder, aunque no sea seguro.",,Evaluaron posibles escenarios eventuales antes de actuar.,They evaluated possible eventual scenarios before taking action.,
possibly,B2,adverb,eventualmente,,,Que puede ocurrir en determinadas circunstancias.,,"Eventualmente, podremos ampliar el programa según los resultados.","Eventually, we will be able to expand the program based on the results.",
exactly,B2,adverb,exactamente,,,De manera totalmente precisa.,,Exactamente a las ocho empezó la reunión con puntualidad.,"Exactly at eight, the meeting started punctually.",
accuracy,B2,feminine,exactitud,,,Cualidad de ser exacto o preciso.,,La exactitud en los datos es muy importante.,Accuracy in the data is very important.,
exact,B2,adjective,exacto,,,Que es totalmente preciso.,,Necesitamos un plan exacto para evitar imprevistos en la ejecución.,We need an exact plan to avoid unforeseen issues in the execution.,
exaggeration,B2,feminine,exageración,,,Acción de aumentar la importancia de algo más allá de lo real.,,Decir que todos piensan igual sería una exageración.,Saying that everyone thinks the same would be an exaggeration.,
exaggerated,B2,adjective,exagerado,,,Excesivo o fuera de lo normal.,,Sus gestos eran exagerados y poco apropiados para la ocasión.,His gestures were exaggerated and inappropriate for the occasion.,
exaggerate,B2,verb,exagerar,,,Aumentar algo más de lo real.,,Tiende a exagerar cada historia para hacerla más interesante.,He tends to exaggerate every story to make it more interesting.,
examine,B2,verb,examinar,,,Analizar algo con detalle.,,El médico decidió examinar al paciente tras los síntomas presentados.,The doctor decided to examine the patient after the symptoms appeared.,
excellent,B2,adjective,excelente,,,Que destaca por su gran calidad.,,La organización recibió un reconocimiento por su trabajo excelente.,The organization received recognition for its excellent work.,
excessive,B2,adjective,excesivo,,,Que supera lo normal o razonable.,,El uso excesivo del móvil puede ser perjudicial.,Excessive use of the mobile phone can be harmful.,
excess,B2,masculine,exceso,,,Cantidad que sobrepasa lo necesario.,,El exceso de información puede generar confusión en los lectores.,An excess of information can confuse readers.,
excitement,B2,feminine,excitación,,,"Estado de agitación o activación intensa, física o emocional; en fisiología, aumento de la actividad de un tejido u órgano.",,En el experimento observamos un aumento de la excitación de los electrones cuando se aplicó luz ultravioleta.,In the experiment we observed an increase in the excitation of the electrons when ultraviolet light was applied.,
demand,B2,verb,exigir,,,Pedir con fuerza algo que se considera necesario u obligatorio.,,Los trabajadores exigen mejores condiciones laborales.,The workers demand better working conditions.,
existence,B2,feminine,existencia,,,Hecho de ser o existir.,,La existencia de vida extraterrestre sigue siendo objeto de investigación.,The existence of extraterrestrial life is still a subject of research.,
existing,B2,adjective,existente,,,Que existe o está presente.,,Es un problema existente desde hace años.,It’s an existing problem from years ago.,
exist,B2,verb,existir,,,Tener vida o realidad.,,Algunos virus pueden existir en ambientes extremos durante años.,Some viruses can exist in extreme environments for years.,
successful,B2,adjective,exitoso,,,Que alcanza el éxito.,,Fue un evento muy exitoso.,It was a very successful event.,
expansion,B2,feminine,expansión,,,Aumento o propagación de algo.,,La expansión de la empresa llegó a otros continentes.,The company’s expansion reached other continents.,
expectation,B2,feminine,expectativa,,,Esperanza de que algo ocurra.,,Las expectativas estaban muy altas antes del estreno de la obra.,Expectations were very high before the show’s premiere.,
expedition,B2,feminine,expedición,,,Viaje organizado con un fin específico.,,La expedición cruzó la selva durante semanas.,The expedition crossed the jungle for weeks.,
"experiment, experience",B2,verb,experimentar,,,Probar o vivir algo personalmente.,,Quieren experimentar con nuevas técnicas de cultivo sostenible.,They want to experiment with new sustainable farming techniques.,
experiment,B2,masculine,experimento,,,Prueba realizada para comprobar una idea.,,El experimento fue un éxito en el laboratorio.,The experiment was a success in the lab.,
expert,B2,masculine,experto,,,Persona con gran conocimiento en un tema.,,Es un experto en energías renovables y eficiencia medioambiental.,He is an expert in renewable energy and environmental efficiency.,
explanation,B2,feminine,explicación,,,Aclaración que hace comprensible algo.,,La explicación del fenómeno fue clara y detallada.,The explanation of the phenomenon was clear and detailed.,
explicit,B2,adjective,explícito,,,Que se expresa de manera clara y directa.,,Fue muy explícito al explicar las condiciones del contrato.,He was very explicit when explaining the contract terms.,
explosion,B2,feminine,explosión,,,Liberación violenta de energía y gases.,,La explosión causó daños en varios edificios.,The explosion caused damage to several buildings.,
explosive,B2,adjective,explosivo,,,Que puede explotar o causar explosión.,,El material encontrado era altamente explosivo.,The material found was highly explosive.,
exploitation,B2,feminine,explotación,,,Uso abusivo de personas o recursos.,,La explotación de los trabajadores debe terminar.,The exploitation of workers must end.,
exploit,B2,verb,explotar,,,Aprovecharse de alguien o algo injustamente.,,Quieren explotar los recursos naturales de la zona.,They want to exploit the natural resources of the area.,
explode,B2,verb,explotar,,,Estallar de forma violenta.,,El tanque puede explotar si se sobrecalienta.,The tank may explode if it overheats.,
expose oneself,B2,verb,exponerse,,,Colocarse voluntariamente en una situación que implica un riesgo.,,No es bueno exponerse demasiado al sol en verano.,It’s not good to expose oneself too much to the sun in summer.,
export,B2,verb,exportar,,,Vender productos a otros países.,,España exporta aceite de oliva a muchos países.,Spain exports olive oil to many countries.,
exposure,B2,feminine,exposición,,,Exposición pública de objetos o ideas.,,La exposición a la luz natural mejora el estado de ánimo.,Exposure to natural light improves mood.,
express,B2,verb,expresar,,,Comunicar ideas o sentimientos con palabras o gestos.,,Ella supo expresar sus ideas con seguridad y argumentos sólidos.,She was able to express her ideas with confidence and solid arguments.,
expression,B2,feminine,expresión,,,"Conjunto de palabras, gestos o formas de comunicar.",,La expresión de su rostro reflejó alivio y gratitud.,The expression on her face reflected relief and gratitude.,
extend,B2,verb,extender,,,Hacer que algo ocupe más espacio.,,Vamos a extender el plazo de entrega una semana más.,We’re going to extend the delivery deadline by one more week.,
extension,B2,feminine,extensión,,,Ampliación de algo en espacio o tiempo.,,Obtuvo una extensión de contrato tras demostrar su valía.,He received a contract extension after proving his worth.,
extensive,B2,adjective,extenso,,,Muy grande en tamaño o extensión.,,El informe ofrece una visión extensa del problema.,The report provides an extensive view of the problem.,
exterior,B2,masculine,exterior,,,Parte externa de algo.,,Viajó al exterior por trabajo.,He traveled abroad for work.,
external,B2,adjective,externo,,,Que está fuera o en el exterior.,,La influencia externa en la decisión fue mínima.,The external influence on the decision was minimal.,
"extract, summary",B2,masculine,extracto,,,Fragmento seleccionado de un texto o sustancia concentrada de algo.,,En la reunión revisamos un extracto del informe científico.,At the meeting we reviewed an excerpt from the scientific report.,
extraordinary,B2,adjective,extraordinario,,,Que es muy especial o fuera de lo común.,,La actriz dio una interpretación extraordinaria.,The actress gave an extraordinary performance.,
extravagant,B2,adjective,extravagante,,,Llamativo o exagerado en su estilo.,,"El diseño fue tildado de extravagante, pero despertó interés.","The design was labeled as extravagant, but it sparked interest.",
extremely,B2,adverb,extremadamente,,,De manera extrema o exagerada.,,El clima fue extremadamente cálido para la temporada.,The weather was extremely warm for the season.,
extreme,B2,adjective,extremo,,,Que está en el límite o en el punto más alto o bajo.,,"La medida fue extrema, pero necesaria para frenar la crisis.","The measure was extreme, but necessary to stop the crisis.",
extroverted,B2,adjective,extrovertido,,,"Sociable, abierto y expresivo con los demás.",,Es muy extrovertido y le encanta hablar con todos.,He is very extroverted and loves talking to everyone.,
manufacturing,B2,feminine,fabricación,,,Proceso de producción de bienes en fábricas.,,La fabricación de coches eléctricos crece cada año.,The manufacture of electric cars grows every year.,
manufacture,B2,verb,fabricar,,,Producir algo mediante un proceso industrial o artesanal.,,La empresa va a fabricar componentes reciclables para reducir su huella ambiental.,The company is going to manufacture recyclable components to reduce its environmental footprint.,
façade,B2,feminine,fachada,,,Parte exterior de un edificio que da a la calle.,,La fachada del edificio fue restaurada respetando su estilo original.,The building’s façade was restored respecting its original style.,
facilitate,B2,verb,facilitar,,,Hacer más fácil la realización de algo.,,Facilitar el acceso a la información digital es esencial en nuestra era.,Facilitating access to digital information is essential in our time.,
easily,B2,adverb,fácilmente,,,De manera sencilla o sin dificultad.,,Los datos se transfirieron fácilmente gracias a la nueva red.,The data was transferred easily thanks to the new network.,
faculty,B2,feminine,facultad,,,"Capacidad o aptitud para hacer algo; también, centro universitario.",,Imparto clases en la facultad de Filosofía de la universidad.,I teach at the university’s Faculty of Philosophy.,
verdict,B2,masculine,fallo,,,Decisión emitida por un juez o tribunal.,,El fallo del jurado fue polémico y motivó varias apelaciones.,The jury’s verdict was controversial and led to several appeals.,
"mistake, bug",B2,masculine,fallo,,,Error cometido en algo.,,Detectaron un fallo en el sistema que provocaba reinicios inesperados.,They detected a bug in the system that caused unexpected restarts.,
"fantasy, imagination",B2,feminine,fantasía,,,"Representación imaginaria, producto de la mente.",,Su fantasía desbordante inspiró el argumento de la novela.,His overflowing imagination inspired the plot of the novel.,
pharmacist,B2,masculine,farmacéutico,,,Persona que prepara y dispensa medicamentos en la farmacia.,,El farmacéutico explicó cómo tomar el medicamento.,The pharmacist explained how to take the medicine.,
fascination,B2,feminine,fascinación,,,Gran atracción o interés hacia algo.,,La fascinación por lo desconocido le llevó a explorar culturas lejanas.,His fascination with the unknown led him to explore distant cultures.,
fascinating,B2,adjective,fascinante,,,Que causa un gran interés o atracción.,,La historia que relató fue realmente fascinante.,The story he told was truly fascinating.,
fascinate,B2,verb,fascinar,,,Causar gran atracción o admiración.,,Los mitos que explican el origen del mundo fascinan a los antropólogos.,Myths explaining the origin of the world fascinate anthropologists.,
phase,B2,feminine,fase,,,Etapa en un proceso.,,Estamos en la última fase del proyecto.,We are in the last phase of the project.,
fatigue,B2,feminine,fatiga,,,Cansancio físico o mental muy intenso.,,Siento una gran fatiga después del ejercicio.,I feel great fatigue after the exercise.,
favorable,B2,adjective,favorable,,,Que resulta positivo o beneficioso.,,El clima es favorable para hacer senderismo.,The weather is favorable for hiking.,
favor,B2,verb,favorecer,,,Ayudar o beneficiar a alguien o algo.,,Ese clima favorece el cultivo de la vid.,That climate favors the cultivation of vines.,
federation,B2,feminine,federación,,,Unión de varias asociaciones o entidades bajo una organización común.,,La federación de clubes deportivos organizó el campeonato nacional.,The sports club federation organized the national championship.,
federal,B2,adjective,federal,,,Relacionado con un sistema de gobierno federal.,,El gobierno federal aprobó reformas importantes en educación.,The federal government approved important reforms in education.,
phenomenal,B2,adjective,fenomenal,,,Muy bueno o excelente.,,Su actuación en la ópera fue simplemente fenomenal.,His performance in the opera was simply phenomenal.,
phenomenon,B2,masculine,fenómeno,,,Hecho o acontecimiento extraordinario.,,El fenómeno de El Niño influye en el clima global.,The El Niño phenomenon influences the global climate.,
reliable,B2,adjective,fiable,,,Que merece confianza o credibilidad.,,Es una fuente muy fiable para consultar datos científicos.,He is a very reliable source for consulting scientific data.,
fiber,B2,feminine,fibra,,,Sustancia fina que forma parte de ciertos tejidos o materiales.,,La fruta es una buena fuente de fibra.,Fruit is a good source of fiber.,
"loyal, faithful",B2,adjective,fiel,,,Que cumple con sus compromisos o lealtad.,,"Es fiel a sus principios, aunque eso implique sacrificios.","He is faithful to his principles, even if that implies sacrifices.",
fixed,B2,adjective,fijado,,,Que ha sido fijado o establecido con firmeza.,,El plazo de entrega ya estaba fijado por la empresa.,The delivery deadline was already fixed by the company.,
"fix, fasten",B2,verb,fijar,,,Determinar o establecer algo de manera firme.,,Necesito fijar este cuadro a la pared con clavos.,I need to fix this picture to the wall with nails.,
film,B2,verb,filmar,,,Grabar en película o vídeo.,,Decidió filmar un documental sobre la vida rural.,He decided to film a documentary about rural life.,
film,B2,masculine,"filme, film",,,Película cinematográfica.,,Vimos un filme francés muy interesante.,We watched a very interesting French film.,
philosopher,B2,masculine,filósofo,,,Persona dedicada al estudio de la filosofía.,,El filósofo planteó preguntas profundas sobre la vida.,The philosopher posed deep questions about life.,
purpose,B2,feminine,finalidad,,,Propósito u objetivo que se persigue.,,La finalidad del programa es reducir el consumo energético.,The purpose of the program is to reduce energy consumption.,
finally,B2,adverb,finalmente,,,"Finalmente, al término de algo.",,"Finalmente, consiguieron los permisos para iniciar la obra.","Finally, they got the permits to start the project.",
financial,B2,adjective,financiero,,,Relacionado con las finanzas o el dinero.,,El análisis financiero muestra una mejora en los ingresos.,The financial analysis shows an improvement in income.,
finance,B2,feminine,finanza,,,Conjunto de actividades relacionadas con la gestión del dinero.,,Estudia finanza en la universidad.,She studies finance at university.,
firm,B2,adjective,firme,,,Que tiene solidez y estabilidad.,,Necesitamos una respuesta firme.,We need a firm response.,
physics,B2,feminine,física,,,Ciencia que estudia la materia y la energía.,,La física cuántica desafía nuestra comprensión de lo infinitamente pequeño.,Quantum physics challenges our understanding of the infinitely small.,
physically,B2,adverb,físicamente,,,De manera relacionada con el cuerpo físico.,,"Hizo el viaje físicamente agotador, pero lleno de satisfacciones.","The trip was physically exhausting, but full of satisfaction.",
physique,B2,masculine,físico,,,Persona especializada en física o aspecto corporal.,,Su físico atlético impresionó a los entrenadores universitarios.,His athletic physique impressed the university coaches.,
physical,B2,adjective,físico,,,Relacionado con el cuerpo o con la ciencia de la física.,,Mantiene una forma física excelente gracias al deporte diario.,He maintains excellent physical form thanks to daily sports.,
"fringe, bangs",B2,masculine,flequillo,,,Parte del cabello que cae sobre la frente.,,Mi hermano se cortó el flequillo porque le molestaba en los ojos.,My brother cut his bangs because they were bothering his eyes.,
flexibility,B2,feminine,flexibilidad,,,Capacidad de adaptarse a diferentes situaciones o condiciones.,,La flexibilidad es clave en este tipo de trabajo.,Flexibility is key in this type of work.,
flexible,B2,adjective,flexible,,,Que puede adaptarse con facilidad.,,Buscamos un horario más flexible para los empleados.,We are looking for a more flexible schedule for employees.,
flow,B2,verb,fluir,,,"Moverse de manera continua, como un líquido o corriente.",,El río puede fluir más rápido después de las lluvias.,The river can flow faster after the rains.,
flow,B2,masculine,flujo,,,"Movimiento continuo de un líquido, aire o energía.",,El flujo de información entre departamentos ha mejorado.,The flow of information between departments has improved.,
forest,B2,feminine,foresta,,,Bosque o conjunto grande de árboles.,,Caminamos por la foresta mientras escuchábamos los cantos de aves.,We walked through the forest while listening to birdsong.,
"training, formation",B2,feminine,formación,,,Proceso de adquirir conocimientos o habilidades.,,La formación es parte del trabajo.,Training is part of the job.,
formal,B2,adjective,formal,,,Que sigue normas establecidas y es serio.,,"En eventos formales, se suele vestir de traje o vestido elegante.","At formal events, people usually wear a suit or an elegant dress.",
format,B2,masculine,formato,,,"Forma en que se presenta un documento, texto o contenido.",,El documento tiene un formato diferente al habitual.,The document has a different format from the usual one.,
formulate,B2,verb,formular,,,Plantear o expresar de manera organizada.,,Vamos a formular un nuevo plan de acción.,We’re going to formulate a new action plan.,
"photography, photograph",B2,feminine,fotografía,,,Imagen obtenida mediante una cámara fotográfica.,,La fotografía de paisajes urbanos ganó varios premios.,The photograph of urban landscapes won several awards.,
fragile,B2,adjective,frágil,,,Que se rompe con facilidad.,,Las copas de vidrio parecen frágiles y requieren un manejo cuidadoso.,Glass cups look fragile and must be handled with care.,
fraud,B2,masculine,fraude,,,Engaño realizado con intención de obtener beneficio.,,El fraude fiscal es un delito grave.,Tax fraud is a serious crime.,
frequency,B2,feminine,frecuencia,,,Número de veces que se repite algo en un tiempo determinado.,,La frecuencia de los trenes mejora durante los eventos festivos.,The frequency of the trains improves during festive events.,
frequent,B2,verb,frecuentar,,,Ir con frecuencia a un lugar.,,Suele frecuentar cafés históricos del centro de la ciudad.,He often frequents historic cafés in the city center.,
frequently,B2,adverb,frecuentemente,,,De manera habitual o repetida.,,Visita la biblioteca frecuentemente para investigar sus estudios.,He visits the library frequently to do research for his studies.,
"brake, restrain",B2,verb,frenar,,,Disminuir la velocidad o detenerse.,,Es importante frenar la expansión urbana para proteger el entorno rural.,It’s important to slow urban expansion to protect the rural environment.,
as opposed to,B2,preposition,frente a,,,En oposición o en presencia de algo.,,"Prefiero trabajar desde casa frente a la oficina, frente a la rutina diaria.","I prefer working from home as opposed to the office, as opposed to the daily routine.",
refrigerator,B2,masculine,frigorífico,,SP,Aparato eléctrico para mantener fríos los alimentos.,,Guardó la comida en el frigorífico antes de salir.,She stored the food in the fridge before leaving.,
frustration,B2,feminine,frustración,,,Sentimiento de descontento por no lograr un objetivo.,,Siento una gran frustración por no lograrlo.,I feel great frustration for not achieving it.,
frustrated,B2,adjective,frustrado,,,Que siente frustración.,,Está frustrado por los resultados del examen.,He’s frustrated by the exam results.,
frustrate,B2,verb,frustrar,,,Impedir o dificultar que se logre un objetivo.,,Ese error puede frustrar todos nuestros planes.,That mistake could frustrate all our plans.,
source,B2,feminine,fuente,,,Estructura decorativa de la que brota agua.,,La fuente de inspiración para su obra fue el mar.,The source of inspiration for his work was the sea.,
leak,B2,feminine,fuga,,,"Escape o huida, especialmente de líquidos, gases o personas.",,Hubo una fuga de gas en el edificio.,There was a gas leak in the building.,
smoker,B2,masculine,fumador,,,Persona que fuma habitualmente.,,Es fumador desde hace años y ya intenta dejarlo.,He has been a smoker for years and is already trying to quit.,
fumigate,B2,verb,fumigar,,,Aplicar productos químicos para eliminar plagas.,,El centro histórico fue fumigado para evitar plagas.,The historic center was fumigated to prevent plagues.,
function,B2,feminine,función,,,Actividad o tarea que cumple algo o alguien.,,La función de la película fue postergada por motivos técnicos.,The movie screening was postponed for technical reasons.,
founder,B2,masculine,fundador,,,Persona que crea o establece algo.,,El fundador de la empresa sigue involucrado en la estrategia corporativa.,The founder of the company remains involved in corporate strategy.,
fundamental,B2,adjective,fundamental,,,Que es esencial o básico.,,La reflexión sobre los derechos humanos es fundamental en la educación.,Reflection on human rights is fundamental in education.,
foundation,B2,masculine,fundamento,,,Principio o base sobre la que se apoya algo.,,El fundamento de su teoría reside en estudios filológicos.,The foundation of his theory lies in philological studies.,
found,B2,verb,fundar,,,Crear o establecer una institución o entidad.,,Decidieron fundar una asociación para promover la lectura.,They decided to found an association to promote reading.,
profit,B2,feminine,ganancia,,,Beneficio o provecho económico obtenido.,,La empresa tuvo mucha ganancia este trimestre.,The company made a lot of profit this quarter.,
guarantee,B2,verb,garantizar,,,Dar garantía de seguridad o cumplimiento.,,La empresa debe garantizar la seguridad de sus empleados.,The company must guarantee the safety of its employees.,
gastronomy,B2,feminine,gastronomía,,,Conjunto de costumbres culinarias de un lugar.,,La gastronomía española es muy variada.,Spanish gastronomy is very varied.,
catlike,B2,adjective,gatuno,,,Relacionado con los gatos.,,"El movimiento ágil de sus manos y pasos le daba un aspecto gatuno, como un felino cauteloso.","The agile movement of her hands and steps gave her a catlike look, like a cautious feline.",
gay,B2,adjective,gay,,,Relacionado con la homosexualidad masculina.,,Tiene una pareja gay desde hace muchos años.,He’s been in a gay relationship for many years.,
generational,B2,adjective,generacional,,,Relacionado con una generación o etapa social.,,Hay una brecha generacional entre padres e hijos.,There is a generational gap between parents and children.,
general,B2,masculine,general,,,Persona que manda en el ejército.,,El general dio la orden de avanzar.,The general gave the order to advance.,
generate,B2,verb,generar,,,Producir o dar origen a algo.,,La planta generó suficiente energía para abastecer a todo el barrio durante la noche.,The plant generated enough energy to supply the entire neighborhood overnight.,
generously,B2,adverb,generosamente,,,"De manera generosa, compartiendo sin egoísmo.",,Ella dio propina generosamente al camarero.,She generously tipped the waiter.,
generosity,B2,feminine,generosidad,,,Cualidad de la persona que da o comparte con otros sin esperar nada a cambio.,,La generosidad de Marta es admirable.,Marta’s generosity is admirable.,
genius,B2,masculine,genio,,,Persona con gran talento o capacidad extraordinaria.,,Ese matemático es un genio reconocido por sus innovadoras soluciones.,That mathematician is a genius recognized for his innovative solutions.,
geometric,B2,adjective,geométrico,,,Relacionado con las formas matemáticas y sus características.,,El diseño del edificio tiene un patrón geométrico muy llamativo.,The design of the building has a very striking geometric pattern.,
management,B2,feminine,gestión,,,Acción de administrar o dirigir recursos o proyectos.,,La gestión del proyecto fue muy eficiente.,The project management was very efficient.,
manage,B2,verb,gestionar,,,Dirigir y administrar recursos o actividades.,,Voy a gestionar los permisos.,I’m going to manage the permits.,
global,B2,adjective,global,,,Que afecta al mundo entero.,,El consenso global sobre el cambio climático exige acciones inmediatas.,Global consensus on climate change demands immediate action.,
globalization,B2,feminine,globalización,,,Proceso por el cual los países se interrelacionan a nivel mundial.,,La globalización ha cambiado la forma en que consumimos y producimos.,Globalization has changed how we consume and produce.,
govern,B2,verb,gobernar,,,Dirigir o ejercer autoridad sobre un pueblo o territorio.,,Los ciudadanos eligen a su alcalde para que gobierne durante cuatro años.,Citizens elect their mayor to govern for four years.,
thanks to,B2,preposition,gracias a,,,Indica la causa o motivo de algo positivo.,,"Gracias a su esfuerzo, consiguió terminar el proyecto.","Thanks to his effort, he managed to finish the project.",
grammatical,B2,adjective,gramatical,,,Relacionado con la gramática.,,"Su corrección fue más gramatical que estilística, centrándose en la estructura de las oraciones.","His correction was more grammatical than stylistic, focusing on sentence structure.",
gratitude,B2,feminine,gratitud,,,Sentimiento de agradecimiento.,,Expresó su gratitud con una carta muy emotiva.,He expressed his gratitude with a very moving letter.,
free,B2,adjective,gratuito,,,Que se ofrece sin necesidad de pagar.,,El curso es gratuito para todos los participantes.,The course is free for all participants.,
serious,B2,adjective,grave,,,"Que tiene gravedad o importancia; también, que inspira respeto o seriedad.",,Es un problema grave.,It’s a serious problem.,
"severely, seriously",B2,adverb,gravemente,,,De forma grave o seria.,,El conductor resultó gravemente herido.,The driver was seriously injured.,
thickness,B2,masculine,grosor,,,Medida del espesor de algo.,,La encuesta analizó el grosor del hielo en distintos puntos del lago.,The survey analyzed the thickness of the ice at various points of the lake.,
bulk,B2,masculine,grueso,,,Parte más gruesa de un objeto.,,Compramos el grueso del pedido directamente al fabricante para ahorrar costes.,We bought the bulk of the order directly from the manufacturer to save costs.,
"thick, fat",B2,adjective,grueso,,,Que tiene mucha densidad o espesor.,,La capa de pintura era tan gruesa que la puerta apenas cerraba.,The coat of paint was so thick that the door barely closed.,
group,B2,adjective,grupal,,,Relacionado con un grupo o colectivo.,,La actividad grupal ayudó a mejorar la comunicación.,The group activity helped improve communication.,
guardian,B2,masculine,guardián,,,Persona encargada de vigilar y proteger algo.,,El guardián del museo vigila las salas por la noche.,The museum’s guard watches over the exhibition halls at night.,
"script, screenplay",B2,masculine,"guion, guión",,,"Texto escrito que sirve de base a una película, obra de teatro, etc.",,El guion de la serie explora temas de justicia y redención.,The series’ script explores themes of justice and redemption.,
able,B2,adjective,hábil,,,Que tiene destreza o habilidad.,,Es muy hábil con las manos.,He is very skilled with his hands.,
"ability, skill",B2,feminine,habilidad,,,Capacidad de realizar algo con destreza.,,Tiene gran habilidad para los idiomas.,She has great ability with languages.,
enable,B2,verb,habilitar,,,Dar capacidad o condiciones para que algo se use.,,Debemos habilitar esta sala para la reunión.,We need to enable this room for the meeting.,
reside,B2,verb,habitar,,,Vivir o residir en un lugar.,,"Habitaban antiguas cuevas junto al río, donde se habitaban comunidades en la prehistoria.","They inhabited ancient caves by the river, where communities lived in prehistoric times.",
speaker,B2,noun,hablante,,,Persona que habla una lengua.,,Cada hablante tiene su propia manera de construir frases.,Each speaker has their own way of constructing sentences.,
find,B2,verb,hallar,,,Encontrar algo que se busca.,,No lograron hallar una solución al problema.,They were unable to find a solution to the problem.,
"tire, bore",B2,verb,hartar,,,Cansar o molestar en exceso.,,Se hartó de la falta de compromiso y renunció al proyecto.,She got fed up with the lack of commitment and quit the project.,
buckle,B2,feminine,hebilla,,,Pieza que sirve para abrochar correas o cinturones.,,La hebilla del cinturón está rota.,The belt buckle is broken.,
Hebrew,B2,masculine,hebreo,,,Lengua y cultura del pueblo hebreo.,,Aprendió hebreo con la esperanza de leer textos hebreos en su lengua original.,He learned Hebrew hoping to read Hebrew texts in their original language.,
herbal,B2,adjective,herbal,,,Relacionado con las plantas medicinales.,,Preparó una infusión herbal para aliviar la tos nocturna.,He prepared an herbal infusion to ease the nighttime cough.,
wound,B2,verb,herir,,,Causar daño físico o moral a alguien.,,"Ten cuidado con esas palabras, porque podrían herir a quien no comparte tu opinión.","Be careful with those words, because they could hurt someone who doesn’t share your opinion.",
hero,B2,masculine,héroe,,,Persona admirada por su valor y hazañas.,,Fue considerado un héroe tras rescatar a varios vecinos del incendio.,He was considered a hero after rescuing several neighbors from the fire.,
heroic,B2,adjective,heroico,,,Relacionado con actos de gran valor o valentía.,,Su comportamiento heroico evitó una tragedia en el túnel colapsado.,His heroic behavior prevented a tragedy in the collapsed tunnel.,
liver,B2,masculine,hígado,,,Órgano del cuerpo que produce bilis y cumple funciones digestivas y metabólicas.,,El hígado es un órgano vital.,The liver is a vital organ.,
hygiene,B2,feminine,higiene,,,Conjunto de prácticas destinadas a conservar la salud y la limpieza.,,Una buena higiene personal previene muchas infecciones.,Good personal hygiene prevents many infections.,
"hymn, anthem",B2,masculine,himno,,,Canto o composición solemne que representa a un país o grupo.,,El himno sonó antes del partido.,The anthem played before the match.,
Hispanic America,B2,feminine,Hispanoamérica,,,Conjunto de países americanos de habla española y portuguesa.,,Hispanoamérica comparte raíces culturales y lingüísticas con España.,Hispanic America shares cultural and linguistic roots with Spain.,
historian,B2,masculine,historiador,,,Persona que estudia y escribe sobre la historia.,,El historiador presentó nuevos documentos que revisan la narrativa clásica.,The historian presented new documents that revise the classical narrative.,
"historic, historical",B2,adjective,histórico,,,Relacionado con la historia o los hechos pasados.,,La muralla histórica se conserva intacta desde la Edad Media.,The historic wall has remained intact since the Middle Ages.,
homosexual,B2,adjective,homosexual,,,Relacionado con la atracción sexual hacia personas del mismo sexo.,,Es una persona abiertamente homosexual que defiende la diversidad con orgullo.,He is an openly homosexual person who proudly defends diversity.,
fungus,B2,masculine,hongo,,,Ser vivo que pertenece al reino de los hongos.,,El hongo creció en la humedad del bosque.,The fungus grew in the damp forest.,
horizontal,B2,adjective,horizontal,,,Que está en paralelo con el horizonte.,,La línea horizontal marca el inicio del gráfico de resultados.,The horizontal line marks the start of the results chart.,
horizon,B2,masculine,horizonte,,,Línea en la que parecen juntarse la tierra y el cielo.,,El sol se esconde en el horizonte.,The sun sets on the horizon.,
concrete,B2,masculine,hormigón,,,"Mezcla de cemento, agua y áridos que se endurece y sirve como material de construcción.",,Los pilares de hormigón soportan el peso del puente.,The concrete pillars bear the weight of the bridge.,
horribly,B2,adverb,horriblemente,,,De manera terrible o con horror.,,"La película retrata un asesinato cometido horriblemente, con gran realismo.","The movie portrays a murder committed horribly, with great realism.",
horror,B2,masculine,horror,,,Sentimiento de miedo extremo o repulsión.,,La novela de horror gótico mantuvo al público en vilo toda la noche.,The gothic horror novel kept the audience on edge all night.,
lodging,B2,masculine,hospedaje,,,Lugar donde una persona se aloja temporalmente.,,El hospedaje fue cómodo y barato.,The lodging was comfortable and cheap.,
host,B2,verb,hospedar,,,Dar alojamiento temporal a alguien.,,El hotel puede hospedar a más de doscientos turistas.,The hotel can host more than two hundred tourists.,
hospitality,B2,feminine,hospitalidad,,,Trato amable hacia los visitantes.,,La hospitalidad del pueblo andaluz quedó patente en su bienvenida familiar.,The hospitality of the Andalusian town was evident in their warm welcome.,
footprint,B2,feminine,huella,,,Marca o señal dejada por algo o alguien.,,Encontraron una huella en la escena del crimen.,They found a footprint at the crime scene.,
humanity,B2,feminine,humanidad,,,Conjunto de seres humanos.,,La humanidad necesita reflexionar sobre el impacto de la tecnología.,Humanity needs to reflect on the impact of technology.,
"humid, moist",B2,adjective,húmedo,,,Que contiene humedad.,,El clima húmedo favorece la proliferación de musgo en las piedras.,The humid climate favors moss growth on the stones.,
humble,B2,adjective,humilde,,,Que muestra sencillez y falta de orgullo.,,"A pesar de su éxito, sigue siendo una persona humilde y accesible.","Despite his success, he remains a humble and approachable person.",
humiliation,B2,feminine,humillación,,,Sentimiento de vergüenza o degradación producido por una ofensa o derrota.,,Sufrió una gran humillación delante de todos.,He suffered a great humiliation in front of everyone.,
"mood, humor",B2,masculine,humor,,,Estado de ánimo que determina cómo se siente una persona.,,Su humor cambió por completo la dinámica del equipo.,His humor completely changed the team’s dynamic.,
hurricane,B2,masculine,huracán,,,Fenómeno natural de viento muy fuerte y destructivo.,,El huracán rompió todas las barreras costeras previstas por los ingenieros.,The hurricane broke through all coastal barriers planned by engineers.,
ideally,B2,adverb,idealmente,,,De manera ideal o perfecta.,,"Idealmente, terminaríamos la rehabilitación antes del invierno.","Ideally, we would finish the renovation before winter.",
identical,B2,adjective,idéntico,,,Exactamente igual a otro.,,Los gemelos eran casi idénticos.,The twins were almost identical.,
idiomatic,B2,adjective,idiomático,,,Relacionado con una lengua o idioma.,,El uso de expresiones idiomáticas en clase mejoró su fluidez espontánea.,The use of idiomatic expressions in class improved his spontaneous fluency.,
equality,B2,feminine,igualdad,,,Situación en la que todas las personas tienen los mismos derechos.,,La igualdad de género es fundamental para el desarrollo sostenible.,Gender equality is fundamental for sustainable development.,
illumination,B2,feminine,iluminación,,,Acción de dar luz a un lugar.,,La iluminación del escenario mejoró mucho tras la reforma.,The stage lighting improved greatly after the renovation.,
illuminate,B2,verb,iluminar,,,Dar luz o hacer brillar algo.,,Decidieron iluminar el monumento durante las celebraciones nocturnas.,They decided to illuminate the monument during the night celebrations.,
illusion,B2,feminine,ilusión,,,Esperanza o deseo que puede no cumplirse.,,La decoración creó una ilusión de amplitud en la sala pequeña.,The decoration created an illusion of spaciousness in the small room.,
illustration,B2,feminine,ilustración,,,"Imagen que acompaña o explica un texto, idea o concepto.",,La ilustración del libro ayuda a entender mejor la historia.,The illustration in the book helps to better understand the story.,
illustrate,B2,verb,ilustrar,,,"Representar mediante imágenes, ejemplos o explicaciones gráficas.",,El profesor usó un gráfico para ilustrar el problema.,The teacher used a graph to illustrate the problem.,
imaginary,B2,adjective,imaginario,,,Que solo existe en la fantasía.,,El personaje principal tenía un amigo imaginario con quien hablaba constantemente.,The protagonist had an imaginary friend with whom he constantly spoke.,
imitate,B2,verb,imitar,,,Reproducir lo que hace otra persona.,,Le gusta imitar las extravagancias de los presentadores de televisión.,He likes to imitate the extravagances of TV presenters.,
shocking,B2,adjective,impactante,,,Que causa un fuerte efecto o impresión.,,Las imágenes del accidente fueron impactantes.,The images of the accident were shocking.,
impact,B2,verb,impactar,,,Chocar contra algo o causar un fuerte efecto o impresión.,,La subida de tipos puede impactar en el mercado inmobiliario.,The rise in interest rates can impact the real estate market.,
impact,B2,masculine,impacto,,,Efecto fuerte que produce algo sobre alguien o algo.,,El impacto del cambio climático ya es visible en muchas regiones.,The impact of climate change is already visible in many regions.,
impartial,B2,adjective,imparcial,,,Que actúa con justicia sin favorecer a nadie.,,El juez tomó una decisión imparcial basada en la ley.,The judge made an impartial decision based on the law.,
prevent,B2,verb,impedir,,,Impedir que algo ocurra o que alguien haga lo que quiere.,,Las nuevas leyes intentan impedir la corrupción.,The new laws try to prevent corruption.,
implicit,B2,adjective,implícito,,,Que está incluido de manera no explícita.,,El mensaje tenía un tono implícito de advertencia.,The message had an implicit tone of warning.,
impose,B2,verb,imponer,,,Obligar a alguien a hacer algo o a aceptar una norma.,,El gobierno decidió imponer nuevas reglas de seguridad.,The government decided to impose new safety rules.,
essential,B2,adjective,imprescindible,,,Que es absolutamente necesario y no se puede prescindir de ello.,,Es imprescindible llevar el pasaporte para viajar.,It is essential to carry your passport when travelling.,
impress,B2,verb,impresionar,,,Causar admiración o asombro en alguien.,,Su forma de hablar logró impresionar al público.,His way of speaking managed to impress the audience.,
unforeseen event,B2,masculine,imprevisto,,,Algo que ocurre sin estar previsto.,,El imprevisto nos obligó a cancelar el evento.,The unexpected event forced us to cancel the event.,
unforeseen,B2,adjective,imprevisto,,,Que sucede de manera inesperada.,,Fue un cambio imprevisto que alteró todos los planes.,It was an unforeseen change that disrupted all the plans.,
"promote, push for",B2,verb,impulsar,,,"Fomentar, promover o dar impulso a una acción, idea o proyecto.",,El gobierno quiere impulsar nuevas reformas.,The government wants to promote new reforms.,
inappropriate,B2,adjective,inapropiado,,,Que no es adecuado.,,Su actitud fue totalmente inapropiada.,His behavior was totally inappropriate.,
uncontrolled fire,B2,masculine,incendio,,,Fuego de gran tamaño y destructivo.,,El incendio en el almacén se propagó con rapidez por la madrugada.,The fire in the warehouse spread quickly at dawn.,
incentivize,B2,verb,incentivar,,,Dar motivación para hacer algo.,,El gobierno quiere incentivar el uso de energías limpias.,The government wants to incentivize the use of clean energy.,
incentive,B2,masculine,incentivo,,,Motivo que anima a realizar una acción.,,Ofrecieron un incentivo económico por participar.,They offered a financial incentive for participating.,
uncertainty,B2,feminine,incertidumbre,,,Situación de duda o falta de seguridad.,,Existe mucha incertidumbre sobre el futuro económico.,There is a lot of uncertainty about the economic future.,
uncertain,B2,adjective,incierto,,,Que no es seguro ni cierto.,,El resultado del experimento es aún incierto.,The result of the experiment is still uncertain.,
even,B2,adverb,incluso,,,"Incluso, hasta, también.",,Incluso los estudiantes más brillantes pueden sentirse inseguros en un examen.,Even the brightest students can feel insecure during an exam.,
discomfort,B2,feminine,incomodidad,,,Sensación de malestar o falta de comodidad.,,La incomodidad del asiento hizo que el viaje fuera muy largo.,The discomfort of the seat made the trip very long.,
uncomfortable,B2,adjective,incómodo,,,Que produce incomodidad.,,Dormir en una cama demasiado antigua resulta muy incómodo.,Sleeping in a very old bed is very uncomfortable.,
unconscious,B2,adjective,inconsciente,,,Que no tiene control o conocimiento de sus actos.,,Estaba inconsciente tras la caída.,He was unconscious after the fall.,
inconvenient,B2,adjective,inconveniente,,,Que resulta poco adecuado o problemático.,,Llegar tan tarde fue bastante inconveniente.,Arriving so late was quite inconvenient.,
incorporate,B2,verb,incorporar,,,Añadir o integrar algo a un conjunto; también enderezarse o levantarse parcialmente.,,El plan prevé incorporar a nuevos socios tras una evaluación transparente.,The plan calls for bringing in new partners after a transparent evaluation.,
incredibly,B2,adverb,increíblemente,,,"De manera sorprendente o extraordinaria, difícil de creer.",,El paisaje era increíblemente bonito al atardecer.,The landscape was incredibly beautiful at sunset.,
increment,B2,verb,incrementar,,,Aumentar en cantidad o tamaño.,,Queremos incrementar la eficiencia en el trabajo.,We want to increase efficiency at work.,
increment,B2,masculine,incremento,,,Aumento o crecimiento de algo.,,El incremento de precios afectó a todos los consumidores.,The price increase affected all consumers.,
independent,B2,adverb,independiente,,,"De forma autónoma, sin depender de otros.",,Busca ser económicamente independiente antes de los treinta.,She seeks to be economically independent before turning thirty.,
indication,B2,feminine,indicación,,,Señal o aviso de algo.,,Esa tos es una clara indicación de resfriado.,That cough is a clear indication of a cold.,
index,B2,masculine,índice,,,Lista ordenada de datos o números.,,El índice de población creció significativamente en los últimos diez años.,The population index grew significantly over the last ten years.,
individual,B2,masculine,individuo,,,Persona considerada como ser único.,,Cada individuo tiene derecho a expresarse libremente.,Each individual has the right to express themselves freely.,
industrial,B2,adjective,industrial,,,Relacionado con la industria.,,La revolución industrial cambió la historia.,The Industrial Revolution changed history.,
unexpectedly,B2,adverb,inesperadamente,,,De forma inesperada.,,"Inesperadamente, todos los trenes se retrasaron por una protesta en la vía.","Unexpectedly, all trains were delayed due to a protest on the tracks.",
unexpected,B2,adjective,inesperado,,,Que ocurre sin aviso o previsión.,,Fue un cambio totalmente inesperado en su rutina diaria.,It was a completely unexpected change in his daily routine.,
inevitable,B2,adjective,inevitable,,,Que no se puede evitar.,,Es inevitable que surjan desafíos en proyectos a largo plazo.,It’s inevitable that challenges will arise in long-term projects.,
childhood,B2,feminine,infancia,,,Etapa de la vida desde el nacimiento hasta la pubertad.,,Recuerda muchos momentos felices de su infancia.,He remembers many happy moments from his childhood.,
heart attack,B2,masculine,infarto,,,Problema cardíaco grave por falta de riego sanguíneo.,,El infarto es una de las principales causas de muerte en el mundo.,A heart attack is one of the leading causes of death in the world.,
lower,B2,adjective,inferior,,,Que está situado más abajo o en una posición de menor rango.,,La planta crece mejor en zonas de altitud inferior.,The plant grows better in areas of lower altitude.,
influenza,B2,feminine,influenza,,,Enfermedad infecciosa vírica.,,La influenza se propagó rápidamente entre los trabajadores de la fábrica.,The influenza spread quickly among the factory workers.,
influence,B2,verb,influir,,,Tener influencia o efecto sobre alguien o algo.,,Las redes sociales pueden influir en las decisiones políticas.,Social media can influence political decisions.,
inform,B2,verb,informar,,,Dar información o comunicar.,,¿Me puedes informar sobre las plazas disponibles para el curso?,Can you inform me about the available spots for the course?,
IT,B2,adjective,informático,,,Que se refiere al tratamiento de la información por medio de ordenadores.,,Mi hermano es técnico informático y trabaja en una gran empresa.,My brother is an IT technician and works in a large company.,
infrastructure,B2,feminine,infraestructura,,,Conjunto de estructuras básicas que sostienen una sociedad.,,La ciudad necesita mejorar su infraestructura básica.,The city needs to improve its basic infrastructure.,
infusion,B2,feminine,infusión,,,Bebida preparada con hierbas o frutos en agua caliente.,,Por la tarde tomo una infusión de manzanilla.,In the afternoon I have a chamomile infusion.,
naive,B2,adjective,ingenuo,,,Que carece de malicia o experiencia.,,"Es un poco ingenuo, pero muy amable.",He’s a bit naive but very kind.,
initiative,B2,feminine,iniciativa,,,Capacidad de actuar o proponer un plan.,,Presentó una iniciativa para mejorar el sistema educativo.,He presented an initiative to improve the education system.,
immediately,B2,adverb,inmediatamente,,,"De forma inmediata, sin espera.",,Necesitamos una decisión inmediatamente para no perder la oportunidad.,We need a decision immediately so we don’t miss the opportunity.,
immediate,B2,adjective,inmediato,,,Que ocurre al instante.,,Necesitamos una respuesta inmediata para seguir adelante.,We need an immediate response to move forward.,
immense,B2,adjective,inmenso,,,Muy grande o que no tiene límites visibles.,,Desde la cima de la montaña se veía un paisaje inmenso.,From the top of the mountain you could see an immense landscape.,
unnecessarily,B2,adverb,innecesariamente,,,"De manera innecesaria, sin motivo válido.",,Me sentí maltratado innecesariamente durante la discusión.,I felt unnecessarily mistreated during the discussion.,
unnecessary,B2,adjective,innecesario,,,Que no es necesario o resulta superfluo.,,Ese gasto fue totalmente innecesario.,That expense was completely unnecessary.,
odorless,B2,adjective,inodoro,,,Que no desprende olor.,,Instalamos un deshumidificador inodoro en el baño nuevo.,We installed an odorless dehumidifier in the new bathroom.,
unforgettable,B2,adjective,inolvidable,,,Que no se puede olvidar.,,Fue una experiencia inolvidable para todos.,It was an unforgettable experience for everyone.,
"worrying, disturbing",B2,adjective,inquietante,,,Que produce inquietud o preocupación.,,La situación política es cada vez más inquietante.,The political situation is increasingly worrying.,
"worry, upset",B2,verb,inquietar,,,Causar intranquilidad.,,Esa noticia me ha inquietado bastante.,That news really upset me.,
restlessness,B2,feminine,inquietud,,,Estado de preocupación o intranquilidad.,,Sentía una inquietud constante antes del examen.,She felt constant restlessness before the exam.,
dissatisfied,B2,adjective,insatisfecho,,,Que no está contento con algo.,,El cliente está insatisfecho con la calidad del servicio.,The customer is dissatisfied with the quality of the service.,
"insipid, flavorless",B2,adjective,insípido,,,Que no tiene sabor.,,El caldo estaba insípido y necesitaba más sal.,The broth was insipid and needed more salt.,
inspection,B2,feminine,inspección,,,Examen o revisión detallada de algo.,,La inspección reveló varias irregularidades en el local.,The inspection revealed several irregularities at the premises.,
inspect,B2,verb,inspeccionar,,,Revisar o examinar algo con detalle.,,Van a inspeccionar el edificio por razones de seguridad.,They are going to inspect the building for safety reasons.,
instantaneous,B2,adjective,instantáneo,,,Que ocurre de manera inmediata y sin demora.,,El cambio de luces fue tan instantáneo que casi no lo notamos.,The change of lights was so instantaneous that we almost didn’t notice it.,
instinctive,B2,adjective,instintivo,,,"Que surge de manera natural, sin razonamiento.",,Su reacción fue completamente instintiva.,Her reaction was completely instinctive.,
instinct,B2,masculine,instinto,,,Tendencia natural a actuar de una forma determinada.,,El instinto de supervivencia es muy fuerte.,The survival instinct is very strong.,
institution,B2,feminine,institución,,,Entidad pública o privada con una función social.,,La institución ha lanzado un nuevo programa educativo.,The institution has launched a new educational program.,
institutional,B2,adjective,institucional,,,Relacionado con una institución.,,El enfoque institucional prioriza la inclusión social.,The institutional approach prioritizes social inclusion.,
insult,B2,verb,insultar,,,Ofender a alguien con palabras.,,No deberías insultar a tus compañeros por sus opiniones.,You shouldn’t insult your classmates for their opinions.,
insult,B2,masculine,insulto,,,Expresión ofensiva hacia alguien.,,El comentario fue considerado un grave insulto en la reunión.,The comment was considered a serious insult during the meeting.,
integration,B2,feminine,integración,,,Acción de unir diferentes grupos o personas en una sociedad.,,La integración cultural puede ser un proceso largo.,Cultural integration can be a long process.,
member,B2,noun,integrante,,,"Persona que forma parte de un grupo, organización o conjunto.",,Cada integrante del grupo tiene una tarea.,Each group member has a task.,
integrate,B2,verb,integrar,,,Unir o formar parte de un todo.,,Buscan integrar a los recién llegados en la dinámica del equipo.,They aim to integrate newcomers into the team dynamic.,
intellectual,B2,adjective,intelectual,,,Relacionado con la inteligencia y la reflexión.,,Organizó una charla sobre pensamiento intelectual y crítico.,He organized a talk on intellectual and critical thinking.,
intelligence,B2,feminine,inteligencia,,,"Capacidad de pensar, razonar y aprender.",,La inteligencia emocional es crucial para liderar con éxito.,Emotional intelligence is crucial for successful leadership.,
intention,B2,feminine,intención,,,Propósito de realizar una acción.,,"Mi intención era ayudarte, no molestarte.","My intention was to help you, not bother you.",
intensity,B2,feminine,intensidad,,,Grado de fuerza o energía de algo.,,La intensidad de la lluvia sorprendió a todos.,The intensity of the rain surprised everyone.,
intensification,B2,feminine,intensificación,,,Acción de intensificar o hacer más fuerte algo.,,Hubo una intensificación del conflicto en la zona.,There was an intensification of the conflict in the area.,
intensify,B2,verb,intensificar,,,Hacer que algo se vuelva más intenso.,,Necesitamos intensificar los esfuerzos para lograr resultados.,We need to intensify our efforts to achieve results.,
intense,B2,adjective,intenso,,,Que tiene gran fuerza o energía.,,La emoción del partido fue intensa desde los primeros minutos.,The emotion of the match was intense from the first minutes.,
interest,B2,verb,interesar,,,Despertar interés o atención en alguien.,,La biodiversidad le interesa desde que fue al Amazonas.,He has been interested in biodiversity since he went to the Amazon.,
"interior, inside",B2,masculine,interior,,,"Parte de dentro de un cuerpo, lugar o país; ámbito íntimo.",,En el interior del museo la temperatura es constante.,"Inside the museum, the temperature is constant.",
international,B2,adjective,internacional,,,Relacionado con varios países del mundo.,,Organizaron un foro internacional sobre derechos humanos.,They organized an international forum on human rights.,
interpersonal,B2,adjective,interpersonal,,,Relacionado con la comunicación entre personas.,,Sus habilidades interpersonales facilitan el trabajo en equipo.,His interpersonal skills facilitate teamwork.,
interpretation,B2,feminine,interpretación,,,"Acción de explicar el sentido de algo; también, ejecución de una obra artística.",,Su interpretación del poema abrió un debate interesante.,His interpretation of the poem opened an interesting debate.,
interpret,B2,verb,interpretar,,,Explicar el sentido de algo.,,El actor sabe interpretar muy bien su papel.,The actor knows how to interpret his role very well.,
intervention,B2,feminine,intervención,,,Acción de intervenir en un asunto.,,La intervención del médico fue crucial para salvar al paciente.,The doctor’s intervention was crucial to save the patient.,
intervene,B2,verb,intervenir,,,"Tomar parte en un asunto, especialmente para participar, mediar o influir en su desarrollo.",,Quiero intervenir en la reunión.,I want to intervene in the meeting.,
intestine,B2,masculine,intestino,,,"Órgano del sistema digestivo, largo y tubular, que continúa al estómago.",,El intestino delgado ayuda en la digestión.,The small intestine helps with digestion.,
intimate,B2,adjective,íntimo,,,Que pertenece al ámbito más personal y profundo de una persona.,,Es mi amigo más íntimo.,He’s my closest friend.,
restlessness,B2,feminine,intranquilidad,,,Estado de inquietud o desasosiego.,,La falta de noticias generó intranquilidad entre los familiares.,The lack of news generated unease among the relatives.,
introverted,B2,adjective,introvertido,,,Persona reservada y poco comunicativa.,,Mi hermano es más introvertido que yo.,My brother is more introverted than I am.,
invent,B2,verb,inventar,,,Crear o idear algo nuevo.,,Quieren inventar un dispositivo que detecte enfermedades a distancia.,They want to invent a device that detects diseases from a distance.,
invention,B2,masculine,invento,,,Cosa creada como novedad.,,Su último invento podría revolucionar el sector médico.,His latest invention could revolutionize the medical field.,
greenhouse,B2,masculine,invernadero,,,Lugar cerrado donde se cultivan plantas con condiciones controladas.,,Este tipo de cultivo requiere un invernadero.,This type of crop requires a greenhouse.,
"investment, inversion",B2,feminine,inversión,,,Uso de dinero para obtener un beneficio en el futuro.,,Realizaron una inversión importante en energías limpias.,They made a significant investment in clean energy.,
"invest, invert",B2,verb,invertir,,,Destinar dinero o recursos para obtener ganancias.,,Están dispuestos a invertir en capacitación para sus empleados.,They are willing to invest in training for their employees.,
investigation,B2,feminine,investigación,,,Acción de estudiar y analizar un tema con profundidad.,,La investigación duró varios meses.,The investigation lasted several months.,
investigate,B2,verb,investigar,,,Estudiar o analizar algo de manera detallada.,,La policía va a investigar el caso.,The police are going to investigate the case.,
involved,B2,adjective,involucrado,,,Que participa o forma parte de algo.,,Estuvo muy involucrado en la organización del evento.,He was very involved in organizing the event.,
involve,B2,verb,involucrar,,,Incluir o hacer formar parte de un todo.,,Vamos a involucrar a más personas en el proyecto.,We’re going to involve more people in the project.,
involuntarily,B2,adverb,involuntariamente,,,De manera no intencionada ni consciente.,,Actuó involuntariamente.,He acted involuntarily.,
irony,B2,feminine,ironía,,,"Forma de expresión en la que se dice lo contrario de lo que realmente se piensa, con intención crítica o humorística.",,Su comentario estaba lleno de ironía.,His comment was full of irony.,
irregular,B2,adjective,irregular,,,Que no sigue una regla fija o se aparta del orden establecido.,,La carretera estaba en un estado irregular y era difícil conducir.,The road was in an irregular state and was difficult to drive on.,
irregularity,B2,feminine,irregularidad,,,Condición de lo que carece de regularidad o estabilidad.,,La irregularidad en los pagos causó problemas financieros.,The irregularity in the payments caused financial problems.,
ginger,B2,masculine,jengibre,,,Planta aromática usada como especia y en medicina natural.,,Agregó ralladura de jengibre a la receta para darle un toque especiado.,She added ginger zest to the recipe to give it a spicy touch.,
retirement,B2,feminine,jubilación,,,"Retiro laboral de una persona, normalmente al alcanzar cierta edad.",,La jubilación le permitió dedicar más tiempo a su familia.,Retirement allowed him to devote more time to his family.,
Jewish,B2,adjective,judío,,,"Relacionado con la religión, cultura o pueblo judío.",,La comunidad judía celebró el festival con gran solemnidad.,The Jewish community celebrated the festival with great solemnity.,
judge,B2,masculine,juez,,,Persona que tiene la autoridad de juzgar en un tribunal.,,El juez dictó sentencia después del juicio.,The judge gave the sentence after the trial.,
juicy,B2,adjective,jugoso,,,"Que tiene mucho jugo; figurado, muy provechoso.",,El melocotón estaba tan jugoso que el zumo me corría por las manos.,The peach was so juicy that the juice was running down my hands.,
"trial, judgement",B2,masculine,juicio,,,Proceso judicial en el que se analiza un caso.,,El juicio duró más de tres semanas.,The trial lasted more than three weeks.,
jury,B2,masculine,jurado,,,Grupo de personas que decide un veredicto en un juicio.,,El jurado tardó horas en tomar una decisión.,The jury took hours to make a decision.,
justice,B2,feminine,justicia,,,Principio moral que busca la equidad y el cumplimiento de la ley.,,La justicia debe ser igual para todos.,Justice should be equal for everyone.,
justification,B2,feminine,justificación,,,Razón o explicación que respalda una acción o decisión.,,La justificación que dio no convenció a nadie.,The justification he gave didn’t convince anyone.,
justify,B2,verb,justificar,,,Dar razones para defender una acción o idea.,,El abogado intentó justificar las acciones de su cliente.,The lawyer tried to justify his client’s actions.,
"youthful, youth",B2,adjective,juvenil,,,Relacionado con los jóvenes.,,El festival tiene un ambiente muy juvenil.,The festival has a very youthful atmosphere.,
judge,B2,verb,juzgar,,,Formar una opinión o dictar sentencia sobre alguien o algo.,,No deberías juzgar a alguien sin conocer toda la historia.,You shouldn’t judge someone without knowing the whole story.,
karma,B2,feminine,karma,,,Concepto espiritual de causa y efecto en algunas religiones orientales.,,Algunos creen en el karma como ley universal.,Some believe in karma as a universal law.,
"labyrinth, maze",B2,masculine,laberinto,,,Construcción o espacio formado por pasillos y encrucijadas que dificultan la salida.,,Los turistas se perdieron en el laberinto del jardín.,The tourists got lost in the garden’s labyrinth.,
working,B2,adjective,laborable,,,"Día en el que se trabaja, a diferencia de festivo.",,Es un día laborable normal.,It’s a normal working day.,
"lamentable, regrettable",B2,adjective,lamentable,,,Que causa pena o es digno de compasión.,,Es lamentable que no se haya tomado una decisión antes.,It’s regrettable that a decision wasn’t made earlier.,
unfortunately,B2,adverb,lamentablemente,,,De manera triste o desafortunada.,,"Lamentablemente, no podremos asistir a la reunión.","Unfortunately, we won’t be able to attend the meeting.",
"lament, regret",B2,verb,lamentar,,,"Sentir pena, dolor o arrepentimiento por algo.",,No quería lamentar no haberlo intentado.,I didn’t want to regret not having tried.,
lament,B2,masculine,lamento,,,Expresión de tristeza o pena.,,Se escuchó un lamento en medio del silencio.,A lament was heard in the middle of the silence.,
launch,B2,masculine,lanzamiento,,,Acto de presentar públicamente un producto o proyecto nuevo.,,El lanzamiento del nuevo producto fue todo un éxito.,The launch of the new product was a complete success.,
whip,B2,masculine,látigo,,,Instrumento de cuero usado para azotar.,,El domador llevaba un látigo para controlar a los animales.,The trainer carried a whip to control the animals.,
beat,B2,verb,latir,,,Moverse rítmicamente el corazón al bombear sangre.,,Su corazón comenzó a latir con fuerza tras la noticia.,His heart began to beat strongly after the news.,
"ribbon, tie",B2,masculine,lazo,,,"Cuerda, cinta o unión que ata o simboliza un vínculo.",,Ató el regalo con un lazo azul.,He tied the gift with a blue ribbon.,
loyalty,B2,feminine,lealtad,,,"Fidelidad y compromiso firmes con una persona, causa o institución.",,Su lealtad a la empresa se demostró cuando rechazó una oferta mejor para terminar el proyecto.,Their loyalty to the company was shown when they turned down a better offer in order to finish the project.,
legacy,B2,masculine,legado,,,Bien material o inmaterial que se deja a otras generaciones.,,El legado cultural de Roma sigue presente en Europa.,Rome's cultural legacy is still present in Europe.,
legume,B2,feminine,legumbre,,,"Semilla comestible de leguminosa, como lentejas, garbanzos o alubias; también, la planta que la produce.",,La legumbre es una fuente económica de proteína vegetal.,Legumes are an inexpensive source of plant protein.,
"distance, remoteness",B2,feminine,lejanía,,,Distancia o alejamiento en el espacio o en el tiempo.,,La lejanía del desierto da una sensación de inmensidad absoluta.,The remoteness of the desert gives a sense of absolute vastness.,
language,B2,masculine,lenguaje,,,Sistema de signos o palabras usados para comunicarse.,,El lenguaje técnico varía significativamente entre disciplinas científicas.,Technical language varies significantly between scientific disciplines.,
slowness,B2,feminine,lentitud,,,Cualidad de ser lento.,,La lentitud en la respuesta del sistema comprometió la experiencia del usuario.,The system’s slow response compromised the user experience.,
legend,B2,feminine,leyenda,,,Narración tradicional que mezcla hechos reales con elementos fantásticos.,,La leyenda contaba el origen olvidado de la montaña sagrada.,The legend told the forgotten origin of the sacred mountain.,
liberal,B2,adjective,liberal,,,Que defiende la libertad individual y social.,,Tiene una mentalidad liberal en temas sociales.,He has a liberal mindset on social issues.,
freely,B2,adverb,libremente,,,Sin obligación o restricción.,,Puedes hablar libremente en esta reunión.,You can speak freely in this meeting.,
leader,B2,masculine,líder,,,Persona que dirige o guía a un grupo.,,Un líder auténtico inspira confianza sin imponer su autoridad.,A true leader inspires trust without imposing authority.,
leadership,B2,masculine,liderazgo,,,Capacidad o función de un líder para dirigir.,,El liderazgo del jefe fue clave para el éxito.,The boss’s leadership was key to success.,
limit,B2,masculine,límite,,,Línea que marca el final o la frontera de algo.,,El límite de velocidad en esa carretera es de cien km/h.,The speed limit on that road is 100 km/h.,
linguist,B2,masculine,lingüista,,,Persona que estudia las lenguas.,,El lingüista comparó las variaciones dialectales del español.,The linguist compared the dialectal variations of Spanish.,
linguistic,B2,adjective,lingüístico,,,Relacionado con el estudio del lenguaje.,,Ese informe contiene un análisis lingüístico muy detallado.,That report contains a very detailed linguistic analysis.,
literal,B2,adjective,literal,,,"Que se entiende en su sentido exacto, sin metáforas.",,Eso es una interpretación demasiado literal del texto.,That’s a too literal interpretation of the text.,
literary,B2,adjective,literario,,,Relacionado con la literatura.,,Me gusta mucho el estilo literario de ese autor.,I really like that author’s literary style.,
literature,B2,feminine,literatura,,,Conjunto de obras literarias.,,La literatura medieval ofrece una ventana al pasado cultural europeo.,Medieval literature offers a window into Europe’s cultural past.,
light,B2,adjective,liviano,,,Que tiene poco peso.,,Necesitamos una mochila más liviana para el viaje.,We need a lighter backpack for the trip.,
flame,B2,feminine,llama,,,Fuego pequeño o llama encendida.,,La llama del fuego se mantuvo encendida toda la noche.,The flame of the fire stayed lit all night.,
plain,B2,masculine,llano,,,Terreno plano y extenso.,,Desde el llano se ve toda la cordillera.,From the plain you can see the whole mountain range.,
"received, delivered",B2,adjective,llegado,,,Que ha llegado a un lugar o situación.,,Solo el correo llegado ayer incluía la información completa.,Only the mail received yesterday included the full information.,
"place, locality",B2,feminine,localidad,,,Población o área dentro de una región.,,Esa localidad costera se ha convertido en un destino turístico popular.,That coastal town has become a popular tourist destination.,
location,B2,feminine,localización,,,Determinación del lugar exacto donde se encuentra algo.,,La localización del hotel es excelente.,The hotel’s location is excellent.,
madness,B2,feminine,locura,,,Pérdida de la razón o comportamiento fuera de lo normal.,,La locura colectiva se manifestó en las revueltas urbanas.,The collective madness manifested in the urban riots.,
logic,B2,feminine,lógica,,,Forma de razonamiento correcto.,,"La lógica del argumento es sólida, pero hay que revisar los datos.","The logic of the argument is solid, but the data needs to be reviewed.",
logical,B2,adjective,lógico,,,Que sigue las reglas de la lógica o razón.,,Es lógico que reaccione así después de todo lo que ha pasado.,It’s logical for her to react that way after everything that has happened.,
length,B2,feminine,longitud,,,Medida de algo de un extremo a otro.,,La longitud exacta del puente supera los dos kilómetros.,The exact length of the bridge exceeds two kilometers.,
fighter,B2,masculine,luchador,,,Persona que participa en una lucha.,,El luchador se preparó durante meses para la competencia.,The fighter trained for months before the competition.,
bright,B2,adjective,luminoso,,,Que tiene mucha luz o brilla.,,El pasillo era largo y luminoso gracias a los ventanales.,The hallway was long and bright thanks to the windows.,
lunar,B2,adjective,lunar,,,Relacionado con la luna.,,Observaron un eclipse lunar durante la próxima fase de la luna.,They observed a lunar eclipse during the next moon phase.,
lunatic,B2,masculine,lunático,,,Persona con comportamiento extraño o inestable.,,Se le consideraba un lunático por su obsesión con teorías conspirativas.,He was considered a lunatic for his obsession with conspiracy theories.,
dawn,B2,feminine,madrugada,,,Parte del día que va desde la medianoche hasta el amanecer.,,Salimos de madrugada para subir al pico antes del amanecer.,We left at dawn to reach the peak before sunrise.,
get up early,B2,verb,madrugar,,,"Levantarse muy temprano, antes del amanecer.",,Me gusta madrugar para aprovechar las horas de la mañana.,I like to get up early to make the most of the morning hours.,
evil,B2,masculine,mal,,,Acción o cosa negativa o perjudicial.,,El mal inherente a la corrupción institucional es devastador.,The evil inherent in institutional corruption is devastating.,
evil eye,B2,masculine,mal de ojo,,,Creencia popular de que una mirada puede causar daño o mala suerte.,,Dicen que el mal de ojo puede traer mala suerte.,They say the evil eye can bring bad luck.,
curse,B2,feminine,maldición,,,Expresión de deseo de desgracia hacia alguien.,,La maldición ancestral persiste en la memoria de la aldea.,The ancestral curse persists in the village’s memory.,
discomfort,B2,masculine,malestar,,,Sensación de malestar físico o emocional.,,Tengo un malestar en el estómago.,I have stomach discomfort.,
"mammal, mammalian",B2,masculine,mamífero,,,Animal que se alimenta de leche materna.,,El investigador estudia el ADN de cada mamífero atrapado.,The researcher studies the DNA of each captured mammal.,
herd,B2,masculine,manada,,,Grupo de animales que viven y se desplazan juntos.,,La manada cruzó el campo al atardecer.,The herd crossed the field at sunset.,
jaw,B2,feminine,mandíbula,,,"Hueso o conjunto de huesos que forman la parte inferior de la cara, donde se insertan los dientes.",,Me duele la mandíbula al masticar.,My jaw hurts when I chew.,
handle,B2,masculine,mango,,,Parte de un objeto que sirve para sujetarlo con la mano.,,El mango de la pala se rompió al cavar en la tierra compacta.,The shovel handle broke while digging in compacted soil.,
"demonstration, exhibition",B2,feminine,manifestación,,,Reunión pública de personas para expresar una opinión o protesta.,,Hubo una gran manifestación en la calle.,There was a big demonstration in the street.,
manifest,B2,verb,manifestar,,,Expresar de manera pública un sentimiento o una opinión.,,Los ciudadanos salieron a manifestar su desacuerdo en la calle.,The citizens took to the streets to demonstrate their disagreement.,
manipulate,B2,verb,manipular,,,Controlar o influir en algo o alguien de manera poco honesta.,,No intentes manipular los datos para alterar los resultados.,Don’t try to manipulate the data to alter the results.,
"mitten, glove",B2,feminine,manopla,,,Guante corto y sin dedos que cubre la mano.,,El frío invierno exige que uses manoplas gruesas.,The cold winter requires you to wear thick mittens.,
"fat, lard",B2,feminine,manteca,,,"Grasa obtenida de la leche, usada en cocina.",,La manteca aporta suavidad a la textura del pan.,Lard adds softness to the texture of bread.,
manufacture,B2,verb,manufacturar,,,Fabricar productos de forma industrial.,,Vieron cómo iban a manufacturar las piezas en la fábrica.,They saw how the parts were going to be manufactured at the factory.,
manuscript,B2,masculine,manuscrito,,,"Texto escrito a mano, especialmente antiguo.",,El manuscrito original se conserva en una biblioteca universitaria.,The original manuscript is preserved in a university library.,
marathon,B2,masculine,maratón,,,Carrera de gran distancia que suele ser de 42 km.,,Corrí un maratón y terminé con una de las mejores marcas personales.,I ran a marathon and finished with one of my best personal times.,
"marked, pronounced",B2,adjective,marcado,,,Que está claramente señalado o diferenciado.,,Ese cambio ha tenido un efecto marcado en la productividad del equipo.,That change has had a marked effect on the team’s productivity.,
margin,B2,masculine,margen,,,Borde o límite de una superficie.,,Escribió una nota al margen del libro.,He wrote a note in the margin of the book.,
marginal,B2,adjective,marginal,,,Que está en el límite o no es principal.,,Vive en una zona marginal de la ciudad.,He lives in a marginal area of the city.,
marijuana,B2,feminine,marihuana,,,Planta utilizada con fines recreativos o medicinales.,,El consumo de marihuana medicinal está regulado por estrictas leyes.,The use of medicinal marijuana is regulated by strict laws.,
marinate,b2,verb,marinar,,,Poner un alimento en una mezcla para darle sabor.,,Dejaron marinar la carne toda la noche para intensificar el sabor.,They marinated the meat overnight to intensify the flavor.,
marine,B2,adjective,marino,,,Relacionado con el mar.,,La reserva marina protege especies nativas y ecosistemas marinos.,The marine reserve protects native species and marine ecosystems.,
masculinity,B2,feminine,masculinidad,,,Cualidad de ser varón.,,La masculinidad tradicional se ha redefinido en muchos contextos actuales.,Traditional masculinity has been redefined in many current contexts.,
material,B2,adjective,material,,,Relacionado con la materia o lo físico.,,La estructura material del edificio soportó el terremoto sin daños.,The building’s material structure withstood the earthquake without damage.,
maternal,B2,adjective,materno,,,Relacionado con la madre.,,Mostró una actitud materna hacia los más pequeños del grupo.,She showed a maternal attitude toward the youngest in the group.,
mechanism,B2,masculine,mecanismo,,,Conjunto de partes que funcionan en conjunto para un fin.,,El mecanismo de relojería se desmontó para limpieza y ajuste.,The clock mechanism was disassembled for cleaning and adjustment.,
"by means of, through, using",B2,preposition,mediante,,,Con la ayuda o intervención de; por medio de.,,Resolveremos el trámite mediante una firma digital que valida la identidad.,We will complete the procedure by means of a digital signature that verifies identity.,
medication,B2,feminine,medicación,,,Sustancia usada para tratar una enfermedad.,,La medicación controlada fue esencial en su recuperación tras la operación.,Controlled medication was essential in their recovery after surgery.,
medicinal,B2,adjective,medicinal,,,Que sirve como remedio para la salud.,,Esa medicación tiene propiedades medicinales únicas.,That medication has unique medicinal properties.,
medieval,B2,adjective,medieval,,,Relacionado con la Edad Media.,,Visitamos un castillo medieval en Francia.,We visited a medieval castle in France.,
environmental,B2,adjective,medioambiental,,,Relacionado con el medio ambiente.,,Los ecologistas reclaman medidas medioambientales más eficientes.,Environmentalists demand more efficient environmental measures.,
"timid, fearful",B2,adjective,medroso,,,Que tiene miedo con facilidad.,,La película trató a un personaje temeroso y medroso ante el cambio.,The movie portrayed a fearful and timid character in the face of change.,
jellyfish,B2,feminine,medusa,,,Animal marino de cuerpo gelatinoso y tentáculos.,,Vimos una medusa transparente flotando en la orilla.,We saw a transparent jellyfish floating at the shore.,
cheek,B2,feminine,mejilla,,,"Parte carnosa de la cara, bajo los ojos.",,Se sonrojó cuando le besó en la mejilla.,She blushed when he kissed her on the cheek.,
melody,B2,feminine,melodía,,,Conjunto de sonidos musicales agradables.,,La melodía de esa canción me resulta muy agradable.,The melody of that song sounds very pleasant to me.,
mention,B2,feminine,mención,,,Referencia o cita a algo o alguien.,,La mención que hizo en el discurso fue muy elocuente.,The mention he made in the speech was very eloquent.,
messenger,B2,masculine,mensajero,,,Persona que lleva mensajes.,,El mensajero entregó el paquete justo antes del mediodía.,The messenger delivered the package just before noon.,
monthly,B2,adjective,mensual,,,Que sucede una vez al mes.,,El boletín mensual incluye todas las novedades del departamento.,The monthly newsletter includes all the department’s updates.,
mental,B2,adjective,mental,,,Relacionado con la mente o los procesos de pensamiento.,,Tiene un problema de salud mental.,He has a mental health problem.,
mentally,B2,adverb,mentalmente,,,"De manera vinculada con la mente, la inteligencia o los procesos psíquicos.",,Es importante entrenar mentalmente antes de una competición.,It is important to train mentally before a competition.,
mind,B2,feminine,mente,,,Facultad de pensar o razonar.,,La mente humana puede recordar millones de detalles sensoriales.,The human mind can remember millions of sensory details.,
liar,B2,masculine,mentiroso,,,Persona que acostumbra a mentir.,,No confían en él porque lo consideran un mentiroso compulsivo.,They don’t trust him because they consider him a compulsive liar.,
merchandise,B2,feminine,mercancía,,,Bienes que se transportan para ser vendidos o intercambiados.,,La mercancía llegó al puerto sin daños.,The merchandise arrived at the port undamaged.,
deserve,B2,verb,merecer,,,Ser digno de algo.,,Ese esfuerzo merece un reconocimiento especial.,That effort deserves special recognition.,
merit,B2,masculine,mérito,,,Valor o reconocimiento de una acción.,,"Su trabajo tiene mucho mérito, aunque no se note a simple vista.","His work has great merit, even if it’s not obvious at first glance.",
decline,B2,feminine,merma,,,Disminución o pérdida.,,La empresa sufrió una merma en sus ingresos tras la crisis.,The company suffered a decline in income after the crisis.,
reduce,B2,verb,mermar,,,"Disminuir en cantidad, fuerza o tamaño.",,Las donaciones empezaron a mermar con la llegada del invierno.,Donations started to decrease with the arrival of winter.,
method,B2,masculine,método,,,Modo o procedimiento para hacer algo.,,El profesor explicó un método innovador para enseñar matemáticas.,The teacher explained an innovative method for teaching math.,
metropolis,B2,feminine,metrópoli,,,Ciudad principal de gran importancia.,,"La metrópoli concentra servicios, cultura y oportunidades.","The metropolis concentrates services, culture, and opportunities.",
"microbe, microorganism",B2,masculine,microbio,,,"Organismo microscópico, generalmente nocivo.",,Un microbio resistente puede sobrevivir en condiciones extremas.,A resistant microbe can survive in extreme conditions.,
soldier,B2,noun,militar,,,Persona que forma parte del ejército.,,El militar recibió una medalla por su valentía.,The soldier received a medal for his bravery.,
military,B2,adjective,militar,,,Relacionado con el ejército.,,El poder militar del país ha aumentado.,The country’s military power has increased.,
mine,B2,feminine,mina,,,Excavación en la tierra de donde se extraen minerales.,,La mina produce grandes cantidades de carbón.,The mine produces large quantities of coal.,
ministry,B2,masculine,ministerio,,,Departamento gubernamental encargado de un área.,,El ministerio anunció nuevas medidas económicas.,The ministry announced new economic measures.,
minister,B2,masculine,ministro,,,Persona que dirige un ministerio.,,El ministro habló ante la prensa.,The minister spoke to the press.,
minority,B2,feminine,minoría,,,Parte más pequeña de un grupo que no es mayoría.,,La minoría expresó su desacuerdo con respeto.,The minority expressed their disagreement respectfully.,
attend mass,B2,verb,misar,,,Celebrar misa en la Iglesia católica.,,El cura decidió misar en la capilla del colegio local.,The priest decided to attend mass at the local school chapel.,
mercy,B2,feminine,misericordia,,,Compasión ante la desgracia ajena y deseo de aliviarla.,,Pidieron misericordia al juez por tratarse de un error aislado.,They asked the judge for mercy because it was an isolated mistake.,
missile,B2,masculine,misil,,,"Proyectil autopropulsado con gran poder destructivo, normalmente de uso militar.",,El misil fue lanzado desde el submarino.,The missile was launched from the submarine.,
mission,B2,feminine,misión,,,Encargo o tarea con un fin determinado.,,Su misión consistía en estudiar especies endémicas en la montaña.,His mission was to study endemic species in the mountain.,
miso,B2,masculine,miso,,,Pasta de soja fermentada usada en cocina.,,Añadieron miso a la sopa para intensificar su sabor umami.,They added miso to the soup to enhance its umami flavor.,
mysteriously,B2,adverb,misteriosamente,,,De manera enigmática o difícil de comprender.,,El cuadro desapareció misteriosamente.,The painting mysteriously disappeared.,
"mythic, mythical",B2,adjective,mítico,,,Relacionado con mitos o leyendas; extraordinario o fabuloso.,,Ese héroe mítico aparece en muchas leyendas.,That mythical hero appears in many legends.,
myth,B2,masculine,mito,,,Relato tradicional que explica fenómenos o creencias.,,El mito del Minotauro es muy conocido.,The myth of the Minotaur is well known.,
motion,B2,feminine,moción,,,Propuesta presentada en una reunión.,,La moción para reformar la ley fue aprobada por mayoría.,The motion to reform the law was approved by a majority.,
manners,B2,masculine,modales,,,Normas de comportamiento social.,,Los buenos modales reflejan respeto y consideración por los demás.,Good manners reflect respect and consideration for others.,
moderation,B2,feminine,moderación,,,Actitud de moderar o no excederse.,,La moderación en el consumo de azúcar es aconsejable para mantener una buena salud.,Moderation in sugar consumption is advisable to maintain good health.,
moderate,B2,adjective,moderado,,,Que se mantiene en un punto intermedio.,,Adoptaron una postura moderada ante las protestas sociales.,They adopted a moderate stance in response to the social protests.,
modernize,B2,verb,modernizar,,,Hacer más moderno.,,Quieren modernizar el sistema educativo.,They want to modernize the education system.,
modification,B2,feminine,modificación,,,Cambio introducido en algo.,,Hicimos una pequeña modificación en el plan.,We made a small modification to the plan.,
modify,B2,verb,modificar,,,Cambiar una cosa para mejorarla o adaptarla.,,Vamos a modificar el contrato esta semana.,We’re going to modify the contract this week.,
spicy red sauce,B2,masculine,mojo,,,"Salsa típica canaria hecha con ajo, aceite y especias.",,El mojo es una salsa típica de las Islas Canarias.,Mojo is a typical sauce from the Canary Islands.,
mount,B2,masculine,monte,,,Gran extensión de tierra cubierta de vegetación.,,Alcanzaron la cima del monte justo al amanecer.,They reached the summit of the mountain just at dawn.,
monumental,B2,adjective,monumental,,,De gran tamaño o importancia.,,El monumento es de un valor monumental para la memoria colectiva.,The monument is of monumental value to the collective memory.,
monument,B2,masculine,monumento,,,Construcción de valor histórico o artístico.,,Esa catedral es el monumento más visitado de la ciudad.,That cathedral is the most visited monument in the city.,
morals,B2,feminine,moral,,,Conjunto de normas de conducta humana.,,Sus acciones muestran una falta de moral.,His actions show a lack of morals.,
moral,B2,feminine,moraleja,,,Enseñanza o lección que se extrae de un relato.,,La moraleja del cuento es que no hay que mentir.,The moral of the story is that you shouldn’t lie.,
"move, change",B2,verb,mudar,,,Cambiar de residencia o de lugar.,,"Tras mudarse de país, cambió por completo su estilo de vida.","After moving to another country, he completely changed his lifestyle.",
mute,B2,adjective,mudo,,,Que no puede hablar.,,El programa estaba en modo mudo durante la reunión.,The program was on mute during the meeting.,
death,B2,feminine,muerte,,,Fin de la vida.,,La muerte del líder político conmocionó a toda la nación.,The death of the political leader shocked the whole nation.,
dead,B2,adjective,muerto,,,Que ha dejado de vivir.,,El soldado yacía muerto tras el enfrentamiento.,The soldier lay dead after the clash.,
muscular,B2,adjective,muscular,,,Relacionado con los músculos.,,"Su físico era impresionante, tanto por su forma como por su masa muscular.","His physique was impressive, both in form and muscle mass.",
muscle,B2,masculine,músculo,,,Tejido del cuerpo que permite el movimiento.,,Cada músculo del atleta estaba claramente definido.,Every muscle of the athlete was clearly defined.,
"muscular, brawny",B2,adjective,musculoso,,,Que tiene músculos desarrollados.,,Construyó un gimnasio para fortalecer su cuerpo y hacerlo musculoso.,He built a gym to strengthen his body and make it muscular.,
musical,B2,masculine,musical,,,Composición o espectáculo relacionado con la música.,,El festival musical atrae a miles de personas cada verano.,The music festival attracts thousands of people every summer.,
mutual,B2,adjective,mutual,,,Compartido entre dos o más personas.,,Alcanzaron un acuerdo basado en intereses mutuos.,They reached an agreement based on mutual interests.,
mutually,B2,adverb,mutuamente,,,De manera recíproca.,,Decidieron resolver el conflicto mutuamente sin recurrir a terceros.,They decided to resolve the conflict mutually without third parties.,
mutual,B2,adjective,mutuo,,,Que pertenece a dos o más personas por igual.,,Es un beneficio mutuo para ambas partes del convenio.,It’s a mutual benefit for both parties in the agreement.,
birth,B2,masculine,nacimiento,,,Acción de nacer o surgir.,,El nacimiento del primer hijo les emocionó profundamente.,The birth of their first child moved them deeply.,
nationalist,B2,adjective,nacionalista,,,Partidario de la nación y su independencia.,,Su discurso nacionalista causó gran controversia.,His nationalist speech caused great controversy.,
narration,B2,feminine,narración,,,"Relato o exposición de hechos, reales o imaginarios, contados de manera ordenada.",,La narración del cuento fue muy emotiva.,The narration of the story was very moving.,
narrator,B2,masculine,narrador,,,Persona que cuenta una historia.,,El narrador tiene una voz muy expresiva.,The narrator has a very expressive voice.,
narrative,B2,feminine,narrativa,,,Forma en que se relata un hecho.,,La narrativa de la novela mezcla realidad y fantasía de forma magistral.,The narrative of the novel mixes reality and fantasy in a masterful way.,
nasal,B2,adjective,nasal,,,Relacionado con la nariz.,,Ese tipo de respiración nasal es típico en cantantes de ópera.,That type of nasal breathing is typical among opera singers.,
natal,B2,adjective,natal,,,Relacionado con el lugar de nacimiento.,,Nos reunimos en su localidad natal para celebrar su boda.,We gathered in her hometown to celebrate her wedding.,
native,B2,adjective,nativo,,,Que pertenece al lugar de origen.,,"Ella es hablante nativa de galés, aunque encontró desafíos en inglés.","She is a native Welsh speaker, though she found challenges with English.",
naturalness,B2,feminine,naturalidad,,,Cualidad de ser natural o espontáneo.,,Habló con mucha naturalidad sobre un tema delicado.,He spoke with great naturalness about a sensitive topic.,
naturalist,B2,masculine,naturalista,,,Persona que estudia la naturaleza.,,El naturalista documentó aves autóctonas del valle.,The naturalist documented native birds from the valley.,
naval,B2,adjective,naval,,,Relacionado con la marina o el ejército del mar.,,El museo tiene una sección de historia naval.,The museum has a section on naval history.,
navigation,B2,feminine,navegación,,,Acción de desplazarse por agua o aire.,,La navegación por el río fue tranquila.,Navigation on the river was calm.,
navigator,B2,masculine,navegador,,,Persona o dispositivo que guía la navegación.,,El navegador encontró una nueva ruta marítima.,The navigator found a new sea route.,
navigate,B2,verb,navegar,,,"Viajar por agua, aire o internet.",,Vamos a navegar por la costa este verano.,We’re going to sail along the coast this summer.,
necessarily,B2,adverb,necesariamente,,,De manera obligada o inevitable.,,La educación no siempre garantiza necesariamente una buena carrera.,Education does not always necessarily guarantee a good career.,
"deny, refuse",B2,verb,negar,,,Rechazar algo o decir que no.,,Se negó a asistir al evento pese a las insistencias.,He refused to attend the event despite repeated insistence.,
negotiation,B2,feminine,negociación,,,Proceso de acordar entre partes.,,La negociación entre empresas fue larga pero fructífera.,The negotiation between companies was long but fruitful.,
negotiate,B2,verb,negociar,,,Tratar de llegar a un acuerdo sobre algo.,,Vamos a negociar las condiciones del contrato.,We’re going to negotiate the contract terms.,
neon,B2,masculine,neón,,,Gas noble que emite luz fluorescente.,,Compraron un letrero de neón para el bar.,They bought a neon sign for the bar.,
nerve,B2,masculine,nervio,,,Fibra nerviosa del cuerpo humano.,,Sintió un nervio en la nuca al escuchar aquella discusión acalorada.,He felt a nerve in his neck during that heated discussion.,
nervousness,B2,masculine,nerviosismo,,,Estado de tensión causado por los nervios.,,El nerviosismo se notaba en su forma de hablar.,The nervousness was noticeable in his way of speaking.,
notion,B2,masculine,noción,,,Idea general sobre algo.,,No tengo una noción clara sobre ese tema.,I don’t have a clear notion about that topic.,
nocturnal,B2,adjective,nocturno,,,Relacionado con la noche.,,El búho es un animal nocturno.,The owl is a nocturnal animal.,
nuclear,B2,adjective,nuclear,,,Relacionado con la energía del núcleo atómico.,,La energía nuclear sigue siendo objeto de intensos debates.,Nuclear energy continues to be the subject of intense debate.,
"core, nucleus",B2,masculine,núcleo,,,Parte central o esencial de algo.,,El núcleo del reactor está reforzado con materiales especiales.,The reactor’s core is reinforced with special materials.,
"obligate, oblige",B2,verb,obligar,,,Imponer a alguien hacer algo contra su voluntad.,,La ley obligará a las empresas a reducir sus emisiones en cinco años.,The law will obligate companies to reduce their emissions within five years.,
observation,B2,feminine,observación,,,Acción de observar con atención.,,La observación detallada es esencial en ciencia.,Detailed observation is essential in science.,
obsession,B2,feminine,obsesión,,,Idea fija que domina los pensamientos de alguien.,,Su obsesión por la limpieza le impide relajarse.,His obsession with cleanliness prevents him from relaxing.,
obstacle,B2,masculine,obstáculo,,,Dificultad que impide avanzar.,,El mayor obstáculo fue la falta de recursos.,The biggest obstacle was the lack of resources.,
"obtain, get",B2,verb,obtener,,,Conseguir algo.,,Lograron obtener financiación para iniciar el proyecto comunitario.,They managed to obtain funding to start the community project.,
occasional,B2,adjective,ocasional,,,Que ocurre en determinadas ocasiones.,,Hace visitas ocasionales a sus antiguos profesores.,He makes occasional visits to his former teachers.,
occasionally,B2,adverb,ocasionalmente,,,De manera no frecuente.,,Ocasionalmente vamos al cine los domingos.,We occasionally go to the cinema on Sundays.,
occupational,B2,adjective,ocupacional,,,Relacionado con el trabajo o la profesión.,,La terapia ocupacional es clave en la recuperación.,Occupational therapy is key to recovery.,
offend,B2,verb,ofender,,,Herir los sentimientos de alguien.,,No quise ofender a nadie con mis comentarios durante la reunión.,I didn’t mean to offend anyone with my comments during the meeting.,
smell,B2,masculine,olfato,,,Sentido corporal que permite percibir los olores.,,Mi perro tiene buen olfato.,My dog has a good sense of smell.,
"sweet-smelling, odorous",B2,adjective,oloroso,,,Que desprende olor.,,La fragancia del jardín resultaba especialmente olorosa por la noche.,The scent of the garden was especially fragrant at night.,
optional,B2,adjective,opcional,,,Que puede elegirse libremente.,,La presentación incluyó una sección opcional sobre mejores prácticas.,The presentation included an optional section on best practices.,
operate,B2,verb,operar,,,Realizar una operación médica o técnica.,,El médico va a operar al paciente mañana.,The doctor is going to operate on the patient tomorrow.,
"think, believe",B2,verb,opinar,,,Dar una opinión.,,"Aunque muchos opinan que es una medida necesaria, otros siguen en desacuerdo.","Although many think it’s a necessary measure, others still disagree.",
"opt, choose",B2,verb,optar,,,Elegir entre varias posibilidades.,,"Puedes optar por el curso intensivo o por el tradicional, según tu disponibilidad.","You can opt for the intensive course or the traditional one, according to your availability.",
optional,B2,adjective,optativo,,,Que se puede elegir.,,"La asistencia al curso es optativa, no obligatoria.","Attendance at the course is optional, not mandatory.",
optimism,B2,masculine,optimismo,,,Actitud de confianza en el futuro.,,El optimismo ayuda a superar los retos.,Optimism helps overcome challenges.,
"arrange, order",B2,verb,ordenar,,,Disponer o colocar según un criterio; también mandar que se haga algo.,,El juez ordenó que se suspendiera el desalojo hasta revisar toda la documentación.,The judge ordered the eviction to be suspended until all the documentation had been reviewed.,
ordinary,B2,adjective,ordinario,,,"Común, habitual o sencillo.",,"En un día ordinario de trabajo, reviso más de cien correos al día.","On an ordinary workday, I check more than a hundred emails a day.",
organism,B2,masculine,organismo,,,Ser vivo considerado como un conjunto organizado.,,Cada organismo cumple una función clave en el ecosistema marino.,Each organism plays a key role in the marine ecosystem.,
organ,B2,masculine,órgano,,,Parte del cuerpo con una función específica.,,El hígado es un órgano vital que realiza múltiples tareas metabólicas.,The liver is a vital organ that performs multiple metabolic tasks.,
pride,B2,masculine,orgullo,,,Satisfacción por los propios logros.,,Siente un gran orgullo por su equipo.,He feels great pride in his team.,
orient,B2,verb,orientar,,,Guiar o dirigir en una dirección concreta.,,Hay que orientar bien al nuevo empleado.,The new employee needs proper guidance.,
origin,B2,masculine,origen,,,Punto del que algo procede.,,El origen de la tradición se remonta a más de mil años.,The origin of the tradition dates back more than a thousand years.,
original,B2,adjective,original,,,Que es nuevo o diferente.,,"Su propuesta fue muy original, aportando ideas innovadoras al debate.","His proposal was very original, bringing innovative ideas to the debate.",
"shore, edge",B2,feminine,orilla,,,"Borde de un río, lago o mar.",,Caminamos por la orilla del río al atardecer para relajarnos después del trabajo.,We walked along the river bank at sunset to relax after work.,
darken,B2,verb,oscurecer,,,Hacer que disminuya la luz.,,Las nubes empezaron a oscurecer el cielo.,The clouds began to darken the sky.,
"darkness, dark",B2,feminine,oscuridad,,,Falta de luz.,,La oscuridad de la cueva aumentaba el misterio de la visita.,The darkness of the cave increased the mystery of the visit.,
NATO,B2,feminine,OTAN,,,Organización del Tratado del Atlántico Norte.,,La OTAN tomó una decisión conjunta sobre la seguridad internacional.,NATO made a joint decision on international security.,
listener,B2,noun,oyente,,,Persona que escucha con atención.,,El oyente prestó atención a cada palabra.,The listener paid attention to every word.,
Pacific,B2,masculine,Pacífico,,,Océano situado al oeste de América.,,El Pacífico es el océano más extenso del planeta.,The Pacific is the largest ocean on the planet.,
peaceful,B2,adjective,pacífico,,,Que ama la paz o es tranquilo y no recurre a la violencia.,,El vecindario organizó una marcha pacífica para reclamar mejoras en el transporte.,The neighborhood organized a peaceful march to demand improvements in transportation.,
panic,B2,masculine,pánico,,,Miedo intenso y repentino.,,Se generó un pequeño pánico cuando la alarma antiincendios sonó sin motivo aparente.,A small panic arose when the fire alarm sounded for no apparent reason.,
pope,B2,masculine,papa,,,Jefe de la Iglesia católica en Roma.,,El papa visitará la ciudad el próximo mes para participar en la ceremonia.,The Pope will visit the city next month to take part in the ceremony.,
recycle bin,B2,feminine,papelera de reciclaje,,,Recipiente para desechar materiales reciclables.,,La papelera de reciclaje está al final del pasillo.,The recycle bin is at the end of the hall.,
parallel,B2,adjective,paralelo,,,Que está situado al lado de otro siguiendo la misma dirección.,,Dibujó dos líneas en paralelo.,He drew two parallel lines.,
paralysis,B2,feminine,parálisis,,,Pérdida de movimiento en una parte del cuerpo.,,La parálisis le afectó una parte del cuerpo.,The paralysis affected one part of his body.,
paralyze,B2,verb,paralizar,,,Impedir que algo funcione o se mueva.,,El miedo puede paralizar a una persona.,Fear can paralyze a person.,
partial,B2,adjective,parcial,,,Que muestra solo una parte de la realidad.,,La opinión del testigo solo refleja una visión parcial de los hechos.,The witness’s opinion only reflects a partial view of the facts.,
partially,B2,adverb,parcialmente,,,De manera incompleta.,,"El equipo está parcialmente de acuerdo, pero aún quedan puntos por discutir.","The team is partially in agreement, but there are still points to discuss.",
resemblance,B2,masculine,parecido,,,Que se parece a otra cosa.,,"El parecido entre los gemelos es asombroso, incluso sus expresiones faciales coinciden.","The resemblance between the twins is astonishing, even their facial expressions match.",
give birth,B2,verb,parir,,,Dar a luz un animal o una persona.,,La gata va a parir esta noche.,The cat is going to give birth tonight.,
parliamentary,B2,adjective,parlamentario,,,Relacionado con un parlamento o sus funciones.,,La reforma parlamentaria fue aprobada por mayoría.,The parliamentary reform was approved by majority.,
parliament,B2,masculine,parlamento,,,Asamblea legislativa de un Estado.,,El parlamento debatió la nueva ley.,The parliament debated the new law.,
participant,B2,masculine,participante,,,Persona que toma parte en una actividad.,,Cada participante recibió un certificado al finalizar el curso intensivo.,Each participant received a certificate at the end of the intensive course.,
particle,B2,feminine,partícula,,,Pequeña parte de materia.,,Se detectaron partículas microscópicas de polvo en el laboratorio.,Microscopic dust particles were detected in the laboratory.,
particular,B2,adjective,particular,,,Especial o propio de una persona o cosa.,,Cada caso particular requiere una solución a medida.,Each particular case requires a tailor-made solution.,
"departure, game",B2,feminine,partida,,,Salida o inicio de un viaje.,,La partida del tren se ha retrasado por incidencia técnica.,The train’s departure has been delayed due to a technical issue.,
"party, match",B2,masculine,partido,,,Asociación política de ciudadanos con ideas comunes.,,El partido de fútbol se jugó en condiciones climáticas adversas.,The football match was played in adverse weather conditions.,
"childbirth, labor",B2,masculine,parto,,,Acto de dar a luz.,,El parto fue largo pero todo salió bien.,The childbirth was long but everything went well.,
passion,B2,feminine,pasión,,,Emoción muy fuerte e intensa.,,Su pasión por la astronomía lo llevó a construir su propio telescopio.,His passion for astronomy led him to build his own telescope.,
lawn,B2,masculine,pasto,,,Hierba que crece en campos o jardines.,,El jardín está cubierto de pasto verde y bien cuidado.,"The garden is covered with green, well-kept grass.",
heritage,B2,masculine,patrimonio,,,Bienes culturales e históricos de un país.,,El patrimonio cultural de la ciudad fue declarado Patrimonio de la Humanidad.,The city’s cultural heritage was declared a World Heritage Site.,
patriotic,B2,adjective,patriótico,,,Que muestra amor y respeto a la patria.,,El comportamiento patriótico de los jóvenes se reflejó en su voluntariado.,The patriotic behavior of the young people was reflected in their volunteering.,
pattern,B2,masculine,patrón,,,Modelo que se sigue como referencia.,,El patrón de consumo cambió tras la crisis económica.,The consumption pattern changed after the economic crisis.,
sin,B2,masculine,pecado,,,Acción contraria a las normas religiosas.,,Mentir no siempre se considera un pecado grave.,Lying is not always considered a serious sin.,
sin,B2,verb,pecar,,,Cometer un pecado.,,Dicen que todos pueden pecar en algún momento.,They say anyone can sin at some point.,
"fish tank, acquarium",B2,feminine,pecera,,,Recipiente con agua para peces.,,Colocaron una pecera enorme en la sala para decorar el espacio.,They placed a huge fish tank in the living room to decorate the space.,
dangerously,B2,adverb,peligrosamente,,,De manera peligrosa.,,Cruzó la calle peligrosamente sin mirar.,He crossed the street dangerously without looking.,
hairy,B2,adjective,peludo,,,Que tiene abundante pelo en el cuerpo o en la cara.,,Ese perro es muy peludo.,That dog is very hairy.,
penalize,B2,verb,penalizar,,,Imponer una sanción.,,La federación decidió penalizar a los clubes que no cumplieran con el reglamento.,The federation decided to penalize clubs that did not comply with the regulations.,
penis,B2,masculine,pene,,,Órgano sexual masculino.,,En la obra mencionan el pene de manera científica y sin tabúes.,They mention the penis in the work in a scientific and taboo-free way.,
peninsular,B2,adjective,peninsular,,,Relacionado con una península.,,La región peninsular experimentó un aumento notable del turismo en verano.,The peninsular region experienced a notable increase in tourism in summer.,
thought,B2,masculine,pensamiento,,,Facultad de pensar y reflexionar.,,Su pensamiento crítico aporta valor en cada discusión académica.,His critical thinking adds value to each academic discussion.,
perception,B2,feminine,percepción,,,Forma de comprender algo.,,La percepción del arte moderno varía mucho según la persona.,Perception of modern art varies greatly from person to person.,
rack,B2,masculine,perchero,,,Mueble para colgar ropa.,,Colgué el abrigo en el perchero.,I hung the coat on the rack.,
perceive,B2,verb,percibir,,,Darse cuenta a través de los sentidos.,,Los artistas pueden percibir la emoción del público durante su actuación.,Artists can perceive the audience’s emotion during their performance.,
loss,B2,feminine,pérdida,,,Privación de algo que se tenía.,,La pérdida de datos provocó una gran pérdida económica para la empresa.,The loss of data caused a huge economic loss for the company.,
perfectly,B2,adverb,perfectamente,,,De manera correcta y completa.,,"Lo ejecutó perfectamente, sin cometer ningún error.","He executed it perfectly, without making any mistakes.",
permanent,B2,adjective,permanente,,,Que dura sin cambios.,,Buscan soluciones permanentes antes de mudar la sede central.,They seek permanent solutions before moving the headquarters.,
"permissible, allowable",B2,adjective,permisible,,,Que se puede permitir.,,Es permisible usar el teléfono solo en el recreo.,It’s permissible to use the phone only during recess.,
"pursue, chase, go after",B2,verb,perseguir,,,Seguir a alguien para atraparlo.,,El ladrón intentó perseguir al testigo que escapaba.,The thief tried to chase the witness who escaped.,
personal,B2,adjective,personal,,,Relacionado con la persona.,,Cada empleado tiene un espacio personal asignado en la oficina.,Each employee has a personal space assigned in the office.,
personality,B2,feminine,personalidad,,,Conjunto de características de una persona.,,La personalidad del líder marcó la identidad del grupo.,The leader’s personality shaped the group’s identity.,
personalized,B2,adjective,personalizado,,,Adaptado a las características o necesidades de una persona concreta.,,El regalo venía en una caja personalizada con su nombre grabado.,The gift came in a personalized box with his name engraved.,
personalize,B2,verb,personalizar,,,Hacer que algo se adapte a una persona en particular.,,Quieren personalizar su coche con un diseño exclusivo.,They want to personalize their car with a unique design.,
"perspective, prospect",B2,feminine,perspectiva,,,Forma de ver o entender una situación.,,"Desde su perspectiva, la estrategia actual es la más adecuada.","From his perspective, the current strategy is the most appropriate.",
belonging,B2,feminine,pertenencia,,,Bien material que pertenece a alguien.,,Ese objeto tiene un valor simbólico de pertenencia.,That object holds symbolic value of belonging.,
fisherman,B2,masculine,pescador,,,Persona que se dedica a pescar.,,El pescador tradicional regresó al puerto con dos sacos de pescado fresco.,The traditional fisherman returned to the port with two sacks of fresh fish.,
pessimism,B2,masculine,pesimismo,,,Actitud negativa ante el futuro.,,El pesimismo puede afectar tu salud mental.,Pessimism can affect your mental health.,
terrible,B2,adjective,pésimo,,,Muy malo.,,El servicio fue pésimo en ese restaurante.,The service was terrible at that restaurant.,
plague,B2,feminine,peste,,,Enfermedad contagiosa.,,"La peste azotó la región sin previo aviso, causando estragos en la población.","The plague struck the region without warning, causing devastation among the population.",
request,B2,feminine,petición,,,Solicitud formal.,,La petición fue aceptada por el ayuntamiento.,The request was accepted by the city council.,
"petroleum, oil",B2,masculine,petróleo,,,Sustancia natural que se extrae del subsuelo.,,El petróleo se ha convertido en un recurso estratégico para muchos países.,Petroleum has become a strategic resource for many countries.,
"fish, live fish",B2,masculine,pez,,,Animal acuático con respiración por branquias.,,En la pecera nadaba un pez de colores vibrantes.,In the aquarium swam a vibrantly colored fish.,
"chop, itch, sting",B2,verb,picar,,,Hincar o causar dolor con un objeto puntiagudo.,,Me picó un mosquito mientras caminaba al atardecer.,A mosquito bit me while I was walking at sunset.,
"catch, grab",B2,verb,pillar,,,Coger algo por sorpresa.,,No pudo pillar el autobús a tiempo y tuvo que caminar.,He couldn’t catch the bus on time and had to walk.,
pine,B2,masculine,pino,,,Árbol de madera resinosa y hojas en forma de aguja.,,Plantaron un pino en el parque para conmemorar el centenario de la ciudad.,They planted a pine tree in the park to commemorate the city’s centenary.,
pleasant,B2,adjective,placentero,,,"Que produce agrado, satisfacción o sensación de bienestar.",,El paseo por la playa resultó muy placentero.,The walk along the beach was very pleasant.,
iron,B2,feminine,plancha,,,Utensilio de metal usado para alisar ropa.,,Necesito la plancha para arreglar mi camisa.,I need the iron to fix my shirt.,
plan,B2,verb,planear,,,Idear un proyecto o actividad.,,Hemos planeado varias reuniones para definir los objetivos anuales.,We have scheduled several meetings to define annual objectives.,
planning,B2,feminine,planificación,,,Acción de organizar de manera detallada un objetivo o actividad.,,La planificación del evento fue muy detallada.,The event planning was very detailed.,
plan,B2,verb,planificar,,,Organizar un plan de acción.,,El comité planificó la intervención social con enfoque comunitario.,The committee planned the social intervention with a community-based approach.,
plantation,B2,feminine,plantación,,,Lugar donde se cultivan plantas en gran cantidad.,,La plantación de café cubre gran parte de la ladera montañosa.,The coffee plantation covers a large part of the mountain slope.,
platform,B2,feminine,plataforma,,,Estructura elevada que sirve de apoyo.,,Publicaron la información en varias plataformas digitales.,They published the information on various digital platforms.,
"period, term",B2,masculine,plazo,,,Periodo de tiempo fijado.,,El plazo para enviar la solicitud termina hoy.,The deadline to send the application ends today.,
potion,B2,feminine,poción,,,Bebida mágica o medicinal.,,La bruja preparó una poción con hierbas extrañas.,The witch made a potion with strange herbs.,
powerful,B2,adjective,poderoso,,,Que tiene gran fuerza o poder.,,Es una figura poderosa en el mundo de los negocios.,He is a powerful figure in the business world.,
polar,B2,adjective,polar,,,Relacionado con los polos de la Tierra.,,"La expedición llegó al Polo Sur, un entorno totalmente polar e inhóspito.","The expedition reached the South Pole, a completely polar and inhospitable environment.",
by accident,B2,adverb,por accidente,,,De manera accidental.,,Llegó por accidente a la conferencia y terminó siendo el ponente principal.,He arrived at the conference by accident and ended up being the main speaker.,
by the way,B2,adverb,por cierto,,,Para introducir un comentario adicional.,,"Por cierto, mañana hay una charla sobre cambio climático en el auditorio.","By the way, there’s a talk on climate change at the auditorium tomorrow.",
equally,B2,adverb,por igual,,,"De manera equitativa, otorgando lo mismo a cada persona o situación.",,Todos los alumnos fueron tratados por igual durante el examen.,All the students were treated equally during the exam.,
bean,B2,masculine,poroto,,SA,Judía verde o grano comestible.,,Comieron porotos con arroz en la recepción del evento.,They ate beans with rice at the event reception.,
"possess, own",B2,verb,poseer,,,Tener una cosa como propia.,,La familia posee una casona antigua en el centro histórico.,The family owns an old mansion in the historic center.,
possession,B2,feminine,posesión,,,Algo que pertenece a alguien.,,"Tras años de lucha, recuperó la posesión de sus tierras.","After years of struggle, he recovered possession of his land.",
possibility,B2,feminine,posibilidad,,,Circunstancia de que algo pueda suceder.,,Existe la posibilidad de ampliar el horario durante el verano.,There is a possibility of extending hours during summer.,
possibly,B2,adverb,posiblemente,,,"Tal vez, de forma posible.",,"Posiblemente, la próxima semana estaré de vacaciones.","Possibly, next week I will be on vacation.",
position,B2,feminine,posición,,,Lugar o situación en que está algo o alguien.,,Su posición en la empresa le permite tomar decisiones estratégicas.,His position in the company allows him to make strategic decisions.,
later,B2,adjective,posterior,,,Que viene después en el tiempo o espacio.,,En la página posterior está la respuesta correcta.,On the following page is the correct answer.,
"position, stance",B2,feminine,postura,,,Manera de mantener el cuerpo o una opinión.,,Adoptó una postura firme frente al problema.,He adopted a firm stance on the issue.,
power,B2,feminine,potencia,,,Capacidad para producir un efecto.,,La potencia del motor se mide en caballos de fuerza.,The engine’s power is measured in horsepower.,
potential,B2,masculine,potencial,,,Capacidad que algo o alguien tiene aunque no se manifieste aún.,,El proyecto tiene un gran potencial y atraerá inversores.,The project has great potential and will attract investors.,
"potent, powerful, strong",B2,adjective,potente,,,Que tiene mucha fuerza o intensidad.,,La medicina tiene un efecto potente.,The medicine has a strong effect.,
practically,B2,adverb,prácticamente,,,Casi completamente.,,Prácticamente hemos terminado el informe; solo faltan correcciones menores.,We have practically finished the report; only minor corrections remain.,
"practitioner, practiser",B2,noun,practicante,,,"Persona que practica una profesión, deporte o actividad.",,El practicante ayudó al médico durante la operación.,The practitioner assisted the doctor during the operation.,
precisely,B2,adverb,precisamente,,,De manera exacta.,,Precisamente eso era lo que quería evitar.,That was precisely what I wanted to avoid.,
specify,B2,verb,precisar,,,Indicar con precisión lo que se necesita o se quiere decir.,,Voy a precisar los detalles del plan.,I’m going to specify the details of the plan.,
precision,B2,feminine,precisión,,,Exactitud en algo.,,El trabajo requiere mucha precisión.,The job requires a lot of precision.,
precise,B2,adjective,preciso,,,"Exacto, correcto.",,Necesitamos un número preciso de asistentes.,We need an exact number of attendees.,
predict,B2,verb,predecir,,,Anunciar lo que ocurrirá en el futuro.,,Es difícil predecir cómo reaccionará.,It’s hard to predict how he will react.,
preach,B2,verb,predicar,,,Dar un sermón religioso o difundir ideas.,,El sacerdote va a predicar el domingo.,The preacher is going to preach on Sunday.,
prediction,B2,feminine,predicción,,,Anuncio de un hecho futuro.,,Su predicción se cumplió al pie de la letra.,His prediction came true exactly as he said.,
prehistory,B2,feminine,prehistoria,,,Etapa de la historia anterior a la invención de la escritura.,,Estudiamos la prehistoria en clase.,We study prehistory in class.,
garment,B2,feminine,prenda,,,Pieza de ropa.,,Eligió una prenda tradicional para la ceremonia.,He chose a traditional garment for the ceremony.,
presence,B2,feminine,presencia,,,Hecho de estar presente.,,La presencia constante de ruido afecta la concentración en el trabajo.,The constant presence of noise affects concentration at work.,
presentation,B2,feminine,presentación,,,Exposición ante un público.,,Su presentación duró casi una hora y causó buena impresión.,His presentation lasted nearly an hour and made a good impression.,
present,B2,masculine,presente,,,Tiempo actual en que alguien vive o se encuentra.,,El autor firmó su libro en el presente acto.,The author signed his book at the present event.,
preserve,B2,verb,preservar,,,Mantener algo en buen estado.,,Debemos preservar la biodiversidad del planeta.,We must preserve the planet’s biodiversity.,
condom,B2,masculine,preservativo,,,Método anticonceptivo masculino.,,Compraron preservativos en la farmacia.,They bought condoms at the pharmacy.,
pressure,B2,feminine,presión,,,Fuerza que se ejerce sobre una superficie.,,La presión laboral ha aumentado sin medidas adecuadas de apoyo.,Workplace pressure has increased without proper support measures.,
"benefit, provision",B2,feminine,prestación,,,"Servicio o ayuda que se proporciona; en administración, beneficio o pago concedido.",,Solicitó la prestación por desempleo tras el cierre de la empresa.,He applied for unemployment benefit after the company closed.,
budget,B2,masculine,presupuesto,,,Plan de ingresos y gastos.,,El presupuesto anual contempla una partida para formación.,The annual budget includes a provision for training.,
prevent,B2,verb,prevenir,,,Evitar que ocurra un daño o una situación negativa.,,Es importante prevenir enfermedades.,It’s important to prevent illnesses.,
foresee,B2,verb,prever,,,Anticipar lo que ocurrirá.,,No pudieron prever las consecuencias del cambio.,They couldn’t foresee the consequences of the change.,
"prevision, forecast",B2,feminine,previsión,,,Plan previsto de antemano.,,La previsión del tiempo indica lluvias para mañana.,The weather forecast indicates rain for tomorrow.,
prime minister,B2,masculine,primer ministro,,,Jefe del gobierno en algunos países.,,El primer ministro visitará el país la semana próxima.,The prime minister will visit the country next week.,
prison,B2,feminine,prisión,,,Lugar donde se encierra a personas privadas de libertad.,,Fue condenado a prisión por delitos contra el patrimonio público.,He was sentenced to prison for crimes against public heritage.,
probability,B2,feminine,probabilidad,,,Posibilidad de que ocurra un hecho.,,La probabilidad de lluvia es alta.,The probability of rain is high.,
probable,B2,adjective,probable,,,Que es verosímil o tiene posibilidades de ser cierto.,,Es probable que lleguemos tarde.,It’s probable that we’ll arrive late.,
probably,B2,adverb,probablemente,,,De manera que expresa probabilidad.,,Probablemente no venga hoy.,He probably won’t come today.,
problematic,B2,adjective,problemático,,,Que presenta dificultades o complicaciones.,,Ese contrato tiene condiciones muy problemáticas para los trabajadores.,That contract has very problematic conditions for the workers.,
procedure,B2,masculine,procedimiento,,,Modo de realizar una acción.,,El procedimiento para solicitar la subvención es muy complejo.,The procedure to request the grant is very complex.,
processor,B2,masculine,procesador,,,Parte del ordenador que procesa datos.,,Este ordenador tiene un procesador muy potente.,This computer has a very powerful processor.,
process,B2,verb,procesar,,,Llevar a cabo un proceso.,,Van a procesar los datos en el laboratorio.,They’re going to process the data in the lab.,
productivity,B2,feminine,productividad,,,Capacidad de producir con eficacia.,,Queremos mejorar la productividad del equipo.,We want to improve the team’s productivity.,
productive,B2,adjective,productivo,,,Que produce buenos resultados.,,Es un empleado muy productivo.,He is a very productive employee.,
prophecy,B2,feminine,profecía,,,Anuncio de un hecho futuro de origen religioso.,,La profecía hablaba de un futuro incierto.,The prophecy spoke of an uncertain future.,
professional,B2,adjective,profesional,,,Relacionado con una profesión.,,Es un profesional con amplia experiencia en su sector.,He is a professional with extensive experience in his sector.,
prophet,B2,masculine,profeta,,,Persona que anuncia hechos futuros en nombre de Dios.,,El profeta anunció grandes cambios.,The prophet announced major changes.,
deep,B2,adjective,profundo,,,Muy hondo o intenso.,,Encontraron un pozo de agua a gran profundidad en la mina.,They found a deep water well in the mine.,
"schedule, program",B2,verb,programar,,,Organizar un programa.,,Programaron las publicaciones en redes sociales para el lunes.,They scheduled social media posts for Monday.,
progress,B2,verb,progresar,,,Avanzar hacia una mejor situación.,,La empresa progresó significativamente tras renovar su plantilla.,The company progressed significantly after renewing its staff.,
progressive,B2,adjective,progresivo,,,Que avanza poco a poco.,,La política educativa actual es claramente progresiva.,The current educational policy is clearly progressive.,
promising,B2,adjective,prometedor,,,Que promete buenos resultados.,,Es un candidato joven y prometedor.,He’s a young and promising candidate.,
promote,B2,verb,promover,,,Impulsar o favorecer algo.,,Queremos promover el arte local en todas sus formas.,We want to promote local art in all its forms.,
pronoun,B2,masculine,pronombre,,,Palabra que sustituye a un sustantivo.,,El pronombre “ellos” se usa en plural.,The pronoun “ellos” is used in the plural.,
pronounce,B2,verb,pronunciar,,,Decir las palabras en voz alta.,,Pronunció el discurso sin titubeos y con claridad.,He delivered the speech without hesitation and with clarity.,
property,B2,feminine,propiedad,,,Cosa que pertenece a alguien.,,Compraron una propiedad en las afueras de Madrid.,They bought a property on the outskirts of Madrid.,
intellectual property,B2,feminine,propiedad intelectual,,,Derechos legales sobre creaciones intelectuales.,,La propiedad intelectual protege las creaciones artísticas y científicas.,Intellectual property protects artistic and scientific creations.,
proprietary,B2,adjective,propietario,,,Que posee algo.,,Ese software tiene derechos propietarios.,That software has proprietary rights.,
"own, proper",B2,adjective,propio,,,Que pertenece a alguien.,,Cada comunidad tiene su propio modo de celebrar las fiestas.,Each community has its own way of celebrating parties.,
provide,B2,verb,proporcionar,,,"Dar algo a alguien, especialmente de manera útil o necesaria.",,La organización quiere proporcionar ayuda a los refugiados.,The organization wants to provide aid to the refugees.,
proposition,B2,feminine,proposición,,,Propuesta que se ofrece.,,Presentó una proposición interesante en la reunión.,He presented an interesting proposition at the meeting.,
"purpose, resolution",B2,masculine,propósito,,,Intención o finalidad.,,El propósito del taller es mejorar las habilidades comunicativas.,The purpose of the workshop is to improve communication skills.,
proposal,B2,feminine,propuesta,,,Idea que se presenta para ser aceptada.,,Aceptaron la propuesta sin dudar.,They accepted the proposal without hesitation.,
"prosper, thrive",B2,verb,prosperar,,,Salir adelante económicamente o socialmente.,,"Gracias a su esfuerzo, la empresa prosperó en un mercado competido.","Thanks to his effort, the company thrived in a competitive market.",
protein,B2,feminine,proteína,,,Sustancia nutritiva presente en los alimentos.,,Incluir proteínas en la dieta es fundamental para el crecimiento.,Including proteins in the diet is essential for growth.,
protocol,B2,masculine,protocolo,,,Conjunto de normas establecidas.,,El protocolo exige saludar primero al anfitrión.,Protocol requires greeting the host first.,
prototype,B2,masculine,prototipo,,,Modelo inicial de algo.,,Presentaron un prototipo de vehículo eléctrico funcional.,They presented a functional prototype of an electric vehicle.,
advantage,B2,masculine,provecho,,,Beneficio o utilidad.,,Aprovechó bien el provecho del curso intensivo.,He made good use of the course’s benefits.,
helpful,B2,adjective,provechoso,,,Que resulta útil.,,Fue una experiencia muy provechosa.,It was a very rewarding experience.,
provide,B2,verb,proveer,,,Dar lo necesario para algo.,,La organización provee recursos a familias en situación de vulnerabilidad.,The organization provides resources to families in vulnerable situations.,
provocative,B2,adjective,provocador,,,Que provoca o incita.,,Sus comentarios fueron muy provocadores.,His comments were very provocative.,
provoke,B2,verb,provocar,,,"Causar algo, generalmente negativo.",,Esa noticia provocó una reacción inmediata en redes sociales.,That news provoked an immediate reaction on social media.,
projection,B2,feminine,proyección,,,Presentación visual o representación hacia adelante.,,La proyección de su voz en la sala superó todas mis expectativas.,The projection of his voice in the hall exceeded all my expectations.,
"project, plan, shoot",B2,verb,proyectar,,,Lanzar imágenes o ideas hacia adelante.,,Van a proyectar una película de autor en la sala alternativa del cine.,They are going to screen an arthouse film in the cinema’s alternative room.,
psychology,B2,feminine,psicología,,,Ciencia que estudia la mente y el comportamiento.,,Estudia psicología desde una perspectiva crítica y constructiva.,He studies psychology from a critical and constructive perspective.,
psychological,B2,adjective,psicológico,,,Relacionado con la psicología.,,La influencia del entorno en la salud mental es un tema claramente psicológico.,The influence of the environment on mental health is a clearly psychological topic.,
puberty,B2,feminine,pubertad,,,Etapa de la vida en la que se desarrollan las características sexuales secundarias.,,La pubertad empieza a los doce años.,Puberty begins at twelve years old.,
publicly,B2,adverb,públicamente,,,De manera abierta y para todos.,,El presidente habló públicamente sobre el problema.,The president spoke publicly about the problem.,
advertise,B2,verb,publicitar,,,Dar a conocer un producto o servicio a través de anuncios.,,Quieren publicitar el nuevo producto.,They want to advertise the new product.,
pulp,B2,feminine,pulpa,,,Parte blanda y jugosa de una fruta.,,La fruta tiene mucha pulpa.,The fruit has a lot of pulp.,
"flame, fire",B2,feminine,quema,,,"Acción de incendiar algo, especialmente desechos.",,La quema de basura está prohibida en esta zona.,The burning of trash is forbidden in this area.,
"ration, portion",B2,feminine,ración,,,Porción medida que se sirve a una persona.,,Con una ración de paella fue suficiente para los dos.,One portion of paella was enough for both of us.,
radiate,B2,verb,radiar,,,Transmitir por radio.,,Las montañas irradian belleza al atardecer sobre el valle.,The mountains radiate beauty at sunset over the valley.,
radical,B2,adjective,radical,,,"Extremo, que afecta a la raíz de algo.",,Su propuesta fue tan radical que rompió completamente con la tradición.,His proposal was so radical that it completely broke with tradition.,
rancher,B2,masculine,ranchero,,,Persona del campo dedicada al ganado.,,El ranchero cuida de sus animales con técnicas ecológicas.,The rancher takes care of his animals using ecological techniques.,
rank,B2,masculine,rango,,,Categoría o nivel dentro de una escala.,,Alcanzó un rango muy alto en el ejército.,He reached a very high rank in the army.,
feature,B2,masculine,rasgo,,,Característica distintiva de una persona o cosa; también trazo de escritura o dibujo.,,La empatía es un rasgo que valoro mucho en los líderes con los que trabajo.,Empathy is a trait that I value highly in the leaders I work with.,
"flat, level",B2,adjective,raso,,,"Liso, sin adornos.",,El terreno es completamente raso y sin obstáculos.,The ground is completely flat and obstacle-free.,
"trace, trail",B2,masculine,rastro,,,Huella o señal que queda de algo.,,Siguieron el rastro hasta llegar al bosque.,They followed the trail until they reached the forest.,
scratched,B2,adjective,rayado,,,Que tiene rayas o líneas.,,El disco estaba rayado y no se podía escuchar bien.,The disc was scratched and couldn’t be listened to.,
reason,B2,verb,razonar,,,Pensar de forma lógica para llegar a una conclusión.,,Es mejor razonar antes de actuar.,It’s better to reason before acting.,
realistic,B2,adjective,realista,,,Que ve y acepta la realidad tal como es.,,Debemos tener un enfoque realista para resolver esta situación.,We must take a realistic approach to resolving this situation.,
achievement,B2,feminine,realización,,,Acción de llevar a cabo algo o de hacerlo efectivo.,,La final del campeonato fue la realización de un sueño para el equipo.,The championship final was the achievement of a dream for the team.,
come true,B2,verb,realizarse,,,Alcanzar la propia realización personal o cumplir una meta.,,Al fin pudo realizarse el deseo que tenía desde niño.,At last the wish he had since childhood could come true.,
"reduce, water down",B2,verb,rebajar,,,Disminuir el precio o la cantidad de algo.,,Decidieron rebajar los precios para afrontar la crisis económica.,They decided to lower prices to face the economic crisis.,
rebel,B2,verb,rebelar,,,Sublevarse contra la autoridad.,,Quiso rebelar sus ideas contra el sistema.,He wanted to rebel against the system.,
relapse,B2,verb,recaer,,,"Volver a caer en un estado anterior, generalmente negativo.",,"Tras meses de mejoría, recayó en antiguos hábitos nocivos.","After months of improvement, he relapsed into harmful old habits.",
refusal,B2,masculine,rechazo,,,Acción de no aceptar algo.,,El rechazo fue difícil de aceptar.,The rejection was hard to accept.,
recyclable,B2,adjective,reciclable,,,Que puede ser reciclado.,,Utiliza bolsas reciclables para hacer la compra.,Use recyclable bags to do the shopping.,
recycling,B2,masculine,reciclaje,,,Proceso de reutilización de materiales.,,El reciclaje reduce el impacto ambiental.,Recycling reduces environmental impact.,
recent,B2,adjective,reciente,,,Que ocurrió hace poco tiempo.,,Su versión reciente del informe incluye todos los datos actualizados.,His recent version of the report includes all the updated data.,
recently,B2,adverb,recientemente,,,Hace poco.,,Recientemente lanzaron una nueva línea de paquetes educativos.,They recently launched a new line of educational packages.,
container,B2,masculine,recipiente,,,Objeto que sirve para contener líquidos u otros materiales.,,Pon el arroz en ese recipiente.,Put the rice in that container.,
claim,B2,verb,reclamar,,,Exigir algo con insistencia.,,Voy a reclamar el reembolso del billete.,I’m going to claim a refund for the ticket.,
reward,B2,feminine,recompensa,,,Premio o beneficio que se recibe como reconocimiento a un esfuerzo.,,El esfuerzo de todo el curso tuvo como recompensa un viaje a Roma.,The effort of the whole course had as its reward a trip to Rome.,
reconciliation,B2,feminine,reconciliación,,,Restablecimiento de la amistad o la paz.,,La reconciliación entre los dos países tardó muchos años.,Reconciliation between the two countries took many years.,
reconcile,B2,verb,reconciliar,,,Volver a la concordia.,,Intentaron reconciliar sus diferencias en una conversación sincera.,They tried to reconcile their differences in a sincere conversation.,
recognition,B2,masculine,reconocimiento,,,Aprobación o gratitud hacia alguien o algo.,,Recibió un reconocimiento por su labor social.,He received recognition for his social work.,
reconsider,B2,verb,reconsiderar,,,Volver a pensar una decisión para cambiarla o confirmarla.,,Debemos reconsiderar nuestra estrategia antes de la reunión.,We must reconsider our strategy before the meeting.,
"route, journey",B2,masculine,recorrido,,,"Trayecto que se sigue en un viaje, visita o actividad.",,El recorrido dura aproximadamente dos horas.,The journey lasts approximately two hours.,
resource,B2,masculine,recurso,,,"Bien, medio o fuente que se utiliza para conseguir algo.",,Los recursos son limitados.,Resources are limited.,
reduced,B2,adjective,reducido,,,"Que ha disminuido en cantidad, tamaño o intensidad.",,El coche tiene un espacio reducido en la parte trasera.,The car has limited space in the back.,
reflect,B2,verb,reflexionar,,,Pensar detenidamente sobre algo.,,Es importante reflexionar antes de tomar decisiones.,It’s important to reflect before making decisions.,
"reformation, reform",B2,feminine,reforma,,,Cambio para mejorar una situación o estructura.,,La reforma del baño ya está terminada.,The bathroom renovation is already finished.,
"regime, regimen",B2,masculine,régimen,,,"Conjunto de normas, organización o forma de gobierno de un sistema político o social.",,El régimen anterior fue muy estricto.,The previous regime was very strict.,
regional,B2,adjective,regional,,,Relacionado con una región.,,La gastronomía regional es muy variada.,Regional cuisine is very diverse.,
regulation,B2,feminine,regulación,,,Conjunto de normas que regulan algo.,,La nueva regulación afecta a todos los ciudadanos.,The new regulation affects all citizens.,
regulate,B2,verb,regular,,,Establecer normas para controlar una actividad.,,El gobierno debe regular la publicidad dirigida a menores.,The government must regulate advertising aimed at minors.,
regularity,B2,feminine,regularidad,,,Cualidad de ser constante o frecuente en algo.,,La regularidad en los entrenamientos ayuda a mejorar el rendimiento.,Regular training helps improve performance.,
regularly,B2,adverb,regularmente,,,De manera habitual o periódica.,,Voy al gimnasio regularmente para mantenerme en forma.,I go to the gym regularly to stay in shape.,
related,B2,adjective,relacionado,,,Que tiene vínculo o conexión con algo.,,Este informe está directamente relacionado con la auditoría anterior.,This report is directly related to the previous audit.,
relaxedly,B2,adverb,relajadamente,,,"Con calma, sin tensión.",,"Hablaba relajadamente, sin mostrar preocupación.","He spoke in a relaxed manner, showing no worry.",
relatively,B2,adverb,relativamente,,,En comparación con algo.,,El resultado fue relativamente positivo para ser un primer experimento.,The outcome was relatively positive for a first experiment.,
relative,B2,adjective,relativo,,,Que guarda relación con otra cosa.,,Su opinión es relativa; depende del contexto cultural.,His opinion is relative; it depends on the cultural context.,
relevance,B2,feminine,relevancia,,,Importancia o significación notable.,,El artículo destaca la relevancia del agua en la planificación urbana.,The article highlights the importance of water in urban planning.,
religious,B2,adjective,religioso,,,Relacionado con la religión.,,Es una celebración religiosa muy arraigada en la comunidad local.,It’s a deeply rooted religious celebration in the local community.,
remedy,B2,masculine,remedio,,,Medio que sirve para curar una enfermedad o resolver un problema.,,La miel con limón es un remedio casero para el dolor de garganta.,Honey with lemon is a home remedy for a sore throat.,
surrender,B2,verb,rendirse,,,Entregarse o dejar de resistir.,,El soldado decidió rendirse tras el combate.,The soldier decided to surrender after the battle.,
renewable,B2,adjective,renovable,,,Que puede renovarse.,,La energía solar es una fuente renovable.,Solar energy is a renewable source.,
renovation,B2,feminine,renovación,,,Acción de renovar.,,Están haciendo una renovación en el centro cultural.,They are doing a renovation at the cultural center.,
delivery person,B2,masculine,repartidor,,,Persona que reparte productos o mercancías.,,El repartidor dejó el paquete en la puerta.,The delivery person left the package at the door.,
deliver,B2,verb,repartir,,,Dividir y entregar partes de algo.,,Van a repartir los libros mañana.,They are going to deliver the books tomorrow.,
delivery,B2,masculine,reparto,,,Acción de repartir.,,El reparto se hará por zonas.,The delivery will be done by zones.,
replica,B2,feminine,réplica,,,Respuesta o copia de algo.,,La réplica del monumento está en miniatura.,The replica of the monument is in miniature.,
replicate,B2,verb,replicar,,,Responder con insistencia.,,Van a replicar los resultados del experimento.,They are going to replicate the experiment results.,
replenish,B2,verb,reponer,,,Volver a colocar algo que faltaba o reponer fuerzas o energías.,,El deportista necesitó varios días para reponer fuerzas.,The athlete needed several days to regain strength.,
rest,B2,verb,reposar,,,Descansar o estar en reposo.,,"Después de caminar, prefiero reposar un rato.","After walking, I prefer to rest for a while.",
refuel,B2,verb,repostar,,,Reponer combustible.,,Tendremos que repostar antes de continuar el viaje por carretera.,We’ll have to refuel before continuing the road trip.,
representation,B2,feminine,representación,,,Acción de mostrar o expresar algo.,,La representación de la obra fue un éxito.,The performance of the play was a success.,
represent,B2,verb,representar,,,Sustituir o simbolizar algo en nombre de otro.,,La exposición pretende representar la evolución del diseño industrial.,The exhibition intends to represent the evolution of industrial design.,
reproduction,B2,feminine,reproducción,,,Proceso de crear nuevos seres u objetos.,,La reproducción de este contenido está prohibida.,The reproduction of this content is prohibited.,
reproduce,B2,verb,reproducir,,,Hacer de nuevo o multiplicar algo.,,Los científicos intentan reproducir las condiciones del experimento.,Scientists are trying to reproduce the experimental conditions.,
reproductive,B2,adjective,reproductor,,,"Relacionado con la reproducción; aplicado a aparatos, que permite reproducir sonido o vídeo.",,El sistema reproductor humano se estudia en biología de tercero.,The human reproductive system is studied in third-year biology.,
reptile,B2,masculine,reptil,,,Animal de sangre fría como lagartos o serpientes.,,Ese reptil es endémico de las zonas tropicales.,That reptile is endemic to tropical areas.,
republic,B2,feminine,república,,,Forma de gobierno en la que el poder reside en el pueblo.,,La república estableció nuevas leyes de transparencia.,The republic established new transparency laws.,
republican,B2,masculine,republicano,,,Persona que apoya el sistema republicano.,,El republicano defendió su postura con firmeza.,The republican defended his stance firmly.,
republican,B2,adjective,republicano,,,Que pertenece o apoya a la república.,,El partido republicano presentó nuevas propuestas.,The republican party presented new proposals.,
reputation,B2,feminine,reputación,,,Opinión o fama que se tiene de alguien.,,Su reputación en el sector es excelente.,Her reputation in the field is excellent.,
require,B2,verb,requerir,,,Exigir como necesario.,,Este tipo de trabajo requiere mucha paciencia y precisión.,This kind of work requires a lot of patience and precision.,
hangover,B2,feminine,resaca,,,Malestar físico tras consumir alcohol.,,Tenía una resaca horrible después de la fiesta.,He had a horrible hangover after the party.,
review,B2,verb,reseñar,,,Escribir o dar opinión sobre una obra.,,El crítico va a reseñar la nueva obra de teatro.,The critic is going to review the new play.,
reserved,B2,adjective,reservado,,,"Que mantiene distancia, discreción o tendencia a guardar para sí.",,Es una persona reservada y no habla de su vida privada.,He is a reserved person and does not talk about his private life.,
residence,B2,feminine,residencia,,,Lugar donde alguien reside.,,Vive en una residencia universitaria desde el año pasado.,He has lived in a university residence since last year.,
resident,B2,masculine,residente,,,Persona que vive en un lugar.,,La residente del tercer piso organiza eventos culturales.,The third-floor resident organizes cultural events.,
reside,B2,verb,residir,,,Vivir habitualmente en un sitio.,,Decidieron residir cerca de la universidad por su conveniencia.,They decided to reside near the university for its convenience.,
resistance,B2,feminine,resistencia,,,"Capacidad de resistir, soportar o mantenerse firme ante algo.",,Los manifestantes mostraron gran resistencia ante las medidas impuestas.,The protesters showed great resistance to the measures imposed.,
resist,B2,verb,resistir,,,Tolerar o aguantar algo difícil.,,El material puede resistir temperaturas muy altas.,The material can resist very high temperatures.,
regard,B2,masculine,respecto,,,En relación a algo mencionado.,,"En cuanto a ese respecto, estoy de acuerdo contigo.","Regarding that matter, I agree with you.",
respectable,B2,adjective,respetable,,,Que merece respeto.,,Es una persona muy respetable en la comunidad.,He is a very respectable person in the community.,
breathing,B2,feminine,respiración,,,Acción de inhalar y exhalar aire para vivir.,,La respiración profunda ayuda a relajarse.,Deep breathing helps you to relax.,
responsibility,B2,feminine,responsabilidad,,,Cumplimiento de obligaciones.,,La responsabilidad recae sobre el comité organizador.,Responsibility falls on the organizing committee.,
responsible,B2,adjective,responsable,,,Que cumple con sus obligaciones.,,Es una persona muy responsable con sus compromisos.,He is a very responsible person with his commitments.,
remaining,B2,adjective,restante,,,Lo que queda cuando ya se ha gastado o usado una parte.,,El estudiante entregó el trabajo el día restante de plazo.,The student handed in the work on the last remaining day of the deadline.,
"remain, stay",B2,verb,restar,,,"Quitar, sustraer una cantidad.",,Aún queda tiempo; no todo se puede restar de inmediato.,There is still time; you can’t subtract everything immediately.,
restore,B2,verb,restaurar,,,Recuperar o reparar algo dañado.,,Intentan restaurar la fachada histórica del edificio central.,They are trying to restore the historic facade of the central building.,
restriction,B2,feminine,restricción,,,Limitación o prohibición.,,Existe una restricción de acceso en esta zona por obras.,There is a restriction on access in this area due to construction.,
restrict,B2,verb,restringir,,,Imponer un límite.,,Van a restringir el uso del coche en el centro de la ciudad.,They are going to restrict car use in the city center.,
resolved,B2,adjective,resuelto,,,"Que ha tomado una decisión firme; también, que está solucionado.",,El conflicto quedó resuelto gracias a la mediación.,The conflict was resolved thanks to mediation.,
result,B2,verb,resultar,,,Llegar a ser o producir un efecto.,,El experimento resultó ser un éxito total.,The experiment proved to be a total success.,
summary,B2,masculine,resumen,,,Síntesis o compendio de algo.,,Al final del capítulo hay un resumen con los puntos más importantes.,At the end of the chapter there is a summary of the most important points.,
challenge,B2,verb,retar,,,Desafiar a alguien.,,Quiso retar a su amigo a una partida de ajedrez.,He wanted to challenge his friend to a chess game.,
reuse,B2,verb,reutilizar,,,Volver a utilizar algo ya usado.,,Es importante reutilizar materiales para reducir residuos.,It’s important to reuse materials to reduce waste.,
revelation,B2,feminine,revelación,,,Manifestación de algo oculto.,,Esa noticia fue una verdadera revelación.,That news was a real revelation.,
revelation,B2,feminine,revelación,,,Manifestación de algo oculto.,,La revelación de documentos secretos sacudió al gobierno.,The revelation of secret documents shook the government.,
reveal,B2,verb,revelar,,,Hacer visible algo oculto.,,No quiso revelar el secreto a nadie.,He didn’t want to reveal the secret to anyone.,
"burst, explode, blow up, break",B2,verb,reventar,,,Explotar o romperse con violencia.,,El neumático reventó en plena autopista.,The tire burst on the highway.,
setback,B2,masculine,revés,,,Situación o circunstancia desfavorable o contraria.,,Sufrimos un revés inesperado que retrasó todo el proceso.,We suffered an unexpected setback that delayed the entire process.,
rebellious,B2,adjective,revoltoso,,,Alborotador o desobediente.,,Su carácter revoltoso le impidió encajar en un sistema jerárquico.,His rebellious character prevented him from fitting into a hierarchical system.,
revolution,B2,feminine,revolución,,,Cambio social o político profundo.,,La revolución tecnológica ha transformado nuestras vidas radicalmente.,The technological revolution has radically transformed our lives.,
revolve,B2,verb,revolver,,,Mover algo de un lado a otro.,,Este tornillo no revuelve bien; se ha oxidado.,This screw doesn’t turn well; it has rusted.,
shore,B2,feminine,ribera,,,Orilla de un río.,,El río emergía de la ribera como un espejismo entre la niebla.,The river emerged from the riverbank like a mirage in the fog.,
"ridicule, laugh at, mock",B2,verb,ridiculizar,,,Burlarse de alguien exponiéndolo al ridículo.,,No es correcto ridiculizar a alguien por sus errores.,It’s not right to mock someone for their mistakes.,
risk,B2,masculine,riesgo,,,Posibilidad de que ocurra un daño o un peligro.,,Invertir en nuevos mercados siempre conlleva cierto riesgo.,Investing in new markets always involves some risk.,
kidney,B2,masculine,riñón,,,Órgano del cuerpo humano que filtra la sangre y produce orina.,,El riñón filtra los desechos del cuerpo.,The kidney filters the body’s waste.,
"richness, wealth",B2,feminine,riqueza,,,Gran cantidad de bienes o recursos.,,La riqueza natural de esta zona es impresionante.,The natural richness of this area is impressive.,
rival,B2,noun,rival,,,"Persona, grupo o entidad que compite con otro por un mismo fin.",,Mi rival juega muy bien al ajedrez.,My rival plays chess very well.,
rival,B2,adjective,rival,,,Que compite con otro en la búsqueda de un mismo objetivo.,,Ambos equipos son rivales en la liga.,Both teams are rivals in the league.,
rivalry,B2,feminine,rivalidad,,,Enfrentamiento o competencia entre rivales.,,La rivalidad entre las dos familias era conocida.,The rivalry between the two families was well-known.,
detour,B2,masculine,rodeo,,,Camino que da rodeo.,,Tomaron un rodeo para evitar el tráfico.,They took a detour to avoid the traffic.,
reddish,B2,adjective,rojizo,,,Que tira a color rojo sin ser totalmente rojo.,,El cielo tenía un tono rojizo al caer la tarde.,The sky had a reddish hue at sunset.,
role,B2,masculine,rol,,,Papel o función que cumple alguien.,,El rol del coordinador es crucial en el desarrollo del proyecto.,The coordinator’s role is crucial in project development.,
donut,B2,masculine,rosco,,,Rosquilla grande.,,Compraron un rosco fresco para merendar en la oficina.,They bought a fresh pastry to snack on at the office.,
rotation,B2,feminine,rotación,,,Movimiento circular alrededor de un eje.,,La rotación de cultivos mejora la fertilidad del suelo.,Crop rotation improves soil fertility.,
rumor,B2,masculine,rumor,,,Noticia o comentario no confirmado.,,Escuché un rumor sobre un cambio en la dirección.,I heard a rumor about a change in management.,
knowledge,B2,masculine,saber,,,Conjunto de conocimientos que alguien posee.,,Su saber incluye literatura clásica y teoría política.,His knowledge includes classical literature and political theory.,
wisdom,B2,feminine,sabiduría,,,Conocimiento profundo basado en la experiencia.,,La sabiduría ancestral sigue siendo una fuente de inspiración.,Ancestral wisdom remains a source of inspiration.,
"wise, learned",B2,adjective,sabio,,,Que posee gran conocimiento y sensatez.,,Es un hombre muy sabio en cuestiones filosóficas.,He is a very wise man on philosophical matters.,
savor,B2,verb,saborear,,,Probar un alimento o bebida con atención a su sabor.,,Me gusta saborear cada bocado cuando como chocolate negro.,I like to savor every bite when I eat dark chocolate.,
priest,B2,masculine,sacerdote,,,Persona dedicada al culto religioso.,,El sacerdote dio un mensaje muy emotivo.,The priest gave a very emotional message.,
balance,B2,masculine,saldo,,,Cantidad de dinero que queda después de hacer cuentas.,,El saldo de su cuenta ascendía a más de lo previsto.,The balance of his account was higher than expected.,
"saliva, spit",B2,feminine,saliva,,,Líquido que se produce en la boca.,,La saliva cumple una función esencial en la digestión inicial.,Saliva plays an essential role in the initial digestion.,
bran,B2,masculine,salvado,,,Parte externa del grano de cereal.,,Añadieron salvado al pan para mejorar su aporte de fibra.,They added bran to the bread to improve its fiber content.,
savior,B2,masculine,salvador,,,Persona que salva o libera.,,El salvador de la víctima actuó con rapidez y valentía.,The victim’s savior acted quickly and bravely.,
screensaver,B2,masculine,salvapantallas,,,Programa que protege la pantalla del ordenador cuando no se usa.,,El salvapantallas aparece después de cinco minutos de inactividad.,The screensaver appears after five minutes of inactivity.,
"safe, except, save for",B2,preposition,salvo,,,Excepto.,,"Todos deben contribuir, salvo los menores de edad.","Everyone must contribute, except minors.",
satisfaction,B2,feminine,satisfacción,,,Estado de contento al lograr algo.,,El éxito del proyecto le dio mucha satisfacción.,The success of the project gave him great satisfaction.,
satisfy,B2,verb,satisfacer,,,Dar satisfacción a una necesidad o a un deseo.,,El discurso logró satisfacer las expectativas del público.,The speech managed to satisfy the expectations of the public.,
satisfactory,B2,adjective,satisfactorio,,,Que cumple las expectativas y produce satisfacción.,,"Los resultados fueron satisfactorios, aunque aún mejorables.","The results were satisfactory, although they could still be improved.",
satisfied,B2,adjective,satisfecho,,,Que siente conformidad y placer con lo obtenido.,,Me siento satisfecho con los resultados obtenidos.,I feel satisfied with the results obtained.,
secret,B2,adjective,secreto,,,Que está oculto o reservado.,,Su actitud se mantuvo completamente secreta hasta el final.,His attitude remained completely secret until the end.,
segment,B2,masculine,segmento,,,Parte en que se divide un todo.,,Cada segmento del mercado necesita una estrategia distinta.,Each market segment needs a different strategy.,
"similar, such",B2,adjective,semejante,,,Que es parecido o similar.,,No he visto algo semejante en mi vida.,I haven’t seen anything like it in my life.,
designation,B2,masculine,señalamiento,,,Acción de señalar o marcar algo.,,Los señalamientos en la carretera indicaban obras nocturnas.,Road signs indicated nighttime roadworks.,
simplicity,B2,feminine,sencillez,,,Cualidad de lo sencillo.,,Me sorprendió la sencillez de su respuesta.,I was surprised by the simplicity of her answer.,
sensation,B2,feminine,sensación,,,Impresión producida en los sentidos.,,Sentí una sensación de alivio después de completar la tarea.,I felt a sense of relief after completing the task.,
sensibility,B2,feminine,sensibilidad,,,Capacidad de reaccionar a estímulos.,,Su sensibilidad artística es admirable.,His artistic sensitivity is admirable.,
sensory,B2,adjective,sensorial,,,Relacionado con los sentidos.,,"La experiencia sensorial en el museo incluyó luces, sonidos y aromas.","The sensory experience in the museum included lights, sounds, and scents.",
sentence,B2,feminine,sentencia,,,Decisión de un juez o tribunal.,,El juez dictó una sentencia justa y bien fundamentada.,The judge issued a fair and well-founded sentence.,
sentimental,B2,adjective,sentimental,,,Relacionado con los sentimientos.,,Su película tiene un tono profundamente sentimental sin llegar a cliché.,His film has a deeply sentimental tone without becoming cliché.,
being,B2,masculine,ser,,,"Existencia, esencia de algo.",,El ser humano es una criatura compleja y contradictoria.,The human being is a complex and contradictory creature.,
organism,B2,masculine,ser vivo,,,Organismo con vida.,,Cada ser vivo contribuye al equilibrio del ecosistema marino.,Each living being contributes to the balance of the marine ecosystem.,
itself,B2,pronoun,sí mismo,,,Forma reflexiva que indica a la propia persona.,,"El problema no radica en el sistema, sino en sí mismo.","The problem does not lie in the system, but in himself.",
significantly,B2,adverb,significativamente,,,De manera importante.,,Los costos crecieron significativamente tras los ajustes.,Costs grew significantly after the adjustments.,
significant,B2,adjective,significativo,,,Que tiene relevancia o importancia.,,Fue un logro significativo para su carrera profesional.,It was a significant achievement for his professional career.,
symbolic,B2,adjective,simbólico,,,Que representa algo mediante símbolos.,,El mural tiene un carácter profundamente simbólico.,The mural has a profoundly symbolic character.,
symbolize,B2,verb,simbolizar,,,Representar una idea con un símbolo.,,La estatua fue diseñada para simbolizar la libertad y la resistencia.,The statue was designed to symbolize freedom and resistance.,
similarity,B2,feminine,similitud,,,Cualidad de lo parecido.,,La similitud entre ambas obras es sorprendente.,The similarity between both works is astonishing.,
simplicity,B2,feminine,simplicidad,,,Cualidad de ser sencillo y no complicado.,,La simplicidad del diseño lo hace elegante y funcional.,The simplicity of the design makes it elegant and functional.,
simultaneous,B2,adjective,simultáneo,,,Que ocurre al mismo tiempo.,,El cálculo simultáneo se llevó a cabo de manera simultánea.,The simultaneous calculation was carried out simultaneously.,
synagogue,B2,feminine,sinagoga,,,Templo judío.,,La sinagoga está abierta al público los domingos.,The synagogue is open to the public on Sundays.,
singular,B2,adjective,singular,,,Que es único o distinto de los demás.,,Es una idea singular.,It’s a unique idea.,
symptom,B2,masculine,síntoma,,,Manifestación de una enfermedad.,,El primer síntoma apareció después de dos semanas sin descanso.,The first symptom appeared after two weeks without rest.,
servant,B2,noun,sirviente,,,Persona que sirve a otra.,,El sirviente preparó la mesa antes de la cena.,The servant set the table before dinner.,
systematic,B2,adjective,sistemático,,,Hecho con orden y método.,,Adoptaron un enfoque sistemático para analizar los datos.,They adopted a systematic approach to analyze the data.,
"surplus, excess, extra",B2,feminine,sobra,,,Lo que sobra o resta.,,Encontraron una sobra de materiales útiles tras la renovación.,They found a surplus of useful materials after the renovation.,
leftover,B2,adjective,sobrante,,,Que sobra o queda después de haber tomado lo necesario.,,Guardamos la comida sobrante para el día siguiente.,We saved the leftover food for the next day.,
be left over,B2,verb,sobrar,,,Tener más de lo necesario.,,Siempre suele sobrar comida después de la fiesta.,There’s usually food left over after the party.,
survive,B2,verb,sobrevivir,,,Continuar con vida tras un peligro o dificultad; subsistir.,,Muchos negocios pequeños no lograron sobrevivir a la crisis.,Many small businesses failed to survive the crisis.,
sober,B2,adjective,sobrio,,,"Moderado, que no bebe alcohol.",,Prefiero estar sobrio en reuniones importantes.,I prefer to be sober in important meetings.,
software,B2,masculine,software,,,Programa o conjunto de programas informáticos que permiten el funcionamiento de un ordenador.,,El nuevo software facilita la edición de vídeos.,The new software makes video editing easier.,
"soy, soybean",B2,feminine,soja,,,Planta usada en alimentación.,,La soja es una buena fuente de proteína vegetal.,Soy is a good source of plant-based protein.,
solar,B2,adjective,solar,,,Relacionado con el sol.,,Instalaron paneles solares para aprovechar la energía solar.,They installed solar panels to harness solar energy.,
solitude,B2,feminine,soledad,,,Estado de estar solo.,,Valoraron la soledad como una forma de introspección.,They valued solitude as a form of introspection.,
tend to,B2,verb,soler,,,Tener costumbre de hacer algo.,,Los adolescentes suelen expresar sus emociones de forma intensa.,Teenagers tend to express their emotions intensely.,
request,B2,verb,solicitar,,,Pedir formalmente.,,Voy a solicitar una beca para estudiar en el extranjero.,I am going to apply for a scholarship to study abroad.,
"application, request",B2,feminine,solicitud,,,Petición formal por escrito.,,Presentó una solicitud para el programa de intercambio académico.,He submitted an application for the academic exchange program.,
solid,B2,adjective,sólido,,,Que es firme o consistente.,,El edificio está construido con hormigón sólido y materiales resistentes.,The building is made of solid concrete and resistant materials.,
solvent,B2,adjective,solvente,,,Que puede disolver o resolver deudas.,,Buscamos un proveedor solvente para el proyecto.,We’re looking for a solvent supplier for the project.,
subject,B2,verb,someter,,,Hacer que alguien se someta a una autoridad o a una condición.,,El ejército logró someter la región tras meses de conflicto.,The army managed to subdue the region after months of conflict.,
dreamer,B2,masculine,soñador,,,Persona que sueña mucho o tiene ilusiones.,,El joven soñador planea cambiar el mundo con su música.,The young dreamer plans to change the world with his music.,
blush,B2,verb,sonrojar,,,Adquirir un color rojizo en la cara a causa de la vergüenza o la emoción.,,El comentario hizo sonrojar a la niña.,The comment made the girl blush.,
endure,B2,verb,soportar,,,"Aguantar, sostener o resistir algo.",,No puedo soportar tanto ruido en la calle.,I cannot endure so much noise in the street.,
support,B2,masculine,soporte,,,"Estructura que sirve para sostener, aguantar o apoyar algo.",,Necesito un soporte para colocar la televisión.,I need a stand to place the television.,
"surprising, extraordinary",B2,adjective,sorprendente,,,Que causa sorpresa.,,"El desenlace fue sorprendente, nadie lo esperaba.",The outcome was surprising; no one expected it.,
suspect,B2,verb,sospechar,,,Tener sospechas o dudas sobre algo.,,Comenzaron a sospechar tras escuchar un ruido.,They began to suspect after hearing a noise.,
suspect,B2,masculine,sospechoso,,,Persona bajo sospecha.,,El sospechoso negó los hechos.,The suspect denied the facts.,
suspicious,B2,adjective,sospechoso,,,Que inspira desconfianza.,,Su comportamiento era bastante sospechoso.,His behavior was quite suspicious.,
hold,B2,verb,sostener,,,Mantener algo en una posición o defender una idea o causa.,,El hombre pudo sostener la caja a pesar del peso.,The man was able to hold the box despite its weight.,
sustainable,B2,adjective,sostenible,,,Que puede mantenerse a largo plazo sin agotar recursos ni dañar el entorno.,,La empresa busca un modelo de producción sostenible.,The company is looking for a sustainable production model.,
basement,B2,masculine,sótano,,,Espacio subterráneo de un edificio.,,Guardamos las cajas en el sótano.,We stored the boxes in the basement.,
soften,B2,verb,suavizar,,,Hacer más suave o menos duro.,,El calor empezó a suavizar la mantequilla.,The heat began to soften the butter.,
underground,B2,adjective,subterráneo,,,Que está bajo tierra.,,El tren subterráneo conecta varios barrios de la ciudad.,The subway connects several neighborhoods in the city.,
"happening, event",B2,masculine,suceso,,,"Acontecimiento, hecho que ocurre.",,El suceso histórico fue celebrado con un desfile oficial.,The historical event was celebrated with an official parade.,
loose,B2,adjective,suelto,,,Que no está atado o fijo.,,Llevaba una camisa suelta y cómoda.,He was wearing a loose and comfortable shirt.,
"sufficient, enough",B2,adjective,suficiente,,,Que basta o es adecuado.,,"La ayuda económica fue suficiente, pero no más.","The financial aid was sufficient, but not more.",
sufficiently,B2,adverb,suficientemente,,,Con suficiente cantidad.,,Lo explicaron suficientemente para evitar malentendidos.,They explained it sufficiently to avoid misunderstandings.,
suffering,B2,masculine,sufrimiento,,,Dolor o pena intensa.,,El sufrimiento de la población ante el conflicto fue inmenso.,The suffering of the population during the conflict was immense.,
subject,B2,masculine,sujeto,,,Persona o cosa de la que se dice algo.,,Eres el sujeto perfecto para el estudio clínico.,You are the perfect subject for the clinical study.,
surface,B2,feminine,superficie,,,Parte exterior de un cuerpo.,,La superficie del lago estaba congelada.,The surface of the lake was frozen.,
superior,B2,adjective,superior,,,Que está por encima en posición o categoría.,,La calidad de este producto es superior.,The quality of this product is superior.,
"assumption, guess, supposition",B2,feminine,suposición,,,Hipótesis o idea no confirmada.,,Esa suposición no tiene ninguna base lógica.,That assumption has no logical basis.,
substance,B2,feminine,sustancia,,,Materia con propiedades específicas.,,Detectaron una sustancia peculiar en la muestra.,They detected a peculiar substance in the sample.,
noun,B2,masculine,sustantivo,,,"Clase de palabra que nombra seres, cosas, lugares, cualidades o ideas.",,La palabra “casa” es un sustantivo femenino muy común.,The word “casa” is a very common feminine noun.,
replace,B2,verb,sustituir,,,Reemplazar una cosa por otra.,,La empresa decidió sustituir a varios empleados por máquinas.,The company decided to replace several employees with machines.,
"notice board, bulletin board",B2,masculine,tablón,,,Tabla ancha de madera.,,Pusieron el horario en el tablón del aula.,They posted the schedule on the classroom bulletin board.,
stem,B2,masculine,tallo,,,Parte del tallo principal de una planta.,,El tallo de la planta es muy fuerte.,The stem of the plant is very strong.,
theatrical,B2,adjective,teatral,,,Relacionado con el teatro.,,Tiene una personalidad muy teatral cuando habla en público.,He has a very theatrical personality when he speaks in public.,
call on the phone,B2,verb,telefonear,,,Llamar por teléfono.,,Tuvieron que telefonear desde una cabina para confirmar la cita.,They had to make a phone call from a booth to confirm the appointment.,
telescope,B2,masculine,telescopio,,,Instrumento para observar astros lejanos.,,Montaron un telescopio para observar las lunas de Júpiter.,They set up a telescope to observe Jupiter’s moons.,
tremble,B2,verb,temblar,,,Moverse con sacudidas por miedo o frío.,,Empezó a temblar por el frío intenso.,He began to tremble from the intense cold.,
fear,B2,verb,temer,,,Sentir miedo.,,Temo que las cosas no salgan como esperamos.,I fear that things won’t turn out as we expect.,
fearful,B2,adjective,temeroso,,,Que tiene miedo.,,Se mostró temeroso al hablar en público por primera vez.,He appeared fearful when speaking in public for the first time.,
fear,B2,masculine,temor,,,Miedo o preocupación.,,El temor a perder el empleo aumentó tras los recortes.,The fear of losing his job increased after the cuts.,
temperament,B2,masculine,temperamento,,,Carácter o modo de ser de una persona.,,Tiene un temperamento muy fuerte y decidido.,He has a very strong and determined temperament.,
temporarily,B2,adverb,temporalmente,,,De manera temporal; por un tiempo limitado.,,"La biblioteca cerrará temporalmente por reformas, pero mantendrá algunos servicios en línea.","The library will close temporarily for renovations, but will keep some services online.",
temporary,B2,adjective,temporario,,,Que dura poco tiempo y no es permanente.,,Este contrato tiene carácter temporario y finalizará en junio.,This contract is temporary and will end in June.,
"tendency, trend",B2,feminine,tendencia,,,Inclinación o moda que se sigue.,,La tendencia actual apunta hacia productos ecológicos.,The current trend points towards ecological products.,
tension,B2,feminine,tensión,,,Estado de nerviosismo o tensión.,,La tensión entre los dos países es evidente.,The tension between the two countries is evident.,
theory,B2,feminine,teoría,,,Conjunto de principios que explican un fenómeno.,,Su investigación sobre la teoría cuántica fue premiada.,His research on quantum theory was awarded.,
therapist,B2,noun,terapeuta,,,Persona dedicada a la terapia.,,La terapeuta me ayudó mucho con la ansiedad.,The therapist helped me a lot with my anxiety.,
therapy,B2,feminine,terapia,,,Tratamiento para mejorar la salud.,,La terapia ha sido muy efectiva.,The therapy has been very effective.,
third,B2,adjective,tercio,,,Que corresponde a la tercera parte de un todo.,,Un tercio de los asistentes llegó tarde a la reunión.,A third of the attendees arrived late to the meeting.,
velvet,B2,masculine,terciopelo,,,Tejido suave y brillante usado para confeccionar ropa o tapicería.,,El sillón estaba cubierto con terciopelo rojo.,The armchair was covered with red velvet.,
territorial,B2,adjective,territorial,,,Relativo al territorio o a su organización.,,Los dos países mantienen una disputa territorial desde hace décadas.,The two countries have maintained a territorial dispute for decades.,
territory,B2,masculine,territorio,,,Extensión de tierra bajo un poder.,,Creemos que ese territorio debería gestionarse de forma cooperativa.,We believe that territory should be managed cooperatively.,
thesis,B2,feminine,tesis,,,Trabajo académico de investigación.,,Su tesis trata sobre la economía circular.,Her thesis is about the circular economy.,
"will, testament",B2,masculine,testamento,,,Documento con la última voluntad de alguien.,,El testamento fue leído por el abogado de la familia.,The will was read by the family’s lawyer.,
testimony,B2,masculine,testimonio,,,Declaración que confirma un hecho.,,Su testimonio fue clave en el juicio.,His testimony was key in the trial.,
typically,B2,adverb,típicamente,,,De manera típica.,,"Típicamente, empezamos el día con una rutina tranquila.","Typically, we start the day with a calm routine.",
strip,B2,feminine,tira,,,"Objeto largo y estrecho, normalmente de tela, papel o material flexible.",,Compré una tira de luces para decorar.,I bought a strip of lights to decorate.,
tolerate,B2,verb,tolerar,,,Aceptar lo que no gusta.,,No tolera la injusticia y siempre se atreve a tolerar críticas.,He doesn’t tolerate injustice and always dares to tolerate criticism.,
tonality,B2,feminine,tonalidad,,,Variedad de un color que se percibe con diferentes matices.,,Me gusta la tonalidad de azul.,I like the shade of blue.,
touch,B2,masculine,toque,,,Toque físico o contacto.,,Añadió un toque de humor a la conversación.,He added a touch of humor to the conversation.,
"twist, bend",B2,verb,torcer,,,Doblar o torcer algo.,,Consiguió torcer la cerradura sin dañar la puerta.,He managed to twist the lock without damaging the door.,
tornado,B2,masculine,tornado,,,Tormenta violenta en forma de embudo.,,El tornado causó daños significativos en la comarca.,The tornado caused significant damage in the region.,
torso,B2,masculine,torso,,,Parte del cuerpo situada entre el cuello y el abdomen.,,El golpe fue directo al torso.,The blow landed directly on the torso.,
totality,B2,feminine,totalidad,,,Conjunto completo de algo sin excluir ninguna parte.,,La totalidad del presupuesto se destinará a proyectos sociales.,The entirety of the budget will be allocated to social projects.,
traction,B2,feminine,tracción,,,Acción de arrastrar.,,El coche perdió tracción en la curva.,The car lost traction in the curve.,
traditionally,B2,adverb,tradicionalmente,,,De manera tradicional.,,La festividad se celebra tradicionalmente cada quince de agosto.,The festivity is traditionally celebrated every August 15.,
translation,B2,feminine,traducción,,,Paso de un idioma a otro.,,Solicitaron la traducción oficial del documento.,They requested the official translation of the document.,
translate,B2,verb,traducir,,,Expresar en otra lengua.,,Pudimos traducir el texto sin perder su matiz original.,We could translate the text without losing its original nuance.,
gulp,B2,masculine,trago,,,Bebida que se toma de un trago.,,Bebió un trago de agua antes de hablar.,He took a gulp of water before speaking.,
"betrayal, treason",B2,feminine,traición,,,"Falta de lealtad, especialmente al incumplir la confianza o fidelidad debida.",,La traición fue descubierta a tiempo.,The betrayal was discovered in time.,
betray,B2,verb,traicionar,,,Faltar a la lealtad o fidelidad hacia alguien o algo.,,No se debe traicionar la confianza de un amigo.,You must not betray a friend’s trust.,
plot,B2,feminine,trama,,,Conjunto de hechos o situaciones que forman el argumento de una obra narrativa.,,La trama de la novela es complicada pero muy interesante.,The plot of the novel is complicated but very interesting.,
calm,B2,verb,tranquilizar,,,Dar calma o tranquilidad.,,Intentó tranquilizar a los niños asustados.,He tried to calm the frightened children.,
transformation,B2,feminine,transformación,,,"Cambio de forma, naturaleza o aspecto.",,La transformación del barrio se nota en las nuevas zonas verdes y en los comercios locales.,The neighborhood’s transformation is evident in the new green areas and local shops.,
transform,B2,verb,transformar,,,"Hacer cambiar de forma, naturaleza o aspecto.",,Queremos transformar el aula en un espacio flexible que favorezca el trabajo en grupo.,We want to transform the classroom into a flexible space that encourages group work.,
transition,B2,feminine,transición,,,Cambio de un estado a otro.,,La transición a la democracia fue un proceso difícil.,The transition to democracy was a difficult process.,
transmission,B2,feminine,transmisión,,,Proceso de enviar información.,,La transmisión del partido fue en directo.,The match was broadcast live.,
transmit,B2,verb,transmitir,,,Hacer llegar un mensaje o señal.,,Pretenden transmitir sus valores a través del arte contemporáneo.,They intend to transmit their values through contemporary art.,
transparent,B2,adjective,transparente,,,Que deja pasar la luz.,,Queremos una comunicación clara y transparente.,We want clear and transparent communication.,
after,B2,preposition,tras,,,Después de.,,Llegamos justo tras la tormenta.,We arrived just after the storm.,
"back, back-side",B2,adjective,trasero,,,Que está en la parte de atrás.,,El perro mostraba su zona trasera al sentarse con orgullo.,The dog showed his backside when sitting proudly.,
upset,B2,verb,trastornar,,,Alterar el equilibrio mental o emocional.,,El accidente de su amigo logró trastornar su ánimo.,His friend’s accident managed to upset his mood.,
disorder,B2,masculine,trastorno,,,Problema psicológico o de conducta.,,El trastorno de ansiedad requiere atención profesional.,The anxiety disorder requires professional attention.,
treaty,B2,masculine,tratado,,,Acuerdo entre países.,,El tratado fue firmado por ambos países.,The treaty was signed by both countries.,
treatment,B2,masculine,tratamiento,,,Conjunto de métodos para curar.,,Su tratamiento médico combina lo tradicional con lo innovador.,His medical treatment combines traditional methods with innovative ones.,
"deal, treatment",B2,masculine,trato,,,Forma de relacionarse con alguien.,,El trato recibido por los voluntarios fue excelente.,The treatment the volunteers received was excellent.,
trauma,B2,masculine,trauma,,,Daño emocional intenso.,,El trauma emocional tras el accidente afectó gravemente su vida diaria.,The emotional trauma after the accident severely affected his daily life.,
trajectory,B2,feminine,trayectoria,,,Camino o curso de una vida o carrera.,,Su trayectoria profesional ha sido ejemplar y consistente.,His professional trajectory has been exemplary and consistent.,
"trace, draw",B2,verb,trazar,,,Dibujar o delinear líneas; planear el recorrido o la disposición de algo.,,El arquitecto propuso trazar un pasillo más ancho para mejorar el flujo.,The architect proposed laying out a wider corridor to improve the flow.,
stroke,B2,masculine,trazo,,,Línea hecha al dibujar o escribir.,,El pintor dio un último trazo firme para completar la obra.,The painter gave one last firm stroke to complete the work.,
tremendous,B2,adjective,tremendo,,,"De tamaño, fuerza o intensidad muy grande.",,Tuvimos un éxito tremendo con la obra de teatro.,We had tremendous success with the play.,
court,B2,masculine,tribunal,,,Lugar donde se juzga.,,El tribunal revisará el caso la próxima semana.,The tribunal will review the case next week.,
wheat,B2,masculine,trigo,,,Cereal usado para pan y harina.,,El trigo cultivado en esa región tiene una alta calidad para la panificación.,The wheat grown in that region has a high quality for baking.,
sadly,B2,adverb,tristemente,,,De manera triste.,,"Tristemente, no todos los pacientes reciben el apoyo psicológico adecuado.","Sadly, not all patients receive adequate psychological support.",
triumph,B2,masculine,triunfo,,,Éxito grande.,,Su triunfo fue celebrado en todo el país.,His triumph was celebrated across the country.,
trunk,B2,feminine,trompa,,,"Órgano alargado de algunos animales, como los elefantes, o instrumento musical de viento.",,La trompa del elefante es larga.,The elephant’s trunk is long.,
trunk,B2,masculine,tronco,,,Parte gruesa de un árbol.,,El tronco del árbol servía de asiento durante el descanso en el parque.,The tree trunk served as a seat during the break in the park.,
throne,B2,masculine,trono,,,Silla de los reyes.,,El nuevo rey ocupa el trono en una ceremonia solemne.,The new king occupies the throne in a solemn ceremony.,
tropical,B2,adjective,tropical,,,Propio de las regiones cercanas al trópico.,,El clima es tropical.,The climate is tropical.,
trout,B2,feminine,trucha,,,Pez de agua dulce parecido al salmón.,,La trucha es un pescado muy común en los ríos de montaña.,The trout is a very common fish in mountain rivers.,
tomb,B2,feminine,tumba,,,Lugar donde se entierra a una persona fallecida.,,Los turistas visitaron la tumba del famoso escritor.,The tourists visited the tomb of the famous writer.,
eleventh,B2,adjective,undécimo,,,Que ocupa el lugar número once.,,Su discurso fue el undécimo de la jornada.,His speech was the eleventh of the day.,
"uniquely, solely",B2,adverb,unicamente,,,De manera única.,,Este relato se cuenta únicamente en las antiguas leyendas del norte.,This story is told only in the ancient legends of the north.,
"solely, only",B2,adverb,únicamente,,,Solo; exclusivamente.,,La oferta es válida únicamente para residentes en la UE.,The offer is valid only for residents in the EU.,
university,B2,adjective,universitario,,,Relacionado con los estudios superiores o con la universidad.,,La vida universitaria ofrece muchas oportunidades de aprendizaje.,University life offers many learning opportunities.,
universe,B2,masculine,universo,,,Conjunto de todo lo existente.,,El universo observable está lleno de galaxias aún por descubrir.,The observable universe is full of galaxies yet to be discovered.,
urban,B2,adjective,urbano,,,Relacionado con la ciudad.,,La expansión urbana ha transformado los barrios en pocos años.,Urban expansion has transformed neighborhoods in just a few years.,
metropolis,B2,feminine,urbe,,,Ciudad grande.,,La urbe ofrece una intensa vida nocturna y múltiples opciones culturales.,The metropolis offers a vibrant nightlife and many cultural options.,
user,B2,masculine,usuario,,,Persona que usa un servicio.,,Cada usuario debe cambiar su contraseña periódicamente por seguridad.,Each user must change their password periodically for security.,
"utilize, use",B2,verb,utilizar,,,"Emplear, hacer uso de algo.",,Decidieron utilizar energías renovables en la mayoría de los edificios.,They decided to use renewable energy in most buildings.,
"vacation, holiday",B2,feminine,vacación,,,Tiempo de descanso.,,Planeamos una vacación en la montaña durante el próximo puente.,We planned a vacation in the mountains for the next holiday.,
vacancy,B2,feminine,vacante,,,Puesto libre.,,Publicaron un anuncio para cubrir la vacante del departamento.,They published a job ad to fill the department vacancy.,
vacant,B2,adjective,vacante,,,Que está libre u ocupado.,,El puesto sigue vacante desde hace tres semanas.,The position has been vacant for three weeks.,
vague,B2,adjective,vago,,,Perezoso.,,Su respuesta fue tan vaga que no aportó información útil.,His answer was so vague that it provided no useful information.,
bravery,B2,feminine,valentía,,,Cualidad de ser valiente.,,Su valentía fue reconocida con una medalla al mérito.,His bravery was recognized with a medal of merit.,
validation,B2,feminine,validación,,,Aprobación o confirmación.,,La validación de los datos es imprescindible antes de enviarlos.,Data validation is essential before sending.,
validate,B2,verb,validar,,,Dar validez a algo.,,Tenemos que validar el acceso con una contraseña.,We have to validate access with a password.,
validity,B2,feminine,validez,,,Cualidad de ser válido o tener efecto legal o práctico.,,La validez del contrato termina el próximo año.,The validity of the contract ends next year.,
valid,B2,adjective,válido,,,Que es correcto o aceptado.,,Ese documento ya no es válido.,That document is no longer valid.,
"value, courage",B2,masculine,valor,,,Cualidad o precio de algo.,,El valor de la honestidad se demuestra en los momentos difíciles.,The value of honesty is shown in difficult times.,
variation,B2,feminine,variación,,,Cambio o modificación.,,Hubo una variación en los resultados respecto al año pasado.,There was a variation in the results compared to last year.,
"vary, alter, change",B2,verb,variar,,,Cambiar o alterar.,,Los precios pueden variar según la temporada y la demanda.,Prices may vary depending on the season and demand.,
variety,B2,feminine,variedad,,,Conjunto de cosas diferentes.,,Este supermercado ofrece una gran variedad de productos ecológicos.,This supermarket offers a great variety of organic products.,
male,B2,masculine,varón,,,Persona de sexo masculino.,,El varón románico era responsable de defender al pueblo.,The Romanesque male figure was responsible for defending the village.,
vegan,B2,adjective,vegano,,,Que no consume productos de origen animal.,,Optó por un estilo de vida más vegano tras ver un documental.,He chose a more vegan lifestyle after watching a documentary.,
vegetation,B2,feminine,vegetación,,,Conjunto de plantas que cubren un terreno.,,La vegetación aquí es muy densa.,The vegetation here is very dense.,
vegetarian,B2,adjective,vegetariano,,,Que no come carne.,,"Aunque no es vegano, prefiere una dieta vegetariana por salud.","Although he is not vegan, he prefers a vegetarian diet for health reasons.",
speed,B2,feminine,velocidad,,,Rapidez con que algo se mueve.,,La velocidad a la que circulan en esa autopista es preocupante.,The speed at which they drive on that highway is concerning.,
vein,B2,feminine,vena,,,Conducto del cuerpo por el que circula la sangre hacia el corazón.,,El médico encontró una vena adecuada para la inyección.,The doctor found a suitable vein for the injection.,
salesman,B2,masculine,vendedor,,,Persona que vende.,,El vendedor presentó el producto con mucha habilidad comercial.,The salesman presented the product with great commercial skill.,
vengeance,B2,feminine,venganza,,,Acción de devolver un daño recibido.,,La venganza no trae verdadera paz.,Vengeance doesn’t bring true peace.,
"advantage, benefit",B2,feminine,ventaja,,,Cualidad que da superioridad.,,Una ventaja de este método es el ahorro de recursos.,An advantage of this method is the saving of resources.,
advantageous,B2,adjective,ventajoso,,,Que da beneficio.,,Es un acuerdo muy ventajoso para la empresa.,It’s a very advantageous agreement for the company.,
verb,B2,masculine,verbo,,,"Palabra que expresa acción, estado o proceso.",,¿Conoces el verbo correcto para describir esa acción?,Do you know the correct verb to describe that action?,
truly,B2,adverb,verdaderamente,,,De veras; con verdad.,,Me pareció verdaderamente admirable su serenidad ante la presión.,I found his composure under pressure truly admirable.,
greengrocer,B2,feminine,verdulería,,,Tienda donde se venden verduras.,,Compré frutas frescas en la verdulería del barrio.,I bought fresh fruit at the neighborhood greengrocer.,
greengrocer,B2,masculine,verdulero,,,Persona que vende verduras.,,El verdulero recomendó comprar aguacates maduros hoy.,The greengrocer recommended buying ripe avocados today.,
shameful,B2,adjective,vergonzoso,,,Que causa vergüenza.,,Su comportamiento fue realmente vergonzoso.,His behavior was truly shameful.,
versatile,B2,adjective,versátil,,,Que se adapta a muchas funciones.,,"Es un actor muy versátil, puede hacer cualquier papel.",He’s a very versatile actor; he can play any role.,
version,B2,feminine,versión,,,Forma distinta de algo.,,La nueva versión de la aplicación corrige los errores anteriores.,The new version of the app fixes the previous errors.,
vertical,B2,adjective,vertical,,,Que está en posición perpendicular al horizonte.,,La escalera debe colocarse en posición vertical antes de usarla.,The ladder must be placed in a vertical position before using it.,
vibration,B2,feminine,vibración,,,Movimiento repetitivo que se produce en un objeto o en un sonido.,,Sentí una fuerte vibración.,I felt a strong vibration.,
vice,B2,masculine,vicio,,,Hábito dañino.,,El tabaco es un vicio que afecta la salud a largo plazo.,Tobacco is a vice that affects long-term health.,
victorious,B2,adjective,victorioso,,,Que logra la victoria.,,El equipo terminó el torneo con una actitud victoriosa.,The team ended the tournament with a victorious attitude.,
twentieth,B2,adjective,vigésimo,,,Que ocupa el lugar número veinte.,,El vigésimo aniversario se celebrará con una fiesta.,The twentieth anniversary will be celebrated with a party.,
surveillance,B2,feminine,vigilancia,,,"Acción de vigilar para controlar, observar o proteger.",,La vigilancia en el aeropuerto se ha reforzado tras los incidentes.,Airport surveillance has been reinforced after the incidents.,
guard,B2,noun,vigilante,,,Persona encargada de vigilar o cuidar algo.,,El vigilante revisó las mochilas a la entrada del concierto.,The guard checked the backpacks at the entrance to the concert.,
watchful,B2,adjective,vigilante,,,"Que vigila, observa o cuida.",,Siempre está muy vigilante cuando sus hijos juegan en la calle.,He is always very watchful when his children play in the street.,
monitor,B2,verb,vigilar,,,Observar con atención a alguien o algo para controlarlo o protegerlo.,,La policía debe vigilar las calles por la noche.,The police must monitor the streets at night.,
bond,B2,masculine,vínculo,,,Unión o lazo que relaciona personas o cosas; atadura jurídica o afectiva.,,Entre ambos surgió un vínculo fuerte gracias a las experiencias que compartieron en el viaje.,A strong bond arose between the two of them thanks to the experiences they shared on the trip.,
violation,B2,feminine,violación,,,Delito contra la libertad sexual.,,Hubo una violación de las normas del concurso.,There was a violation of the contest rules.,
violate,B2,verb,violar,,,Cometer una violación.,,No se puede violar la privacidad de las personas.,You cannot violate people’s privacy.,
violence,B2,feminine,violencia,,,Uso de la fuerza para causar daño.,,La violencia urbana se combate con políticas sociales eficaces.,Urban violence is tackled with effective social policies.,
violent,B2,adjective,violento,,,Que actúa con violencia.,,La película fue demasiado violenta para menores de 16 años.,The film was too violent for viewers under 16.,
virtual,B2,adjective,virtual,,,Que existe en un entorno digital.,,La reunión fue virtual para facilitar la participación internacional.,The meeting was virtual to facilitate international participation.,
virtue,B2,feminine,virtud,,,Cualidad positiva de una persona.,,La generosidad es una virtud que fortalece la convivencia.,Generosity is a virtue that strengthens coexistence.,
vision,B2,feminine,visión,,,Capacidad de ver o imaginar.,,Su visión de futuro incluye una sociedad más equitativa.,Her vision of the future includes a more equitable society.,
visual,B2,adjective,visual,,,Relacionado con la vista.,,El lenguaje visual del cortometraje transmite el mensaje sin necesidad de palabras.,The visual language of the short film conveys the message without the need for words.,
voter,B2,masculine,vocal,,,Sonido de las letras que se pronuncian con voz.,,Cada vocal ejerce una influencia distinta en la fonética de la palabra.,Each vowel has a different influence in the word’s phonetics.,
"will, willpower",B2,feminine,voluntad,,,Deseo o intención de hacer algo.,,Tuvo la voluntad de seguir adelante pese a todo.,He had the will to keep going despite everything.,
voluntarily,B2,adverb,voluntariamente,,,De manera voluntaria y sin obligación.,,"Firmó el documento voluntariamente, sin presión alguna.","He signed the document voluntarily, without any pressure.",
voting,B2,feminine,votación,,,Proceso de votar.,,El vocal del partido defendió la importancia del voto juvenil.,The party’s representative defended the importance of the youth vote.,
vulnerable,B2,adjective,vulnerable,,,Que puede ser dañado con facilidad.,,Las personas mayores son más vulnerables en situaciones de emergencia.,Older people are more vulnerable in emergency situations.,
abdicate,C,verb,abdicar,,,Renunciar a un cargo o poder.,,El rey decidió abdicar en favor de su hijo.,The king decided to abdicate in favor of his son.,
advocacy,C,feminine,abogacía,,,Actividad profesional del abogado y ejercicio de la defensa jurídica.,,La abogacía requiere una formación especializada y ética profesional.,The advocacy profession requires specialized training and professional ethics.,
advocate,C,verb,abogar,,,Defender una causa.,,El abogado decidió abogar por los derechos de los refugiados en el juicio internacional.,The lawyer decided to advocate for the refugees’ rights in the international trial.,
"absolve, acquit",C,verb,absolver,,,Perdonar una culpa o delito.,,El tribunal supremo resolvió absolver al acusado por falta de pruebas concluyentes.,The supreme court decided to acquit the defendant due to lack of conclusive evidence.,
refrain,C,verb,abstenerse,,,Privarse voluntariamente de algo.,,Debes abstenerte de opinar si no conoces todos los detalles del asunto.,You should refrain from giving an opinion if you don’t know all the details.,
abstraction,C,feminine,abstracción,,,Idea que no es concreta.,,El artista creó una obra basada en la pura abstracción.,The artist created a work based on pure abstraction.,
"bulky, thick, swollen",C,adjective,abultado,,,Que tiene bultos o sobresale.,,El paquete tenía un aspecto abultado y pesado.,The package had a bulky and heavy appearance.,
cause to bulge,C,verb,abultar,,,Ocupar espacio con volumen.,,El calor hizo abultar la tapa del recipiente.,The heat caused the container lid to bulge.,
access something,C,verb,accesar,,LA,Entrar o acceder.,,"Para acceder a ciertos archivos internos, es necesario accesar con credenciales especiales.","To access certain internal files, it’s necessary to log in with special credentials.",
operation,C,masculine,accionamiento,,,Mecanismo que hace funcionar algo.,,El accionamiento del sistema hidráulico requiere una revisión técnica periódica.,The operation of the hydraulic system requires periodic technical inspection.,
"enact, put into motion",C,verb,accionar,,,Poner en movimiento un mecanismo.,,El gobierno planea accionar un nuevo plan de emergencia en caso de desastre natural.,The government plans to put a new emergency plan into motion in case of natural disaster.,
condition,C,verb,acondicionar,,,Poner en buenas condiciones.,,Vamos a acondicionar el local para convertirlo en una sala de conferencias.,We’re going to condition the space to turn it into a conference room.,
grieve,C,verb,acongojar,,,Causar gran angustia.,,La noticia logró acongojar profundamente a toda la comunidad.,The news deeply grieved the entire community.,
battleship,C,masculine,acorazado,,,Buque de guerra protegido con blindaje.,,El acorazado permaneció en la bahía como parte del ejercicio militar naval.,The battleship remained in the bay as part of the naval military exercise.,
increase,C,verb,acrecer,,,Aumentar en tamaño o cantidad.,,Queremos acrecer la calidad de los servicios ofrecidos.,We want to increase the quality of the services offered.,
actuary,C,masculine,actuario,,,Funcionario de justicia que levanta actas.,,El actuario elaboró un informe detallado sobre los riesgos financieros de la empresa.,The actuary prepared a detailed report on the company’s financial risks.,
"garnish, flavor",C,verb,aderezar,,,Condimentar un alimento.,,Conviene aderezar la carne con hierbas frescas para potenciar su sabor.,It’s advisable to garnish the meat with fresh herbs to enhance its flavor.,
additionally,C,adverb,adicionalmente,,,"Además, de forma añadida.",,"Adicionalmente, se incluirán gráficos para facilitar la comprensión de los datos.","Additionally, graphs will be included to facilitate data understanding.",
"adoration, worship",C,feminine,adoración,,,Amor o veneración profunda hacia alguien o algo.,,La adoración ancestral del pueblo por su deidad se manifestaba en rituales cargados de simbolismo y canto.,The people’s ancestral adoration for their deity was expressed through rituals full of symbolism and song.,
on purpose,C,adverb,adrede,,,De manera intencionada.,,Lo hizo adrede para provocar una reacción.,He did it on purpose to provoke a reaction.,
"adulation, flattery",C,feminine,adulación,,,Halago excesivo e interesado.,,Sus palabras estaban llenas de adulación hacia el director.,His words were full of flattery toward the director.,
aircraft,C,feminine,aeronave,,,"Vehículo que vuela, como un avión o helicóptero.",,La aeronave despegó pese a las malas condiciones meteorológicas.,The aircraft took off despite the bad weather conditions.,
aggregation,C,feminine,agregación,,,Acción de reunir o añadir algo.,,La agregación de datos debe seguir criterios estadísticos rigurosos.,The aggregation of data must follow rigorous statistical criteria.,
attaché,C,masculine,agregado,,,Lo que se suma o incorpora.,,El agregado cultural organizó la exposición en la galería de arte.,The cultural attaché organized the exhibition at the art gallery.,
jellyfish,C,feminine,aguaviva,,LA,Medusa.,,La picadura de una aguaviva puede ser muy dolorosa si no se trata a tiempo.,A jellyfish sting can be very painful if not treated in time.,
isolationism,C,masculine,aislacionismo,,,Doctrina que defiende el aislamiento político o económico.,,El aislacionismo político puede afectar gravemente las relaciones internacionales.,Political isolationism can seriously affect international relations.,
insulating,C,adjective,aislador,,,Que aísla o sirve para separar.,,El material aislador evita la pérdida de calor en el sistema.,The insulating material prevents heat loss in the system.,
bracelet,C,feminine,ajorca,,,Aro pequeño usado como adorno.,,La reina llevaba una ajorca de oro decorada con piedras preciosas.,The queen wore a gold bracelet decorated with precious stones.,
adjustment,C,masculine,ajustamiento,,,Acción de ajustar o resultado de ello.,,El ajustamiento del sistema requiere precisión técnica.,The system’s adjustment requires technical precision.,
alarmingly,C,adverb,alarmantemente,,,De forma que causa alarma o preocupación.,,"La situación económica está alarmantemente deteriorada, según los últimos informes.","The economic situation is alarmingly deteriorated, according to recent reports.",
"alarm, alert",C,verb,alarmar,,,Causar alarma o inquietud.,,El sistema de seguridad comenzó a alarmar tras detectar movimientos extraños.,The security system started to alert after detecting strange movements.,
will,C,masculine,albedrío,,,Capacidad de actuar según la propia voluntad.,,"El ser humano no siempre actúa por libre albedrío, sino condicionado por su entorno.","Human beings do not always act out of free will, but conditioned by their environment.",
"host, shelter, house",C,verb,albergar,,,Dar alojamiento o cobijo.,,Este centro cultural puede albergar hasta cien personas para eventos artísticos.,This cultural center can shelter up to a hundred people for artistic events.,
"dawn, whiteness",C,masculine,albor,,,"Inicio o amanecer de un proceso, suceso o época.",,El albor de la revolución despertó pasiones encontradas en toda la población.,The dawn of the revolution awakened conflicting passions throughout the population.,
reachable,C,adjective,alcanzable,,,Que se puede alcanzar.,,"El objetivo debe ser alcanzable, aunque represente un desafío.","The goal must be reachable, even if it represents a challenge.",
"jewel, gem",C,feminine,alhaja,,,Joya de gran valor.,,Esa alhaja fue heredada de generación en generación.,That jewel was passed down from generation to generation.,
ally,C,verb,aliar,,,Unirse con otro para un fin común.,,Los países decidieron aliarse para enfrentar la crisis energética.,The countries decided to ally to face the energy crisis.,
"dress, flavor",C,verb,aliñar,,,"Aderezar, condimentar.",,Vamos a aliñar la ensalada con aceite de oliva virgen extra.,Let’s dress the salad with extra virgin olive oil.,
smooth,C,verb,alisar,,,Hacer que una superficie se vuelva lisa y sin irregularidades.,,El escultor logró alisar la superficie de la piedra hasta que brilló con un acabado perfecto.,The sculptor managed to smooth the surface of the stone until it shone with a perfect finish.,
storable,C,adjective,almacenable,,,Que se puede almacenar.,,El gas es una fuente de energía almacenable y versátil.,Gas is a storable and versatile energy source.,
train,C,verb,amaestrar,,,Enseñar y adiestrar a un animal.,,El entrenador logró amaestrar al perro en solo dos semanas.,The trainer managed to train the dog in just two weeks.,
environmentalism,C,masculine,ambientalismo,,LA,Movimiento en defensa del medio ambiente.,,El ambientalismo es fundamental para afrontar los retos del cambio climático.,Environmentalism is essential to face the challenges of climate change.,
ambiguity,C,feminine,ambigüedad,,,Doble sentido o falta de claridad.,,La ambigüedad del mensaje generó confusión entre los participantes.,The ambiguity of the message caused confusion among the participants.,
ambiguous,C,adjective,ambiguo,,,Que tiene más de una interpretación.,,El lenguaje utilizado en la ley es demasiado ambiguo.,The language used in the law is too ambiguous.,
amplitude,C,feminine,amplitud,,,Extensión o capacidad de algo en el espacio.,,La amplitud del salón permite organizar grandes eventos.,The amplitude of the hall allows large events to be organized.,
anatomically,C,adverb,anatómicamente,,,De manera relativa a la anatomía.,,La figura fue representada anatómicamente con un nivel de precisión que revela un profundo conocimiento médico-artístico.,The figure was represented anatomically with a level of precision that reveals profound medical-artistic knowledge.,
precedence,C,feminine,anterioridad,,,Hecho de que algo ocurra antes que otra cosa en el tiempo.,,La anterioridad del documento es importante para el trámite.,The precedence of the document is important for the procedure.,
antisemitic,C,adjective,antisemita,,,Contrario a los judíos.,,Ese comentario tuvo un tono claramente antisemita.,That comment had a clearly antisemitic tone.,
antisemitism,C,masculine,antisemitismo,,,Doctrina o actitud de hostilidad hacia los judíos.,,El antisemitismo debe ser condenado con firmeza en cualquier sociedad.,Antisemitism must be firmly condemned in any society.,
leverage,C,masculine,apalancamiento,,,Uso de capital o crédito para multiplicar la capacidad de inversión.,,El excesivo apalancamiento financiero de la empresa acabó desencadenando una crisis de liquidez insostenible.,The company’s excessive financial leveraging ended up triggering an unsustainable liquidity crisis.,
arrange,C,verb,aparar,,,Parar o detener un golpe.,,El orador intentó aparar sus ideas de manera clara en el debate.,The speaker tried to arrange his ideas clearly in the debate.,
applicable,C,adjective,aplicable,,,Que se puede aplicar.,,La cláusula no es aplicable a este caso específico.,The clause is not applicable to this specific case.,
appropriately,C,adverb,apropiadamente,,,De manera adecuada.,,El discurso fue apropiadamente formal para la ocasión.,The speech was appropriately formal for the occasion.,
tariff,C,adjective,arancelario,,,Relacionado con los aranceles o impuestos de aduana.,,El acuerdo arancelario afecta a varios sectores industriales.,The tariff agreement affects several industrial sectors.,
archipelago,C,masculine,archipiélago,,,Conjunto de islas.,,Visitamos un archipiélago con más de veinte islas volcánicas.,We visited an archipelago with more than twenty volcanic islands.,
arid,C,adjective,árido,,,"Que es muy seco, con poca humedad o sin vegetación.",,El paisaje árido dificultaba la vida de los agricultores.,The arid landscape made farmers’ lives difficult.,
architectural,C,adjective,arquitectural,,,Relacionado con la arquitectura.,,El diseño arquitectural del edificio fue premiado internacionalmente.,The architectural design of the building won international awards.,
rice field,C,masculine,arrozal,,,Terreno dedicado al cultivo de arroz.,,El arrozal necesita un sistema de riego constante para mantener la cosecha.,The rice field needs a constant irrigation system to maintain the crop.,
artistically,C,adverb,artísticamente,,,De manera relativa al arte.,,"La exposición fue artísticamente impresionante, con un uso magistral del color.","The exhibition was artistically impressive, with masterful use of color.",
assurance,C,masculine,aseguramiento,,,Acción de garantizar algo.,,El aseguramiento de la calidad es fundamental en este proceso.,Quality assurance is essential in this process.,
advisor,C,masculine,asesor,,,Persona que aconseja.,,El asesor financiero recomendó una estrategia de inversión conservadora.,The financial advisor recommended a conservative investment strategy.,
advice,C,masculine,asesoramiento,,,Acción de dar consejo especializado.,,El asesoramiento jurídico fue clave para resolver el conflicto.,The legal advice was key to resolving the conflict.,
advise,C,verb,asesorar,,,Dar consejo o guía en un tema.,,Un abogado debe asesorar con imparcialidad y precisión.,A lawyer must advise with impartiality and precision.,
aspiration,C,feminine,aspiración,,,Deseo intenso de conseguir algo o de lograr un objetivo.,,Su aspiración más profunda era contribuir de manera duradera al progreso de la humanidad.,His deepest aspiration was to contribute in a lasting way to the progress of humanity.,
tie,C,feminine,atadura,,,Cosa que sirve para atar o unir.,,El viajero sentía la atadura de sus responsabilidades familiares.,The traveler felt the tie of his family responsibilities.,
task,C,verb,atarear,,,Ocuparse en exceso de tareas.,,El exceso de trabajo logró atarearlo durante toda la semana.,The excessive workload kept him busy all week.,
velvety,C,adjective,aterciopelado,,,"Con una textura suave y agradable al tacto, semejante a la de ciertos tejidos finos.",,El vino dejó en la boca un regusto aterciopelado que sorprendió a los catadores más exigentes.,The wine left a velvety aftertaste in the mouth that surprised the most demanding tasters.,
attest,C,verb,atestiguar,,,Dar testimonio.,,El testigo puede atestiguar lo que ocurrió esa noche.,The witness can attest to what happened that night.,
atmospheric,C,adjective,atmosférico,,,Relacionado con la atmósfera o con el aire que la compone.,,El cambio atmosférico repentino alteró por completo las condiciones previstas para la expedición científica.,The sudden atmospheric change completely altered the expected conditions for the scientific expedition.,
torment,C,verb,atormentar,,,Causar tormento o sufrimiento.,,"La culpa parecía atormentarle día y noche, sin darle tregua.","The guilt seemed to torment him day and night, without giving him peace.",
authentically,C,adverb,auténticamente,,,De manera auténtica.,,El plato fue preparado auténticamente según la receta tradicional.,The dish was prepared authentically according to the traditional recipe.,
authenticity,C,feminine,autenticidad,,,Cualidad de ser auténtico.,,La autenticidad del documento fue verificada por expertos forenses.,The document’s authenticity was verified by forensic experts.,
self-determination,C,feminine,autodeterminación,,,Derecho de un pueblo a gobernarse a sí mismo.,,El derecho a la autodeterminación es fundamental en algunos movimientos sociales.,The right to self-determination is fundamental in some social movements.,
autoerotic,C,adjective,autoerótico,,,Relacionado con la excitación sexual provocada por uno mismo.,,El crítico describió la novela como una exploración autoerótica de la identidad femenina en la posmodernidad.,The critic described the novel as an autoerotic exploration of female identity in postmodernity.,
"endorse, support, back",C,verb,avalar,,,Respaldar o garantizar con aval.,,El partido decidió avalar al candidato en las elecciones.,The party decided to endorse the candidate in the elections.,
"embarass, shame",C,verb,avergonzar,,,Causar vergüenza.,,"No quería avergonzar a nadie con su comentario, pero fue inapropiado.","He didn't mean to embarrass anyone with his comment, but it was inappropriate.",
break down,C,verb,averiar,,,Causar daño o deterioro mecánico.,,El coche se volvió a averiar en medio de la autopista.,The car broke down again in the middle of the highway.,
battle,C,verb,batallar,,,Luchar en una batalla o conflicto.,,Llevan años batallando contra una enfermedad rara sin cura.,They’ve been battling a rare incurable disease for years.,
spleen,C,masculine,bazo,,,Órgano del sistema linfático situado en la parte superior izquierda del abdomen.,,El bazo ayuda a filtrar la sangre.,The spleen helps to filter the blood.,
"belicose, warlike",C,adjective,bélico,,,Relacionado con la guerra.,,"El discurso tenía un tono claramente bélico, propio de un contexto prebélico.","The speech had a clearly warlike tone, typical of a pre-war context.",
binary,C,adjective,binario,,,Que tiene dos partes u opciones.,,El sistema utiliza un código binario para procesar la información.,The system uses a binary code to process information.,
bigmouth,C,masculine,bocón,,,Persona que habla demasiado.,,"No seas bocón, no cuentes cosas que no te pertenecen.",Don’t be a bigmouth; don’t tell things that aren’t yours to tell.,
boycott,C,masculine,boicot,,,"Acción colectiva de no consumir, usar o participar en algo como forma de protesta.",,El sindicato organizó un boicot contra la nueva ley laboral.,The union organized a boycott against the new labor law.,
boycott,C,verb,boicotear,,,Llevar a cabo una acción de protesta consistente en rechazar participar en algo.,,Los estudiantes decidieron boicotear las clases como forma de protesta.,The students decided to boycott classes as a form of protest.,
gill,C,feminine,branquia,,,Órgano respiratorio de los peces y de algunos anfibios.,,El pez mostraba sus branquias abiertas mientras luchaba por obtener oxígeno.,The fish showed its gills open while struggling to get oxygen.,
abruptly,C,adverb,bruscamente,,,"De manera repentina, seca o violenta.",,El político abandonó la sala bruscamente al sentirse cuestionado por la prensa.,The politician abruptly left the room when questioned by the press.,
oral,C,adjective,bucal,,,Relacionado con la boca.,,El problema bucal requiere la intervención de un especialista en odontología.,The oral issue requires the intervention of a dental specialist.,
catch,C,verb,cachar,,,Atrapar o agarrar.,,El portero logró cachar el balón con una mano en el último segundo.,The goalkeeper managed to catch the ball with one hand at the last second.,
hunky,C,adjective,cachas,,,Que tiene los músculos desarrollados.,,"Después de meses de entrenamiento, está hecho unas buenas cachas.","After months of training, he’s become quite hunky.",
horny,C,adjective,cachondo,,,Que está excitado sexualmente o muy animado.,,"Ese comentario fue bastante cachondo, pero fuera de lugar en esa reunión.","That comment was pretty horny, but out of place in that meeting.",
channel,C,verb,canalizar,,,Dirigir algo a través de un canal.,,Es fundamental canalizar la energía hacia objetivos positivos.,It’s essential to channel energy toward positive goals.,
caramelize,C,verb,caramelizar,,,Convertir en caramelo mediante calor.,,Vamos a caramelizar la cebolla para darle más sabor.,We’re going to caramelize the onion to enhance the flavor.,
cardiology,C,feminine,cardiología,,,Especialidad médica que estudia el corazón.,,La cardiología ha avanzado mucho gracias a la investigación científica.,Cardiology has advanced greatly thanks to scientific research.,
cardiologist,C,masculine,cardiólogo,,,Médico especialista en cardiología.,,El cardiólogo recomendó un cambio en el estilo de vida del paciente.,The cardiologist recommended a change in the patient’s lifestyle.,
carnal,C,adjective,carnal,,,Relacionado con la carne o lo corporal.,,Las relaciones carnales entre los personajes revelan un trasfondo psicológico complejo.,The carnal relationships between the characters reveal a complex psychological background.,
fleshy,C,adjective,carnoso,,,Que tiene mucha carne o pulpa.,,El artista utilizó formas carnosas para evocar sensualidad en su escultura pública.,The artist used fleshy forms to evoke sensuality in his public sculpture.,
categorization,C,feminine,categorización,,,Acción de clasificar en categorías.,,La categorización de los documentos facilita el acceso a la información.,The categorization of the documents facilitates access to information.,
categorize,C,verb,categorizar,,,Clasificar en categorías.,,Vamos a categorizar los archivos según su nivel de confidencialidad.,We’re going to categorize the files according to their level of confidentiality.,
"caution, bail",C,feminine,caución,,,Garantía o fianza dada como seguridad.,,El acusado quedó en libertad tras pagar una caución.,The accused was released after paying bail.,
"caudillo, leader",C,masculine,caudillo,,,Jefe político o militar que ejerce el poder de manera fuerte o autoritaria.,,El caudillo gobernaba con mano firme.,The caudillo ruled with a firm hand.,
caveman,C,masculine,cavernícola,,,Hombre de la prehistoria que vivía en cuevas.,,El cavernícola utilizaba herramientas de piedra para cazar y defenderse.,The caveman used stone tools to hunt and defend himself.,
"key, small island",C,masculine,cayo,,,Islote bajo y arenoso en el mar.,,Navegamos entre los cayos del Caribe explorando pequeñas islas deshabitadas.,We sail among the Caribbean keys exploring small uninhabited islands.,
hunting ground,C,masculine,cazadero,,,Lugar destinado a la caza.,,Este terreno fue un cazadero real durante la Edad Media.,This land was a royal hunting ground during the Middle Ages.,
lisp,C,verb,cecear,,,Pronunciar la “s” con sonido de “z”.,,"Al aprender español, algunos niños comienzan a cecear de forma natural.","When learning Spanish, some children naturally start to lisp.",
lisp,C,masculine,ceceo,,,Acción o efecto de pronunciar con ceceo.,,El ceceo es una característica fonética del español peninsular.,The lisp is a phonetic feature of Peninsular Spanish.,
centralization,C,feminine,centralización,,,Proceso por el cual el poder se concentra en una sola autoridad.,,La centralización administrativa provocó tensiones políticas en las comunidades autónomas.,Administrative centralization caused political tensions in the autonomous communities.,
centralize,C,verb,centralizar,,,Concentrar la administración o gestión en un único centro.,,El gobierno intentó centralizar la gestión de los recursos energéticos para ganar eficiencia.,The government tried to centralize the management of energy resources to gain efficiency.,
dirty,C,adjective,cerdo,,,Relacionado con el cerdo.,,Ese comentario fue de muy mal gusto y bastante cerdo.,That comment was in very bad taste and quite dirty.,
cerebral,C,adjective,cerebral,,,Relacionado con el cerebro.,,Sufrió una lesión cerebral tras el accidente.,He suffered a brain injury after the accident.,
ceremonial,C,adjective,ceremonial,,,Relacionado con las ceremonias.,,Se celebró un acto ceremonial en el palacio.,A ceremonial event was held at the palace.,
ceremonially,C,adverb,ceremonialmente,,,De manera solemne o ritual.,,La pareja caminó ceremonialmente hacia el altar.,The couple walked ceremonially toward the altar.,
competition,C,masculine,certamen,,,"Competición, generalmente cultural, artística o deportiva.",,El escritor ganó un certamen literario muy prestigioso.,The writer won a very prestigious literary competition.,
bar,C,masculine,chiringo,,,Chiringuito pequeño o improvisado.,,Fuimos a tomar algo a un chiringo del barrio.,We went for a drink at a local dive bar.,
tipsy,C,adjective,chispo,,,Ligero estado de embriaguez.,,"Después de un par de copas, estaba algo chispo y hablador.","After a couple of drinks, he was a bit tipsy and talkative.",
"lord, master",C,masculine,cid,,,Título medieval otorgado a un caballero o señor de gran prestigio en la Península Ibérica.,,El Cid fue convertido en símbolo literario y político de la identidad castellana medieval.,El Cid was turned into a literary and political symbol of medieval Castilian identity.,
certainly,C,adverb,ciertamente,,,"Sin duda, con certeza.",,"Ciertamente, hay razones para estar preocupados.","Certainly, there are reasons to be concerned.",
circumstantial,C,adjective,circunstancial,,,Que depende de circunstancias concretas.,,El informe presenta una visión circunstancial de los hechos.,The report presents a circumstantial view of the facts.,
circumstantially,C,adverb,circunstancialmente,,,De manera dependiente de las circunstancias.,,El testigo explicó los eventos circunstancialmente.,The witness explained the events circumstantially.,
circumstantiate,C,verb,circunstanciar,,,Relacionar un hecho con las circunstancias.,,Es necesario circunstanciar cada elemento del informe.,It is necessary to circumstantiate each element of the report.,
civilize,C,verb,civilizar,,,Educar en valores considerados más avanzados o refinados.,,Las potencias coloniales justificaban su afán de civilizar como un pretexto para dominar.,The colonial powers justified their eagerness to civilize as a pretext for domination.,
"coca, cocaine",C,feminine,coca,,,Hoja de la planta de coca.,,"La coca tiene usos tradicionales en algunas culturas andinas, distintos del uso de la cocaína.","Coca has traditional uses in some Andean cultures, different from the use of cocaine.",
cocaine,C,feminine,cocaína,,,Droga estimulante obtenida de la coca.,,El consumo de cocaína tiene efectos severos sobre el sistema nervioso central.,Cocaine use has severe effects on the central nervous system.,
kale,C,feminine,col rizada,,,Variedad de col con hojas muy rizadas y de color verde intenso.,,La col rizada tiene muchas vitaminas.,Kale has a lot of vitamins.,
high,C,adjective,colocado,,,Que está en un lugar fijo o dispuesto de cierta manera.,,Estaba completamente colocado después de fumar.,He was completely high after smoking.,
coordinate,C,verb,compaginar,,,Hacer compatibles actividades o tareas.,,Tenemos que compaginar nuestros horarios para poder reunirnos.,We need to coordinate our schedules so we can meet.,
complexity,C,feminine,complejidad,,,Carácter complejo o difícil de algo.,,La complejidad del sistema jurídico exige una formación especializada.,The complexity of the legal system requires specialized training.,
"commitment, compromise",C,masculine,comprometimiento,,,Acción o efecto de comprometerse.,,Su comprometimiento con la causa fue admirable.,His commitment to the cause was admirable.,
compute,C,verb,computar,,,Calcular o contabilizar mediante procesos matemáticos.,,El programa puede computar millones de operaciones por segundo.,The program can compute millions of operations per second.,
calculation,C,masculine,cómputo,,,Resultado de contar o calcular una cantidad total.,,El cómputo final de votos reveló una tendencia inesperada en las elecciones.,The final count of votes revealed an unexpected trend in the elections.,
commune,C,feminine,comuna,,,Entidad territorial pequeña o comunidad organizada.,,La comuna organizó una asamblea abierta para discutir los nuevos proyectos sociales.,The commune organized an open assembly to discuss new social projects.,
commonly,C,adverb,comúnmente,,,De manera habitual o normal.,,"Ese comportamiento es comúnmente aceptado en contextos informales, pero no en el profesional.","That behavior is commonly accepted in informal settings, but not in professional ones.",
concave,C,adjective,cóncavo,,,"Que tiene la superficie curvada hacia dentro, como el interior de una esfera.",,El espejo tenía un diseño cóncavo que distorsionaba la imagen de forma fascinante.,The mirror had a concave design that distorted the image in a fascinating way.,
conceptual,C,adjective,conceptual,,,Relacionado con conceptos o ideas.,,Se requiere una estructura conceptual clara para desarrollar un argumento filosófico.,A clear conceptual structure is required to develop a philosophical argument.,
conceptualization,C,feminine,conceptualización,,,Acción de formar un concepto.,,La conceptualización del proyecto fue compleja y requirió varias reuniones.,The conceptualization of the project was complex and required several meetings.,
conceptualize,C,verb,conceptualizar,,,Formar o elaborar conceptos.,,El autor intentó conceptualizar la idea de libertad desde una perspectiva existencial.,The author tried to conceptualize the idea of freedom from an existential perspective.,
concern,C,verb,concernir,,,Tener relación o importar a alguien.,,Ese asunto no me concierne directamente.,That matter does not concern me directly.,
"condition, acclimate",C,verb,condicionar,,,Imponer condiciones o influir en algo.,,Vamos a condicionar el espacio para que pueda usarse como sala multifuncional.,We’re going to condition the space so it can be used as a multipurpose room.,
"confidence, trust",C,feminine,confidencia,,,Confianza o secreto compartido con alguien.,,Compartió una confidencia que había guardado durante años.,She shared a confidence she had kept for years.,
confidentiality,C,feminine,confidencialidad,,,Condición de mantener en secreto determinada información sensible.,,El contrato incluye una cláusula estricta de confidencialidad que limita la divulgación de datos sensibles.,The contract includes a strict confidentiality clause that limits the disclosure of sensitive data.,
conflictual,C,adjective,conflictual,,,Que genera o está relacionado con conflictos.,,La situación política actual es altamente conflictual.,The current political situation is highly conflictual.,
compliance,C,feminine,conformidad,,,Aceptación o acuerdo con una norma o situación.,,El informe confirma la conformidad con las normas europeas.,The report confirms compliance with European standards.,
comfortably,C,adverb,confortablemente,,,De manera cómoda y agradable.,,Se sentó confortablemente en el sillón junto al fuego.,He sat comfortably in the armchair by the fire.,
comfort,C,verb,confortar,,,Dar consuelo o alivio a alguien.,,Intentaron confortar a la familia tras la tragedia.,They tried to comfort the family after the tragedy.,
grief,C,feminine,congoja,,,Tristeza profunda o angustia.,,Sentí una congoja imposible de explicar al leer la carta.,I felt a grief impossible to explain when reading the letter.,
jointly,C,adverb,conjuntamente,,,"De manera conjunta, en unión con otros.",,Los dos países trabajaron conjuntamente en el proyecto de investigación.,The two countries worked jointly on the research project.,
consequential,C,adjective,consecuente,,,Que es resultado lógico de una causa o hecho anterior.,,Su actitud fue la reacción consecuente a años de promesas incumplidas.,His attitude was the consequent reaction to years of unfulfilled promises.,
consequently,C,adverb,consecuentemente,,,De manera lógica como consecuencia de algo.,,"Se tomaron decisiones apresuradas y, consecuentemente, surgieron varios problemas legales.","Hasty decisions were made and, consequently, several legal problems arose.",
consensus,C,masculine,consenso,,,Acuerdo general entre varias personas.,,Llegaron a un consenso tras largas negociaciones.,They reached a consensus after long negotiations.,
consistently,C,adverb,consistentemente,,,De forma coherente o estable.,,El equipo ha trabajado consistentemente durante todo el año.,The team has worked consistently throughout the year.,
consolidate,C,verb,consolidar,,,Fortalecer o dar firmeza a algo.,,El gobierno quiere consolidar su poder en la región.,The government wants to consolidate its power in the region.,
conspiracy,C,feminine,conspiración,,,Plan secreto contra algo o alguien.,,La policía descubrió una conspiración contra el presidente.,The police uncovered a conspiracy against the president.,
perseverance,C,feminine,constancia,,,Perseverancia y firmeza en la realización de un propósito.,,"Gracias a su constancia, logró terminar el maratón.","Thanks to his perseverance, he managed to finish the marathon.",
complete,C,verb,consumar,,,"Llevar a cabo o completar una acción, especialmente un acto solemne.",,Lograron consumar el acuerdo final.,They managed to complete the final agreement.,
contemporarily,C,adverb,contemporáneamente,,,En la misma época que otra persona o acontecimiento.,,El escritor vivió contemporáneamente a los grandes pensadores de la Ilustración.,The writer lived contemporaneously with the great thinkers of the Enlightenment.,
outline,C,verb,contornear,,,Seguir o marcar un contorno.,,El artista decidió contornear cada figura con tinta negra para darles más profundidad.,The artist decided to outline each figure in black ink to give them more depth.,
counterweight,C,masculine,contrapeso,,,Peso que sirve para equilibrar otro.,,El nuevo impuesto sirve de contrapeso a los beneficios de las empresas.,The new tax serves as a counterweight to company profits.,
counterpoint,C,masculine,contrapunto,,,Elemento musical o argumental que contrasta con otro.,,El contrapunto entre tradición y modernidad en el diseño arquitectónico resultó sorprendentemente armonioso.,The counterpoint between tradition and modernity in architectural design turned out surprisingly harmonious.,
conventional,C,adjective,convencional,,,De acuerdo con normas o costumbres establecidas.,,La medicina alternativa aún no es tan aceptada como la convencional.,Alternative medicine is still not as accepted as conventional medicine.,
conveniently,C,adverb,convenientemente,,,De manera adecuada o útil.,,Los documentos fueron convenientemente archivados por fecha.,The documents were conveniently filed by date.,
cooperative,C,adjective,cooperativo,,,Que coopera o ayuda.,,El equipo mostró un espíritu altamente cooperativo durante el proyecto.,The team showed a highly cooperative spirit during the project.,
copious,C,adjective,copioso,,,Muy abundante.,,El autor ofreció una copiosa explicación de su teoría.,The author gave a copious explanation of his theory.,
courageous,C,adjective,corajudo,,,Que demuestra valor o coraje.,,Demostró ser un hombre corajudo al enfrentarse solo a la injusticia institucional.,He proved to be a brave man by standing up alone to institutional injustice.,
credibly,C,adverb,creíblemente,,,De manera que se inspira confianza y resulta creíble.,,"El acusado relató los hechos de manera creíblemente detallada, lo que generó dudas en el jurado.","The defendant recounted the events in a credibly detailed way, which raised doubts among the jury.",
crystrallize,C,verb,cristalizar,,,Convertirse en cristal o tomar forma definida.,,El agua empezó a cristalizar por el frío.,The water began to crystallize due to the cold.,
cruising,C,masculine,cruising,,,Práctica de tener encuentros sexuales anónimos en lugares públicos.,,Ese parque es conocido por el cruising nocturno.,That park is known for nighttime cruising.,
qualify,C,verb,cualificar,,,Dar la preparación necesaria para ser apto.,,"Para ejercer como traductor oficial, es necesario cualificar mediante un examen estatal.","To work as an official translator, it is necessary to qualify through a state exam.",
squat,C,feminine,cuclilla,,,Posición agachada con las rodillas flexionadas.,,Se puso en cuclillas para observar mejor el insecto.,She squatted to better observe the insect.,
scalp,C,masculine,cuero cabelludo,,,"Piel que cubre la parte superior de la cabeza, donde crece el pelo.",,El cuero cabelludo necesita hidratación.,The scalp needs hydration.,
compliance,C,masculine,cumplimiento,,,Acción de respetar y cumplir una norma o un acuerdo.,,El estricto cumplimiento de la normativa europea garantiza la calidad del producto.,Strict compliance with European regulations guarantees the quality of the product.,
curiously,C,adverb,curiosamente,,,De manera que despierta interés o asombro.,,"Curiosamente, la obra transmitía un mensaje profundo sin recurrir a palabras literales, solo imágenes.","Curiously, the work conveyed a deep message without using literal words, only images.",
harmful,C,adjective,dañoso,,,Que causa daño.,,El uso prolongado de ese producto puede ser dañoso.,Prolonged use of that product can be harmful.,
date,C,verb,datar,,,Indicar la fecha de algo.,,El manuscrito encontrado se puede datar en el siglo doce.,The manuscript found can be dated to the twelfth century.,
hence,C,adverb,de ahí que,,,Expresión usada para introducir una consecuencia o una explicación.,,"La demanda superó con creces la oferta, de ahí que los precios se dispararan.","Demand far exceeded supply, hence prices skyrocketed.",
on purpose,C,adverb,de propósito,,,De forma intencionada.,,"Hizo ese comentario hiriente claramente de propósito, sabiendo el daño que causaría.","He made that hurtful comment clearly on purpose, knowing the damage it would cause.",
suddenly,C,adverb,de súbito,,,"De repente, sin aviso.",,"De súbito, el viento cambió de dirección, trayendo consigo un olor extraño.","Suddenly, the wind changed direction, bringing a strange smell with it.",
decisively,C,adverb,decisivamente,,,De manera firme y resolutiva.,,Respondió decisivamente ante la crítica.,He responded decisively to the criticism.,
declarative,C,adjective,declarativo,,,Que declara o afirma algo.,,El texto tiene una estructura declarativa muy marcada.,The text has a very marked declarative structure.,
"appropriateness, proper behavior",C,masculine,decoro,,,"Conducta que demuestra respeto, corrección y decencia en la vida social.",,El diplomático defendió su postura con el decoro que exigía la ocasión solemne.,The diplomat defended his position with the decorum that the solemn occasion required.,
dedicatory,C,adjective,dedicatorio,,,Que expresa dedicación o está destinado a ser una dedicatoria.,,El texto tiene un tono dedicatorio muy personal.,The text has a very personal dedicatory tone.,
taste,C,verb,degustar,,,Probar un alimento o bebida para apreciar su sabor.,,En la cata de vinos pudimos degustar varias variedades locales.,At the wine tasting we were able to sample several local varieties.,
abandonment,C,feminine,dejación,,,Abandono voluntario de un derecho o responsabilidad.,,La dejación de funciones por parte del comité provocó una crisis administrativa.,The abandonment of responsibilities by the committee caused an administrative crisis.,
"sloppy, lax",C,adjective,dejado,,,Descuidado o falto de atención.,,El informe fue rechazado por su estilo dejado y la falta de precisión.,The report was rejected due to its sloppy style and lack of accuracy.,
delight,C,verb,deleitar,,,Producir placer o disfrute.,,La música clásica puede deleitar a cualquier oyente.,Classical music can delight any listener.,
delight,C,masculine,deleite,,,Sensación placentera o gozo.,,Leer ese libro fue un verdadero deleite.,Reading that book was a true delight.,
thinness,C,feminine,delgadez,,,Estado de ser delgado.,,La delgadez extrema de las esculturas contrastaba con la robustez de los materiales utilizados.,The extreme thinness of the sculptures contrasted with the robustness of the materials used.,
delirious,C,adjective,delirante,,,Que delira o presenta alucinaciones.,,"En un estado delirante, comenzó a hablar de conspiraciones imposibles.","In a delirious state, he started talking about impossible conspiracies.",
"delude, fool",C,verb,deludir,,,Engañar o desilusionar.,,Intentó deludir al jurado con falsas declaraciones y gestos calculados.,He tried to deceive the jury with false statements and calculated gestures.,
density,C,feminine,densidad,,,Relación entre la masa y el volumen de un cuerpo; abundancia de algo en un espacio.,,"La densidad poblacional de la cuenca, combinada con una planificación urbana deficiente, ha tensionado hasta el límite los servicios públicos.","The population density of the basin, combined with poor urban planning, has stretched public services to the limit.",
teethe,C,verb,dentar,,,Formar dientes o poner dentadura.,,El bebé empezó a dentar y no deja de morderlo todo.,The baby started teething and bites everything.,
deportation,C,feminine,deportación,,,Expulsión de alguien de un país.,,La deportación fue ordenada por las autoridades migratorias.,The deportation was ordered by immigration authorities.,
deport,C,verb,deportar,,,Expulsar a una persona de un país.,,El gobierno decidió deportar al extranjero por no tener papeles.,The government decided to deport the foreigner for lacking papers.,
combat sport,C,masculine,deporte de combate,,,Actividad física de lucha o combate.,,El boxeo es un deporte de combate muy exigente.,Boxing is a very demanding combat sport.,
depreciate,C,verb,depreciar,,,Quitar valor a algo.,,La moneda empezó a depreciar tras la crisis financiera.,The currency began to depreciate after the financial crisis.,
derive,C,verb,derivar,,,Proceder o provenir de algo.,,Muchos términos científicos derivan del latín.,Many scientific terms derive from Latin.,
displeasure,C,masculine,desagrado,,,"Sensación de disgusto, repulsión o rechazo hacia algo.",,Expresó su desagrado con una mirada.,He expressed his displeasure with a look.,
developer,C,masculine,desarrollador,,,"Persona que crea o desarrolla proyectos, especialmente de software.",,El desarrollador presentó una nueva aplicación innovadora.,The developer presented a new innovative app.,
unease,C,masculine,desasosiego,,,Inquietud o falta de calma interior.,,Sentí un profundo desasosiego al entrar en la casa vacía y en silencio.,I felt a deep unease upon entering the empty and silent house.,
overflow,C,verb,desbordar,,,Rebasar un límite o desbordarse.,,"En ciertas estaciones, los ríos tienden a desbordarse debido a lluvias torrenciales imprevistas.","In certain seasons, rivers tend to overflow due to unexpected torrential rains.",
decomposition,C,feminine,descomposición,,,Acción y efecto de descomponer o deshacerse en partes.,,La descomposición del metal fue acelerada por la exposición constante a la humedad.,The decomposition of the metal was accelerated by constant exposure to humidity.,
"unhappy, discontented",C,adjective,descontento,,,Que muestra disgusto o insatisfacción.,,Se mostró descontento con las decisiones de la empresa.,He showed himself discontented with the company’s decisions.,
disdain,C,masculine,desdén,,,Desprecio o indiferencia.,,Habló con un tono de desdén que ofendió a todos los presentes.,He spoke with a tone of disdain that offended everyone present.,
untie,C,verb,desenlazar,,,Separar lo que estaba enlazado.,,Es necesario desenlazar estos temas para analizarlos por separado.,It is necessary to untie these topics to analyze them separately.,
disinhibition,C,feminine,desinhibición,,,Pérdida de inhibiciones sociales o personales.,,El ambiente favorecía la desinhibición de los participantes.,The atmosphere encouraged the participants’ disinhibition.,
uninstallation,C,feminine,desinstalación,,,Acción de quitar un programa o sistema instalado.,,La desinstalación del programa causó varios errores.,The program uninstallation caused several errors.,
uninstall,C,verb,desinstalar,,,Quitar un programa o sistema de un ordenador o dispositivo.,,Debes desinstalar el software antes de volver a instalarlo.,You must uninstall the software before reinstalling it.,
disproportionate,C,adjective,desproporcionado,,,Que no guarda proporción adecuada.,,La crítica consideró desproporcionado el uso excesivo de efectos visuales en la película.,The critic found the excessive use of visual effects in the film disproportionate.,
notably,C,adverb,destacablemente,,,De forma destacada o notable.,,El evento fue destacablemente organizado y sin contratiempos.,The event was notably well-organized and without setbacks.,
diagram,C,verb,diagramar,,,Elaborar o representar algo mediante un diagrama.,,Voy a diagramar el proceso en la pizarra.,I’m going to diagram the process on the board.,
God willing,C,interjection,Dios mediante,,,Expresión con la que se confía en que algo ocurrirá si Dios lo permite.,,"Dios mediante, la obra quedará concluida antes de que empiece el invierno.","God willing, the work will be finished before winter begins.",
diplomatically,C,adverb,diplomáticamente,,,De manera diplomática o con tacto.,,Respondió diplomáticamente para evitar tensiones.,He responded diplomatically to avoid tension.,
handicap,C,verb,discapacitar,,,Causar en una persona una disminución de sus capacidades físicas o mentales.,,Un accidente puede discapacitar a una persona de por vida.,An accident can handicap a person for life.,
"devise, reason, think",C,verb,discurrir,,,Transcurrir o discurrir en el tiempo o en una idea.,,"Tras analizar los datos, comenzó a discurrir una estrategia basada en evidencias históricas.","After analyzing the data, he began to devise a strategy based on historical evidence.",
dissent,C,feminine,disidencia,,,Oposición o desacuerdo con una autoridad o sistema.,,La disidencia política fue reprimida con dureza.,Political dissent was harshly repressed.,
dissolution,C,feminine,disolución,,,Separación de los elementos que formaban una unión o institución.,,La disolución del parlamento fue inesperada.,The dissolution of parliament was unexpected.,
détente,C,feminine,distensión,,,Relajación de la tensión en las relaciones políticas o sociales.,,Los países firmaron un acuerdo de distensión.,The countries signed a détente agreement.,
dystopia,C,feminine,distopía,,,Sociedad ficticia en la que predomina la opresión y el sufrimiento.,,La novela presenta una visión oscura de una distopía tecnológica.,The novel presents a dark vision of a technological dystopia.,
dystopian,C,adjective,distópico,,,Relacionado con la distopía.,,El relato distópico refleja una sociedad dominada por el control total.,The dystopian story depicts a society dominated by total control.,
distortion,C,feminine,distorsión,,,Alteración o deformación de la forma original de algo.,,La distorsión deliberada de la realidad en el montaje audiovisual buscaba generar incomodidad en el espectador.,The deliberate distortion of reality in the audiovisual montage aimed to make the viewer uncomfortable.,
indoctrinate,C,verb,doctrinar,,,Enseñar o inculcar una doctrina.,,El régimen intentó doctrinar a la población desde la infancia.,The regime tried to indoctrinate the population from childhood.,
domestication,C,feminine,domesticación,,,Proceso mediante el cual los animales salvajes se adaptan a la vida con los humanos.,,La domesticación de los lobos marcó un hito decisivo en la historia de la humanidad.,The domestication of wolves marked a decisive milestone in the history of humanity.,
drone,C,masculine,"dron, drone",,,Aparato volador no tripulado controlado a distancia.,,El dron militar sobrevolaba la frontera recopilando información en tiempo real.,The military drone flew over the border collecting real-time information.,
electrification,C,feminine,electrificación,,,Proceso de dotar de electricidad a algo.,,La electrificación de las zonas rurales transformó radicalmente la vida cotidiana de sus habitantes.,The electrification of rural areas radically transformed the daily lives of their inhabitants.,
electrify,C,verb,electrificar,,,Aplicar energía eléctrica a algo.,,El ingeniero planea electrificar toda la red de transporte público el próximo año.,The engineer plans to electrify the entire public transport network next year.,
electron,C,masculine,electrón,,,Partícula subatómica con carga negativa.,,Cada electrón transporta una carga eléctrica fundamental para el funcionamiento de los dispositivos.,Each electron carries an electric charge that is fundamental for the functioning of devices.,
id,C,masculine,ello,,,Concepto psicoanalítico que designa la parte instintiva y primitiva de la mente.,,"El filósofo sostenía que todo conocimiento surge de la experiencia, y en ello basaba su sistema.","The philosopher maintained that all knowledge arises from experience, and on that he based his system.",
vessel,C,feminine,embarcación,,,Barco o nave que sirve para navegar.,,La embarcación navegaba lentamente hacia el puerto.,The vessel was slowly sailing toward the port.,
embargo,C,masculine,embargo,,,Retención de bienes por una deuda o disposición legal.,,El país impuso un embargo comercial a su vecino.,The country imposed a trade embargo on its neighbor.,
"embellish, beautify",C,verb,embellecer,,,Hacer que algo o alguien resulte más bello.,,El pintor decidió embellecer la fachada con murales que reflejan la historia local.,The painter decided to embellish the façade with murals that reflect local history.,
squatting,C,adverb,en cuclillas,,,En posición agachada con las rodillas flexionadas.,,"Estaba en cuclillas junto al fuego, calentándose las manos.","He was squatting by the fire, warming his hands.",
"in mass, en masse",C,adverb,en masa,,,Conjunto de personas actuando juntas.,,Las manifestaciones se organizaron en masa en defensa de los derechos humanos.,Protests were organized en masse in defense of human rights.,
ultimately,C,adverb,en última instancia,,,Expresión que indica el último recurso o la conclusión final.,,"En última instancia, la decisión dependía de la voluntad política del parlamento.","Ultimately, the decision depended on the political will of parliament.",
"series, chain, linking",C,masculine,encadenamiento,,,Acción de encadenar o estado de estar encadenado.,,El encadenamiento de ideas fue lógico y claro.,The linking of ideas was logical and clear.,
enchantingly,C,adverb,encantadoramente,,,De manera que resulta encantadora.,,El jardín estaba encantadoramente iluminado por luces tenues y discretas.,The garden was enchantingly lit with soft and discreet lights.,
enchantment,C,masculine,encantamiento,,,Hechizo o efecto mágico que produce admiración o fascinación.,,El encantamiento que rodeaba el antiguo palacio parecía surgir de un cuento de hadas medieval.,The enchantment surrounding the old palace seemed to come from a medieval fairy tale.,
thickening,C,masculine,engrosamiento,,,Aumento del grosor de algo.,,El engrosamiento de la capa de ozono preocupó a los climatólogos tras los informes globales.,The thickening of the ozone layer concerned climatologists following global reports.,
thicken,C,verb,engrosar,,,Hacer más grueso.,,"Para lograr el espesor deseado en la salsa, el chef añadió harina y dejó que la mezcla se engrosara lentamente.","To achieve the desired thickness in the sauce, the chef added flour and let the mixture thicken slowly.",
linkage,C,masculine,enlazamiento,,,Acción de enlazar o unir.,,El enlazamiento de los datos se realiza mediante un sistema seguro.,The linkage of the data is carried out through a secure system.,
"root, be rooted",C,verb,enraizar,,,Echar raíces o afianzarse en un lugar.,,"La identidad nacional está enraizada en la memoria colectiva, reforzada por ritos y símbolos.","National identity is rooted in collective memory, reinforced by rituals and symbols.",
route,C,verb,enrutar,,,Dirigir datos o señales a través de una ruta.,,Tenemos que enrutar el tráfico de datos por un servidor más seguro.,We have to route the data traffic through a more secure server.,
teacher,C,noun,enseñante,,,"Persona que enseña, maestro o profesor.",,Los derechos de los enseñantes fueron discutidos en el parlamento.,The rights of teachers were discussed in parliament.,
entity,C,feminine,entidad,,,"Organización o institución; también, ser que existe como unidad independiente.",,"La entidad reguladora impuso condiciones estrictas para autorizar la fusión, priorizando la competencia y la protección del consumidor.","The regulatory authority imposed strict conditions to authorize the merger, prioritizing competition and consumer protection.",
surrender,C,verb,entregarse,,,Dedicarse por completo a una causa o actividad.,,El espía decidió entregarse a las autoridades tras años de persecución internacional.,The spy decided to surrender to the authorities after years of international pursuit.,
wrapper,C,masculine,envoltorio,,,Papel u otro material con el que se cubre o protege un objeto.,,Tiró el envoltorio del caramelo a la papelera.,He threw the candy wrapper into the trash can.,
equity,C,feminine,equidad,,,Principio de justicia que busca un trato imparcial sin favorecer a ninguna de las partes.,,La equidad en el acceso a la educación sigue siendo un desafío en muchas sociedades.,Equity in access to education remains a challenge in many societies.,
mistakenly,C,adverb,equivocadamente,,,De manera incorrecta o equivocada.,,Equivocadamente interpretaron sus palabras como una crítica.,They mistakenly interpreted his words as a criticism.,
erect,C,adjective,erecto,,,Que está en posición vertical.,,El monumento tiene una figura claramente erecta en el centro.,The monument has a clearly erect figure in the center.,
erotic,C,adjective,erótico,,,Relacionado con el amor sexual.,,La película incluía libreto erótico ambientado en la belleza barroca de Roma.,The film included erotic script set against the baroque beauty of Rome.,
scandalize,C,verb,escandalizar,,,Provocar escándalo o indignación.,,La publicación religiosa escandalizó a la comunidad al desafiar los valores tradicionales.,The religious publication scandalized the community by challenging traditional values.,
shield,C,verb,escudar,,,"Protegerse usando un escudo, real o figurado.",,Intentó escudar sus errores culpando a otros.,He tried to shield his mistakes by blaming others.,
sculpt,C,verb,esculpir,,,Tallarlo o darle forma artística a un material duro como piedra o madera.,,El artista va a esculpir una figura en mármol.,The artist is going to sculpt a figure in marble.,
elusive,C,adjective,escurridizo,,,Que se desliza con facilidad o es difícil de atrapar.,,"Encontraron al animal escurridizo camuflado entre las rocas, apenas perceptible a simple vista.","They found the elusive animal camouflaged among the rocks, barely visible to the naked eye.",
"spectrum, spectre",C,masculine,espectro,,,"Conjunto de frecuencias o gama de algo, como la luz o el sonido.",,El espectro político abarca desde posturas moderadas hasta extremos radicales.,The political spectrum ranges from moderate to radical positions.,
thicken,C,verb,espesar,,,Hacer más espeso o denso.,,El cocinero explicó que para espesar el caldo se debía reducir lentamente con fuego bajo.,The cook explained that to thicken the broth it had to be slowly reduced on low heat.,
stably,C,adverb,establemente,,,De manera firme y constante.,,El sistema operó establemente incluso durante el pico de demanda nocturna.,The system operated stably even during the peak night demand.,
"seasonal, stationary",C,adjective,estacional,,,Relacionado con una estación del año.,,"La producción láctea sigue un patrón estacional, con picos en primavera y otoño.","Dairy production follows a seasonal pattern, with peaks in spring and autumn.",
seasonality,C,feminine,estacionalidad,,,Condición de depender de las estaciones.,,La estacionalidad del turismo afecta significativamente la economía costera.,The seasonality of tourism significantly affects the coastal economy.,
standardization,C,feminine,estandarización,,,Acción de uniformar según un estándar.,,La estandarización de procesos mejora la eficiencia empresarial.,Process standardization improves business efficiency.,
standardize,C,verb,estandarizar,,,Unificar o hacer que algo cumpla normas comunes.,,Quieren estandarizar los criterios de evaluación en todas las universidades.,They want to standardize evaluation criteria at all universities.,
static,C,adjective,estático,,,"Que no cambia, inmóvil.",,"La pintura mantenía una apariencia estática, como si el tiempo se hubiera detenido en ese instante.","The painting maintained a static appearance, as if time had stopped in that moment.",
status,C,masculine,estatus,,,Posición social o condición en la que se encuentra alguien en relación con otros.,,Su estatus social cambió con el nuevo empleo.,His social status changed with the new job.,
aesthetics,C,feminine,estética,,,Conjunto de principios o estilo en el arte y la belleza.,,"La estética del filme fusiona elementos barrocos con vanguardia minimalista, creando una experiencia sensorial única.","The aesthetic of the film merges Baroque elements with minimalist avant-garde, creating a unique sensory experience.",
stimulus,C,masculine,estímulo,,,"Aquello que incita o favorece una actividad, reacción o desarrollo.",,La exención fiscal actuó como estímulo decisivo para que las pymes invirtieran en innovación y formación.,The tax exemption acted as a decisive stimulus for SMEs to invest in innovation and training.,
stoicism,C,masculine,estoicismo,,,Doctrina filosófica que enseña a soportar el dolor o la adversidad con serenidad.,,El estoicismo enseña a aceptar el sufrimiento sin dejarse dominar por él.,Stoicism teaches us to accept suffering without being dominated by it.,
stoic,C,adjective,estoico,,,Que afronta dificultades con fortaleza y sin mostrar sufrimiento.,,Su carácter estoico le permitió sobrellevar la adversidad con una calma admirable.,His stoic character allowed him to endure adversity with admirable calm.,
crash,C,masculine,estruendo,,,Ruido muy fuerte y estruendoso.,,Escuchamos un estruendo en la distancia.,We heard a crash in the distance.,
ethereal,C,adjective,etéreo,,,Que parece irreal o pertenece a lo intangible.,,La fragilidad etérea de esos pétalos evoca la belleza efímera de la vida misma.,The ethereal fragility of those petals evokes the fleeting beauty of life itself.,
ethical,C,adjective,ético,,,Relacionado con los principios morales que guían la conducta humana.,,El dilema ético planteaba una tensión entre la justicia y la compasión.,The ethical dilemma posed a tension between justice and compassion.,
ethnicity,C,feminine,etnia,,,"Comunidad humana definida por afinidades culturales, históricas y, a veces, rasgos físicos comunes.",,"El informe, elaborado con rigor metodológico, denuncia la discriminación sistémica que sufre esta etnia en el acceso a la vivienda.","The report, prepared with methodological rigor, denounces the systemic discrimination this ethnic group suffers in access to housing.",
evoke,C,verb,evocar,,,Llamar a la memoria algo pasado.,,"El poema evocaba paisajes nocturnos y emociones resonantes, alertando al lector sin imponer verbalmente nada.","The poem evoked nocturnal landscapes and resonant emotions, alerting the reader without imposing anything verbally.",
exaggeratedly,C,adverb,exageradamente,,,De forma exagerada o excesiva.,,"El político reaccionó exageradamente ante una pregunta inocente, desviando la atención del tema central.","The politician reacted exaggeratedly to an innocent question, diverting attention from the main issue.",
experience,C,verb,experienciar,,,Vivir o experimentar algo directamente.,,El viajero pudo experienciar la auténtica vida rural al convivir con campesinos durante un mes.,The traveler was able to experience authentic rural life by living with farmers for a month.,
explicitly,C,adverb,explícitamente,,,De manera clara y explícita.,,Explicó explícitamente sus intenciones sin dejar lugar a dudas.,"He explained his intentions explicitly, leaving no room for doubt.",
summarize,C,verb,extractar,,,Extraer o seleccionar partes de un texto o información.,,El crítico pidió extractar los puntos esenciales del texto para evitar redundancias.,The critic asked to summarize the essential points of the text to avoid redundancy.,
extract,C,verb,extraer,,,"Sacar algo de un lugar, especialmente si está dentro o escondido.",,El científico consiguió extraer una muestra de hielo intacta de miles de años de antigüedad.,The scientist managed to extract an intact ice sample thousands of years old.,
extroversion,C,feminine,extraversión,,,Tendencia a mostrar apertura social y hacia los demás.,,La extraversión le ayudó a integrarse rápidamente en el grupo.,His extroversion helped him quickly fit into the group.,
extreme,C,adjective,extremado,,,Muy grande o intenso.,,Su reacción fue tan extremada que resultó sorprendente incluso para sus amigos más cercanos.,His reaction was so extreme that it surprised even his closest friends.,
limb,C,feminine,extremidad,,,"Parte del cuerpo que sobresale del tronco, como un brazo o una pierna.",,La extremidad del paciente tuvo que ser inmovilizada tras el accidente.,The patient’s limb had to be immobilised after the accident.,
extremism,C,masculine,extremismo,,,Ideología política que defiende posiciones radicales.,,El extremismo político amenaza la tolerancia y el pluralismo en muchas democracias actuales.,Political extremism threatens tolerance and pluralism in many modern democracies.,
extremist,C,adjective,extremista,,,Partidario o relacionado con el extremismo.,,Las políticas extremistas surgieron tras años de polarización social y económica.,Extremist policies emerged after years of social and economic polarization.,
facet,C,feminine,faceta,,,Cada uno de los aspectos que componen un todo.,,Cada faceta de su personalidad brillaba en un contexto distinto.,Each facet of his personality shone in a different context.,
factual,C,adjective,factual,,,Basado en hechos reales.,,"La novela se basaba en un enfoque factual, sin elementos ficticios añadidos.","The novel was based on a factual approach, without added fictional elements.",
factually,C,adverb,factualmente,,,De manera objetiva y basada en hechos.,,"El informe fue redactado factualmentemente, sin juicios de valor ni especulaciones.","The report was written factually, without value judgments or speculation.",
phallus,C,masculine,falo,,,Órgano reproductor masculino.,,El falo ha sido un símbolo en muchas culturas antiguas.,The phallus has been a symbol in many ancient cultures.,
fascism,C,masculine,fascismo,,,"Régimen político autoritario, ultranacionalista y dictatorial.",,El alzamiento promovió el fascismo como modelo político exclusivo de poder estatal.,The uprising promoted fascism as the exclusive political model of state power.,
fascist,C,adjective,fascista,,,Partidario del fascismo.,,La propaganda fascista controlaba todos los medios de comunicación sin tolerancia a la disidencia.,Fascist propaganda controlled all media without tolerance for dissent.,
fellatio,C,feminine,felación,,,Práctica sexual que consiste en la estimulación oral del pene.,,La felación es un tema que a menudo se evita en conversaciones públicas.,Fellatio is a topic often avoided in public conversations.,
fermentation,C,feminine,fermentación,,,Transformación de una sustancia orgánica producida por la acción de microorganismos.,,La fermentación del vino requiere tiempo y condiciones específicas.,Wine fermentation requires time and specific conditions.,
fetish,C,masculine,fetiche,,,Objeto al que se atribuye un poder mágico o erótico.,,Su obsesión con los zapatos roza lo que algunos llamarían un fetiche.,His obsession with shoes borders on what some would call a fetish.,
fetishism,C,masculine,fetichismo,,,Atracción obsesiva hacia objetos o prácticas específicas.,,El ensayo analiza el fetichismo desde una perspectiva psicológica y cultural.,The essay analyzes fetishism from a psychological and cultural perspective.,
"entrust, trust",C,verb,fiar,,,Confiar en alguien o dar crédito.,,Es difícil fiar mis ahorros a una institución sin transparencia financiera.,It’s hard to entrust my savings to an institution without financial transparency.,
fibrous,C,adjective,fibroso,,,Que tiene fibras o aspecto filamentoso.,,Esta carne tiene un tejido muy fibroso.,This meat has a very fibrous texture.,
figuratively,C,adverb,figuradamente,,,"De manera no literal, con un sentido simbólico.",,La novela describe figuradamente la corrupción como una enfermedad que invade el cuerpo social.,The novel figuratively describes corruption as a disease that invades the social body.,
fixation,C,feminine,fijación,,,Atracción obsesiva o apego hacia una persona u objeto.,,Su fijación con los detalles ralentiza el trabajo.,His fixation on details slows down the work.,
filamentous,C,adjective,filamentoso,,,Que presenta estructuras delgadas semejantes a hilos.,,El hongo presentaba un crecimiento filamentoso apenas visible al ojo humano.,The fungus showed a filamentous growth barely visible to the human eye.,
philosophize,C,verb,filosofar,,,Reflexionar o hablar filosóficamente.,,Nos gusta filosofar sobre el sentido de la existencia.,We like to philosophize about the meaning of existence.,
philosophy,C,feminine,filosofía,,,"Conjunto de saberes que estudian la existencia, el conocimiento y la moral.",,Su filosofía de vida se basa en una ética de compromiso y responsabilidad.,His philosophy of life is based on an ethic of commitment and responsibility.,
philosophical,C,adjective,filosófico,,,Relacionado con la filosofía.,,Adoptó una visión filosófica sobre el sufrimiento humano tras años de meditación.,He adopted a philosophical view of human suffering after years of meditation.,
funding,C,feminine,financiación,,,Proceso de obtener fondos económicos para algo.,,La financiación del proyecto depende de inversores extranjeros.,The project’s funding depends on foreign investors.,
firmness,C,feminine,firmeza,,,Cualidad de ser firme o constante.,,"En aquella negociación actuó con total firmeza, sin ceder a presiones externas.","In that negotiation, she acted with total firmness, without yielding to external pressure.",
flaccidity,C,feminine,flacidez,,,Estado de debilidad muscular o flojedad.,,La flacidez del tejido cutáneo era evidencia de desgaste natural tras años de exposición solar.,The flaccidity of the skin tissue was evidence of natural wear after years of sun exposure.,
flaccid,C,adjective,flácido,,,Que carece de fuerza o consistencia.,,Ese gesto corporal quedó flácido ante el peso inesperado de la verdad revelada en público.,That bodily gesture turned flaccid under the unexpected weight of the truth revealed in public.,
flexibly,C,adverb,flexiblemente,,,De manera flexible o adaptable.,,Actuó flexiblemente ante los cambios inesperados.,He acted flexibly in the face of unexpected changes.,
fuck,C,verb,follar,,SP,Mantener una relación sexual (vulgar).,,"Lamentablemente, aquel folleto explicaba cómo y dónde follar, en un intento deplorable de normalización sexual sin contexto adecuado.","Unfortunately, that pamphlet explained how and where to have sex, in a deplorable attempt to normalize sexuality without appropriate context.",
formality,C,feminine,formalidad,,,Cualidad de cumplir normas y reglas establecidas.,,La formalidad del acto impresionó a todos los asistentes.,The formality of the event impressed all the attendees.,
formally,C,adverb,formalmente,,,De manera seria y de acuerdo a normas.,,La carta fue redactada formalmente para causar una buena impresión.,The letter was formally written to make a good impression.,
"strapping, well-built",C,adjective,fornido,,,De complexión fuerte y musculosa.,,El soldado fornido soportó largos patrullajes bajo el sol intenso del desierto.,The strapping soldier endured long patrols under the intense desert sun.,
photosynthesis,C,feminine,fotosíntesis,,,"Proceso por el que plantas y otros organismos, usando luz solar, transforman dióxido de carbono y agua en compuestos orgánicos y oxígeno.",,"La fotosíntesis, proceso mediante el cual las plantas transforman la energía solar en materia orgánica, sustenta el equilibrio ecológico del planeta.","Photosynthesis, the process by which plants transform solar energy into organic matter, underpins the planet’s ecological balance.",
fragility,C,feminine,fragilidad,,,Cualidad de ser frágil o poco resistente.,,La fragilidad emocional del personaje fue crucial para entender su vulnerabilidad durante la trama.,The character’s emotional fragility was key to understanding their vulnerability throughout the plot.,
braking,C,masculine,frenaje,,,Conjunto de frenos de un vehículo.,,El frenaje brusco del camión evitó un accidente mayor en la autopista.,The truck’s sudden braking avoided a major accident on the highway.,
mill,C,verb,fresar,,,Trabajar con fresas o herramientas de corte.,,Es necesario fresar la superficie antes de pintarla.,It’s necessary to mill the surface before painting it.,
"frigidity, coldness",C,feminine,frialdad,,,Cualidad de ser frío o distante.,,La frialdad con la que respondió dejó a todos en silencio.,The coldness with which she responded left everyone in silence.,
frigid,C,adjective,frígido,,,Que tiene deseo sexual escaso o nulo.,,La temperatura era tan frígida que los grifos del baño se congelaron.,The temperature was so frigid that the bathroom faucets froze.,
frontal,C,adjective,frontal,,,Relacionado con la parte delantera de algo.,,La parte frontal del edificio está decorada.,The front part of the building is decorated.,
profitable,C,adjective,ganancioso,,,Que busca obtener ganancias con exceso o avaricia.,,Ese negocio resultó muy ganancioso.,That business turned out to be very profitable.,
genealogy,C,feminine,genealogía,,,Estudio y registro del origen y descendencia de una familia.,,Está investigando su genealogía familiar.,She’s researching her family genealogy.,
"ingeniousness, ingenuity",C,feminine,genialidad,,,"Cualidad de ser brillante, ingenioso o extraordinario.",,Su genialidad le permitió encontrar soluciones innovadoras con facilidad.,His ingenuity allowed him to find innovative solutions easily.,
"ingeniously, cleverly",C,adverb,genialmente,,,"De manera genial, con gran acierto o creatividad.",,Genialmente resolvió el conflicto con una sola frase.,He cleverly resolved the conflict with a single sentence.,
genocidal,C,adjective,genocida,,,Que comete genocidio o lo promueve.,,Fue acusado de participar en actos genocidas.,He was accused of participating in genocidal acts.,
genocide,C,masculine,genocidio,,,Exterminio deliberado y sistemático de un grupo humano.,,El documental trata sobre el genocidio ocurrido en los años noventa.,The documentary is about the genocide that occurred in the 1990s.,
gland,C,feminine,glándula,,,Órgano del cuerpo que produce y segrega sustancias.,,La glándula produce hormonas importantes para el cuerpo.,The gland produces important hormones for the body.,
globalize,C,verb,globalizar,,,Extenderse o hacerse mundial algo.,,Las grandes corporaciones buscan globalizar sus operaciones para maximizar beneficios.,Large corporations seek to globalize their operations to maximize profits.,
greatness,C,feminine,grandeza,,,"Cualidad de lo que es grande en tamaño, importancia o nobleza.",,La grandeza de su obra solo fue reconocida muchos años después de su muerte.,The greatness of his work was only recognized many years after his death.,
fatty,C,adjective,graso,,,Que contiene grasa o que es propio de ella.,,El consumo excesivo de alimentos grasos puede afectar la salud.,The excessive consumption of fatty foods can affect health.,
for free,C,adverb,gratuitamente,,,Sin coste alguno.,,Los materiales pueden descargarse gratuitamente desde la plataforma.,The materials can be downloaded for free from the platform.,
"encumbrance, tax",C,masculine,gravamen,,,Impuesto o carga fiscal que grava bienes o rentas.,,El nuevo gravamen sobre la renta ha generado polémica.,The new tax on income has caused controversy.,
grotesque,C,adjective,grotesco,,,"Que resulta ridículo, deforme o extravagante.",,La estética grotesca de la escultura cuestionaba los límites entre arte y provocación cultural.,The grotesque aesthetics of the sculpture questioned the limits between art and cultural provocation.,
finding,C,masculine,hallazgo,,,"Descubrimiento importante, generalmente inesperado.",,El hallazgo arqueológico reveló restos de una civilización hasta entonces desconocida.,The archaeological finding revealed remains of a civilisation previously unknown.,
feat,C,feminine,hazaña,,,Acción valiente y difícil que requiere gran esfuerzo o coraje.,,Esa hazaña fue histórica.,That feat was historic.,
spell,C,masculine,hechizo,,,Encantamiento o efecto mágico.,,El mago lanzó un hechizo sobre el castillo.,The magician cast a spell over the castle.,
helium,C,masculine,helio,,,"Gas noble, incoloro e inodoro, presente en la atmósfera.",,"El globo liberado contenía gas helio, siempre usado en experimentos educativos.","The released balloon contained helium, always used in educational experiments.",
noble,C,adjective,hidalgo,,,Que pertenece a la baja nobleza y destaca por su honor y dignidad.,,El caballero hidalgo encarnaba un ideal de nobleza y honor casi mítico.,The gentleman-hidalgo embodied an ideal of nobility and honor that was almost mythical.,
thrust,C,verb,hincar,,,Clavar algo con fuerza en una superficie.,,El caballero se inclinó para hincar la rodilla en señal de respeto solemne.,The knight knelt down to thrust his knee in a gesture of solemn respect.,
hypermasculinity,C,feminine,hipermasculinidad,,,Cualidad de exagerar la masculinidad en conductas o actitudes.,,El estudio sociológico abordó la hipermasculinidad como una construcción cultural que limita la expresión emocional.,The sociological study addressed hypermasculinity as a cultural construct that limits emotional expression.,
hypermasculine,C,adjective,hipermasculino,,,Que exagera los rasgos masculinos.,,"La publicidad presentaba un ideal hipermasculino poco realista, reforzando estereotipos de género rígidos.","The advertisement presented an unrealistically hypermasculine ideal, reinforcing rigid gender stereotypes.",
historically,C,adverb,históricamente,,,De manera relacionada con la historia.,,"El documento fue históricamente relevante, pues aggiornó décadas de interpretaciones erróneas.","The document was historically significant, as it updated decades of misinterpretations.",
milestone,C,masculine,hito,,,Suceso importante que marca un cambio o época.,,Ese premio marcó un hito en su carrera profesional.,That award marked a milestone in his professional career.,
homoerotically,C,adverb,homoeróticamente,,,De manera relacionada con el deseo homoerótico.,,El director señaló que la escena estaba destinada a reflejar la tensión homoeróticamente contenida entre los protagonistas masculinos.,The director noted that the scene was intended to reflect the homoerotically contained tension between the male protagonists.,
homoerotic,C,adjective,homoerótico,,,Relacionado con la atracción sexual hacia personas del mismo sexo en forma artística o estética.,,El cuento corto es deliberadamente homoerótico y busca cuestionar normas heteronormativas establecidas.,The short story is deliberately homoerotic and aims to challenge established heteronormative norms.,
horrendous,C,adjective,horrendo,,,"Que causa espanto, asco o rechazo extremo.",,El edificio quedó en un estado horrendo después del incendio.,The building was left in a horrendous state after the fire.,
humanize,C,verb,humanizar,,,Dar carácter más humano o compasivo a algo.,,Pretenden humanizar el servicio público para que sea más cercano y accesible.,They aim to humanize public services so they are more approachable and accessible.,
humility,C,feminine,humildad,,,Cualidad de ser humilde.,,La humildad del diplomático sorprendió a sus propios asesores.,The diplomat’s humility surprised even his own advisers.,
humiliate,C,verb,humillar,,,Ofender o rebajar la dignidad de alguien.,,"Jamás trataría de humillar a alguien, incluso cuando discrepo rotundamente.","I would never try to humiliate someone, even when I strongly disagree.",
identically,C,adverb,idénticamente,,,De manera idéntica o igual.,,Los hermanos se vistieron idénticamente para la fiesta.,The brothers dressed identically for the party.,
ideology,C,feminine,ideología,,,Conjunto de ideas que guían la política o pensamiento de un grupo.,,Su ideología confrontaba los valores tradicionales de equidad y justicia.,His ideology clashed with traditional values of equity and justice.,
ideologically,C,adverb,ideológicamente,,,De acuerdo con una ideología.,,"Hizo su elección política ideológicamente, en coherencia con sus principios éticos.","He made his political choice ideologically, in line with his ethical principles.",
ideological,C,adjective,ideológico,,,Relacionado con una ideología.,,El análisis ideológico de la novela reveló mensajes ocultos sobre el poder autoritario.,The ideological analysis of the novel revealed hidden messages about authoritarian power.,
implicitly,C,adverb,implícitamente,,,De manera implícita o no expresada directamente.,,"Aceptó la propuesta, aunque implícitamente expresó sus dudas.","He accepted the proposal, though he implicitly expressed his doubts.",
press,C,verb,imprensar,,,Imprimir o sacar en prensa algo.,,Decidieron imprensar la primera edición en una pequeña editorial.,They decided to print the first edition at a small publishing house.,
challenge,C,feminine,impugnación,,,Acción de disputar o poner en duda algo legalmente.,,Se presentó una impugnación contra los resultados electorales.,A challenge was filed against the election results.,
oppose,C,verb,impugnar,,,Disputar o contradecir un argumento o resolución.,,El abogado quiere impugnar la validez del contrato.,The lawyer wants to challenge the validity of the contract.,
inappropriately,C,adverb,inapropiadamente,,,De manera poco adecuada.,,Se comportó inapropiadamente durante la reunión.,He behaved inappropriately during the meeting.,
disagreement,C,feminine,inconformidad,,,Actitud de rechazo ante lo establecido o lo que se considera injusto.,,La reunión terminó en inconformidad entre los participantes.,The meeting ended in disagreement among the participants.,
inconvenience,C,feminine,inconveniencia,,,Cualidad de lo que causa molestia o incomodidad.,,Lamento la inconveniencia que esto pueda causarle.,I regret any inconvenience this may cause you.,
incremental,C,adjective,incremental,,,Que aumenta progresivamente.,,El proyecto seguirá un proceso incremental de mejoras.,The project will follow an incremental process of improvements.,
incubator,C,feminine,incubadora,,,Aparato para incubar huevos o microorganismos.,,La incubadora salvó la vida del bebé prematuro con cuidados intensivos.,The incubator saved the premature baby’s life with intensive care.,
investigate,C,verb,indagar,,,Investigar con detalle.,,El periodista decidió indagar más en los hechos ocultos.,The journalist decided to investigate further into the hidden facts.,
indeterminate,C,adjective,indeterminado,,,No definido o fijado con precisión.,,El plazo de ejecución quedará indeterminado hasta que el tribunal resuelva el recurso.,The implementation timeframe will remain indeterminate until the court resolves the appeal.,
indifference,C,feminine,indiferencia,,,Falta de interés o preocupación.,,Su total indiferencia ante el sufrimiento ajeno fue vergonzosa.,His total indifference to others’ suffering was shameful.,
indivisible,C,adjective,indivisible,,,Que no puede dividirse sin perder su esencia.,,"Consideran la dignidad humana un valor indivisible, que no admite gradaciones ni excepciones.","They consider human dignity an indivisible value, which admits no gradations or exceptions.",
industrially,C,adverb,industrialmente,,,En relación con la industria.,,El producto fue fabricado industrialmente para reducir costes.,The product was industrially manufactured to reduce costs.,
infinity,C,masculine,infinito,,,Lo que no tiene límite ni final.,,Se desplegó todo el despliegue técnico para estudiar la infinidad del universo.,All technical equipment was deployed to study the infinity of the universe.,
infinite,C,adjective,infinito,,,Que no tiene fin.,,El concepto de espacio infinito ha fascinado a astrónomos durante siglos.,The concept of infinite space has fascinated astronomers for centuries.,
infrastructural,C,adjective,infraestructural,,,Relacionado con infraestructuras.,,Hay problemas infraestructurales que deben resolverse.,There are infrastructural problems that must be resolved.,
infrequent,C,adjective,infrecuente,,,Que ocurre pocas veces.,,Las reuniones presenciales son cada vez más infrecuentes.,Face-to-face meetings are becoming increasingly infrequent.,
ingest,C,verb,ingerir,,,Introducir alimentos o bebidas en el cuerpo.,,Es peligroso ingerir sustancias tóxicas.,It is dangerous to ingest toxic substances.,
immaterial,C,adjective,inmaterial,,,Que no tiene existencia física ni material.,,"El valor de una obra de arte es, en gran parte, inmaterial.","The value of a work of art is, to a large extent, immaterial.",
unforgettably,C,adverb,inolvidablemente,,,De manera que permanece en la memoria con fuerza.,,La ceremonia fue inolvidablemente emotiva para todos.,The ceremony was unforgettably moving for everyone.,
"inquire, investigate",C,verb,inquirir,,,Preguntar con insistencia o investigar.,,La comisión va a inquirir sobre las causas reales de la implementación ilegal.,The commission will inquire about the real causes of the illegal implementation.,
institute,C,verb,instituir,,,Establecer o fundar una institución o norma.,,El gobierno planea instituir una nueva norma fiscal el próximo año.,The government plans to institute a new tax regulation next year.,
instruct,C,verb,instruir,,,Enseñar o dar instrucciones.,,El profesor se encargó de instruir a los nuevos empleados en seguridad laboral.,The teacher was in charge of instructing the new employees in workplace safety.,
intellectualize,C,verb,intelectualizar,,,Dar un carácter excesivamente intelectual a algo.,,Tendemos a intelectualizar los problemas emocionales.,We tend to intellectualize emotional problems.,
intentionally,C,adverb,intencionadamente,,,De manera deliberada y con intención.,,Actuó intencionadamente para evitar la solución del conflicto.,He acted intentionally to avoid solving the conflict.,
intentional,C,adjective,intencionado,,,Hecho con intención.,,Fue un ataque claramente intencionado.,It was clearly an intentional attack.,
intentional,C,adjective,intencional,,,Que se hace con un propósito deliberado.,,La destrucción fue parte de un plan intencional.,The destruction was part of an intentional plan.,
intentionally,C,adverb,intencionalmente,,,De manera intencional.,,Hablaron intencionalmente para excluirla de la conversación.,They spoke intentionally to exclude her from the conversation.,
interdental,C,adjective,interdental,,,Que se pronuncia entre los dientes.,,El fonema interdental representa un reto fonético para hablantes nativos de otras lenguas.,The interdental phoneme poses a phonetic challenge for native speakers of other languages.,
introversion,C,feminine,introversión,,,Tendencia a centrarse en el mundo interior y evitar la interacción social.,,La introversión puede dificultar la participación en eventos sociales.,Introversion can make participating in social events difficult.,
wild boar,C,masculine,jabalí,,,"Mamífero salvaje parecido al cerdo, con colmillos.",,El jabalí cruzó el camino de forma inesperada.,The wild boar crossed the road unexpectedly.,
hierarchy,C,feminine,jerarquía,,,Organización de personas o cosas en diferentes niveles de importancia o autoridad.,,La jerarquía militar es muy estricta.,The military hierarchy is very strict.,
Judaism,C,masculine,judaísmo,,,Religión monoteísta basada en la Torá y en la tradición religiosa hebrea.,,El judaísmo tiene muchas tradiciones antiguas.,Judaism has many ancient traditions.,
Labor,C,adjective,laborista,,,Relacionado con el movimiento político que defiende los derechos de los trabajadores.,,El partido laborista presentó nuevas propuestas económicas.,The labor party presented new economic proposals.,
hairless,C,adjective,lampiño,,,Que no tiene vello en el cuerpo o en la cara.,,Es un gato completamente lampiño.,It’s a completely hairless cat.,
lash,C,masculine,latigazo,,,Golpe dado con un látigo.,,Recibió un fuerte latigazo al caer de la moto.,He got a strong lash when he fell off the motorcycle.,
whip,C,verb,latiguear,,,Dar golpes con el látigo.,,El jinete comenzó a latiguear al caballo para que corriera más rápido.,The rider began whipping the horse to make it run faster.,
woody,C,adjective,leñoso,,,Que tiene aspecto o consistencia parecida a la madera.,,Este árbol tiene un tronco muy leñoso.,This tree has a very woody trunk.,
"educated, erudite",C,adjective,letrado,,,Que sabe leer y escribir; instruido.,,El abogado letrado expuso con solvencia argumentos basados en jurisprudencia comparada.,The educated lawyer presented arguments based on comparative case law with confidence.,
liberalism,C,masculine,liberalismo,,,Doctrina que defiende la libertad individual y económica.,,El liberalismo influyó profundamente en la política del siglo diecinueve.,Liberalism deeply influenced 19th-century politics.,
liberalization,C,feminine,liberalización,,,Acción de eliminar restricciones para fomentar la libertad política o económica.,,La liberalización del comercio favoreció la expansión económica.,The liberalization of trade favored economic expansion.,
liberalize,C,verb,liberalizar,,,Hacer más libre un sistema o política.,,Quieren liberalizar el mercado energético para aumentar la competencia.,They want to liberalize the energy market to increase competition.,
liberally,C,adverb,liberalmente,,,De manera acorde con los principios del liberalismo.,,El ensayo estaba liberalmente adornado con citas clásicas.,The essay was liberally adorned with classical quotes.,
script,C,masculine,libreto,,LA,Texto que recoge el contenido de una obra teatral o musical.,,El libreto incluía indicaciones detalladas para cada escena.,The script included detailed instructions for each scene.,
lynch,C,verb,linchar,,,Ejecutar a alguien violentamente sin juicio.,,El grupo intentó linchar al sospechoso antes de que llegara la policía.,The crowd tried to lynch the suspect before the police arrived.,
prettiness,C,feminine,lindura,,,Cualidad de ser hermoso o tierno.,,La lindura de aquel gesto espontáneo quedó grabada en la memoria colectiva.,The prettiness of that spontaneous gesture remained engraved in the collective memory.,
linguistics,C,feminine,lingüística,,,Ciencia que estudia el lenguaje.,,La lingüística computacional permite analizar grandes corpus de textos con algoritmos avanzados.,Computational linguistics allows analysis of large text corpora using advanced algorithms.,
linguistically,C,adverb,lingüísticamente,,,De manera relacionada con la lingüística.,,"Lingüísticamente, el español se caracteriza por una gran riqueza morfosintáctica.","Linguistically, Spanish is characterized by great morphosyntactic richness.",
striking,C,adjective,llamativo,,,Que destaca por su aspecto llamativo o sorprendente.,,El cuadro resultaba tan llamativo que los visitantes se detenían inevitablemente a contemplarlo.,The painting was so striking that visitors inevitably stopped to contemplate it.,
fullness,C,feminine,llenura,,,Estado de estar lleno.,,"La sensación de llenura tras la cena fue tan intensa como inesperada, superando cualquier expectativa.","The feeling of fullness after dinner was as intense as it was unexpected, exceeding any expectation.",
act foolishly,C,verb,loquear,,,Comportarse de manera alocada o sin juicio.,,"No deberías loquear en una reunión tan formal, te resta credibilidad.",You shouldn’t act foolishly in such a formal meeting; it undermines your credibility.,
earthenware,C,feminine,loza,,,"Conjunto de piezas de cerámica, como platos o vasos.",,La vajilla estaba hecha de fina loza artesanal.,The dishes were made of fine handcrafted earthenware.,
lucidity,C,feminine,lucidez,,,Claridad mental o de pensamiento.,,"A pesar de su edad, conservaba una lucidez impresionante.","Despite his age, he maintained impressive lucidity.",
"rub, scrape",C,verb,ludir,,,Engañar o burlar.,,Ludió la superficie del metal hasta que recuperó su brillo original.,He scraped the surface of the metal until it regained its original shine.,
masterfully,C,adverb,magistralmente,,,De manera sobresaliente o ejemplar.,,"El pianista interpretó la pieza magistralmente, con gran expresividad.","The pianist played the piece masterfully, with great expressiveness.",
magnitude,C,feminine,magnitud,,,Grandeza o tamaño de algo.,,El terremoto alcanzó una magnitud nunca vista en la región.,The earthquake reached a magnitude never before seen in the region.,
"evil, wickedness",C,feminine,maldad,,,Cualidad de ser malo o perverso.,,La maldad deliberada tiene consecuencias sociales que trascienden el ámbito jurídico.,Deliberate wickedness has social consequences that transcend the legal realm.,
malice,C,feminine,malicia,,,Astucia con intención de dañar o engañar.,,"Actuó con una malicia calculada, sabiendo perfectamente cómo manipular la situación.","He acted with calculated malice, knowing perfectly how to manipulate the situation.",
mandate,C,masculine,mandato,,,Orden o instrucción dada por una autoridad.,,El presidente comenzó su segundo mandato en enero.,The president began his second mandate in January.,
manifesto,C,masculine,manifiesto,,,Declaración pública de principios o intenciones políticas o sociales.,,El manifiesto político abogaba por una reforma estructural del sistema parlamentario.,The political manifesto advocated for a structural reform of the parliamentary system.,
marginally,C,adverb,marginalmente,,,De manera relacionada con lo marginal o secundario.,,El resultado mejoró marginalmente respecto al año pasado.,The result improved marginally compared to last year.,
faggot,C,masculine,maricón,,,Insulto homófobo usado de forma despectiva para referirse a un hombre homosexual.,,Usó la palabra maricón de forma ofensiva.,He used the word “faggot” in an offensive way.,
marble,C,adjective,marmóreo,,,Que está hecho de mármol o lo recuerda en su aspecto.,,La escultura tiene un acabado marmóreo impresionante.,The sculpture has an impressive marble-like finish.,
masturbation,C,feminine,masturbación,,,Estimulación sexual de los genitales realizada por uno mismo.,,El ensayo académico abordó la masturbación como acto político en la obra de feministas contemporáneas.,The academic essay addressed masturbation as a political act in the work of contemporary feminists.,
masturbate,C,verb,masturbarse,,,Realizarse a uno mismo la masturbación.,,"El narrador explicó cómo solía masturbarse en la adolescencia sin culpa ni vergüenza, en un tono íntimo y reflexivo.","The narrator explained how he used to masturbate during adolescence without guilt or shame, in an intimate and reflective tone.",
"hue, nuance",C,masculine,matiz,,,Cada una de las variaciones o tonalidades de un color.,,El texto tiene un matiz irónico que no todos perciben.,The text has an ironic nuance that not everyone notices.,
matrix,C,feminine,matriz,,,Órgano femenino en el que se desarrolla el embrión durante el embarazo.,,La matriz del cálculo está equivocada.,The matrix in the calculation is wrong.,
melancholy,C,feminine,melancolía,,,Tristeza profunda y permanente sin causa aparente.,,La melancolía impregnaba cada página de su diario íntimo.,Melancholy filled every page of his private diary.,
melancholic,C,adjective,melancólico,,,Que muestra o siente melancolía.,,Tenía una mirada melancólica que delataba años de introspección y desencanto.,He had a melancholic gaze that revealed years of introspection and disillusionment.,
merchant,C,masculine,mercader,,,Persona que comercia con productos.,,El mercader viajaba por las rutas del Mediterráneo vendiendo especias y sedas.,The merchant traveled the Mediterranean routes selling spices and silks.,
mercy,C,feminine,merced,,,Gracia o favor concedido a alguien.,,Se salvó gracias a la merced de un desconocido.,He was saved thanks to the mercy of a stranger.,
deserving,C,adjective,merecedor,,,"Que merece recibir algo, generalmente un premio o reconocimiento.",,La propuesta fue considerada merecedora de una mención especial por su originalidad.,The proposal was considered deserving of a special mention for its originality.,
"pluck, pull out, tear out",C,verb,mesar,,,Arrancar o tirar del pelo o de la barba.,,El poeta mesó sus cabellos en un gesto teatral de desesperación romántica.,The poet tore at his hair in a theatrical gesture of romantic despair.,
meticulous,C,adjective,meticuloso,,,Que hace las cosas con mucho cuidado y detalle.,,"Era meticuloso al extremo, revisando cada detalle con obsesiva precisión.","He was extremely meticulous, reviewing every detail with obsessive precision.",
subway,C,masculine,metropolitano,,,Habitante de una metrópoli.,,La construcción del metropolitano requirió ingenieros especializados en túneles urbanos.,The construction of the metro required engineers specialized in urban tunnels.,
metropolitan,C,adjective,metropolitano,,,Relacionado con una gran ciudad y su área de influencia.,,El desarrollismo metropolitano transformó la ciudad en un centro financiero de talla global.,The metropolitan development transformed the city into a global financial center.,
microorganism,C,masculine,microorganismo,,,"Ser vivo microscópico, como bacterias o protozoos.",,El microorganismo aislado mostró una resistencia sorprendente a los antibióticos convencionales.,The isolated microorganism showed surprising resistance to conventional antibiotics.,
microscopic,C,adjective,microscópico,,,Tan pequeño que solo puede verse con microscopio; muy diminuto.,,Una grieta microscópica en el ala obligó a inmovilizar el avión hasta completar la inspección.,A microscopic crack in the wing forced the plane to be grounded until the inspection was completed.,
militia,C,feminine,milicia,,,Cuerpo armado no profesional que actúa en defensa de un grupo o territorio.,,La milicia se organizó rápidamente ante el conflicto.,The militia organized quickly in response to the conflict.,
mitigate,C,verb,mitigar,,,Hacer que una situación negativa o dañina sea menos grave.,,La comisión propuso nuevas medidas para mitigar los efectos de la crisis energética.,The commission proposed new measures to mitigate the effects of the energy crisis.,
moderate,C,verb,moderar,,,Disminuir la intensidad o rigor de algo.,,Decidió moderar su lenguaje tras recibir múltiples quejas por su tono agresivo.,He decided to moderate his language after receiving multiple complaints about his aggressive tone.,
monarchy,C,feminine,monarquía,,,Sistema de gobierno en el que el poder lo ejerce un rey o reina.,,La monarquía parlamentaria actual tiene funciones simbólicas más que ejecutivas.,The current parliamentary monarchy has more symbolic than executive functions.,
morally,C,adverb,moralmente,,,De acuerdo con la moral o relacionado con ella.,,"Actuó moralmente, incluso cuando las consecuencias no le favorecían.","He acted morally, even when the consequences were not in his favor.",
dwell,C,verb,morar,,,Vivir en un lugar.,,"Prefiere morar en un lugar tranquilo, lejos de la ciudad.","He prefers to live in a quiet place, far from the city.",
nationalism,C,masculine,nacionalismo,,,Doctrina que exalta la nación como valor supremo.,,El nacionalismo exacerbado puede derivar en políticas excluyentes y regresivas.,Excessive nationalism can lead to exclusionary and regressive policies.,
nationalist,C,noun,nacionalista,,,Persona que defiende el nacionalismo.,,El nacionalista defendía con pasión su ideología.,The nationalist passionately defended his ideology.,
naturalism,C,masculine,naturalismo,,,Corriente filosófica y artística que resalta la naturaleza.,,El naturalismo literario plasmaba sin filtros la crudeza de la realidad social.,Naturalist literature portrayed the harshness of social reality without filters.,
naturalize,C,verb,naturalizar,,,Adquirir legalmente la ciudadanía de un país distinto al de origen.,,"Tras años de residencia, logró naturalizarse y obtener la ciudadanía española.","After years of residence, he managed to naturalize and obtain Spanish citizenship.",
neurosis,C,feminine,neurosis,,,Trastorno psicológico caracterizado por ansiedad obsesiva.,,La neurosis obsesiva le impedía tomar decisiones simples sin rituales mentales complejos.,His obsessive neurosis prevented him from making simple decisions without complex mental rituals.,
normalize,C,verb,normalizar,,,Hacer que una situación vuelva a ser estable o habitual.,,La diplomacia internacional buscaba normalizar las relaciones bilaterales tras el conflicto.,International diplomacy sought to normalize bilateral relations after the conflict.,
notable,C,adjective,notable,,,Que merece atención o destaca por su importancia.,,Fue una figura notable en su época.,He was a notable figure in his time.,
nudism,C,masculine,nudismo,,,"Práctica o doctrina que defiende la desnudez, especialmente en espacios autorizados.",,El ayuntamiento reguló el nudismo en las playas urbanas para compatibilizar la convivencia con la libertad individual.,The city council regulated nudism on urban beaches to reconcile coexistence with individual freedom.,
nudist,C,adjective,nudista,,,Que practica el nudismo.,,El complejo vacacional incluía zonas exclusivas para visitantes nudistas.,The resort included exclusive areas for nudist visitors.,
compulsorily,C,adverb,obligatoriamente,,,De manera forzosa; con carácter obligatorio.,,Quien acceda a la convocatoria deberá inscribirse obligatoriamente en el registro telemático y aportar la documentación requerida.,Anyone applying to the call must register online and provide the required documentation.,
workshop,C,masculine,obrador,,,Lugar donde se elaboran productos de repostería o panadería.,,En el obrador preparan dulces tradicionales de forma artesanal.,They make traditional sweets by hand in the workshop.,
observable,C,adjective,observable,,,Que puede ser percibido por la observación.,,El fenómeno climático fue observable desde varios puntos del país.,The weather phenomenon was observable from several points in the country.,
observatory,C,masculine,observatorio,,,Lugar destinado a la observación astronómica o científica.,,El observatorio astronómico ofrece talleres educativos cada fin de semana.,The astronomical observatory offers educational workshops every weekend.,
obsess,C,verb,obsesionar,,,Causar obsesión en alguien.,,"No quiero obsesionar a nadie con este asunto, pero es importante.","I don’t want to obsess anyone with this matter, but it’s important.",
obsessive,C,adjective,obsesivo,,,Que tiene pensamientos repetitivos o fijos en exceso.,,Su comportamiento obsesivo preocupa a su familia.,His obsessive behavior worries his family.,
obsessed,C,adjective,obseso,,,Que padece obsesión.,,El protagonista de la novela es un obseso del orden.,The protagonist of the novel is obsessed with order.,
ignore,C,verb,obviar,,,Eliminar o dejar de lado algo considerado innecesario.,,No podemos obviar las consecuencias de esta decisión.,We cannot ignore the consequences of this decision.,
ocular,C,adjective,ocular,,,Relacionado con el ojo o la visión.,,El dispositivo ocular permite detectar anomalías en la retina con gran precisión.,The ocular device allows detecting retina anomalies with high precision.,
"hiding, concealment",C,masculine,ocultamiento,,,Acción de esconder algo.,,El ocultamiento de información fue clave en el desarrollo del escándalo.,The concealment of information was key in the development of the scandal.,
hidden,C,adjective,oculto,,,"Escondido, secreto, que no se muestra.",,Se descubrió un pasadizo oculto bajo el palacio real tras años de excavaciones.,A hidden passage was discovered beneath the royal palace after years of excavations.,
forgetful,C,adjective,olvidadizo,,,Que tiende a olvidar con facilidad.,,Es una persona muy olvidadiza; siempre pierde las llaves.,He’s a very forgetful person; he always loses his keys.,
ominous,C,adjective,ominoso,,,Que anuncia desgracia o mala suerte.,,El cielo tenía un tono ominoso antes de la tormenta.,The sky had an ominous tone before the storm.,
operational,C,adjective,operacional,,,Relacionado con la operatividad de un sistema.,,El sistema ya está completamente operacional.,The system is now fully operational.,
operationally,C,adverb,operacionalmente,,,De manera operativa o funcional.,,La empresa funciona operacionalmente bajo un nuevo modelo de gestión.,The company operates operationally under a new management model.,
oppression,C,feminine,opresión,,,Acción de someter a alguien con violencia o injusticia.,,La novela describe la opresión sufrida por el pueblo.,The novel describes the oppression suffered by the people.,
optimization,C,feminine,optimización,,,Acción de mejorar la eficiencia de un sistema o proceso.,,La optimización del sistema ha reducido significativamente los costes.,The system optimization has significantly reduced costs.,
optimize,C,verb,optimizar,,,Mejorar la eficacia o rendimiento de algo.,,Vamos a optimizar los procesos de producción.,We’re going to optimize the production processes.,
optimal,C,adjective,óptimo,,,Que es el mejor posible en una situación.,,Seleccionaron la opción más óptima para el proyecto.,They chose the most optimal option for the project.,
originally,C,adverb,originalmente,,,En su origen o principio.,,El texto se ajustó originalmente a un formato académico antes de su publicación en línea.,The text was originally formatted academically before online publication.,
Orwellian,C,adjective,orwelliano,,,Relacionado con las ideas distópicas del escritor George Orwell.,,El control de la información tiene un matiz orwelliano muy inquietante.,The control of information has a very disturbing Orwellian tone.,
darkening,C,masculine,oscurecimiento,,,Acción de volverse más oscuro.,,El oscurecimiento repentino dificultó la visibilidad en la carretera.,The sudden darkening made visibility difficult on the road.,
ostracism,C,masculine,ostracismo,,,"Rechazo social a una persona o grupo, excluyéndolos de la vida pública.",,El político fue condenado al ostracismo por sus actos.,The politician was condemned to ostracism for his actions.,
oxygen,C,masculine,oxígeno,,,Elemento químico gaseoso esencial para la respiración.,,El oxígeno es esencial para la respiración celular y el metabolismo humano.,Oxygen is essential for cellular respiration and human metabolism.,
pacify,C,verb,pacificar,,,Traer la paz a un lugar.,,La diplomacia trató de pacificar la región tras décadas de conflicto armado.,Diplomacy tried to pacify the region after decades of armed conflict.,
split the bill,C,verb,pagar a escote,,,Pagar una cuenta dividiéndola entre todos los comensales.,,Decidimos pagar a escote en el restaurante.,We decided to split the bill at the restaurant.,
paper,C,adjective,papelero,,,Relacionado con papeles o con la industria del papel.,,El sector papelero ha implementado medidas sostenibles en su producción.,The paper industry has implemented sustainable measures in its production.,
paradox,C,masculine,paradoja,,,Situación que parece contradictoria pero encierra una verdad.,,La paradoja de la tolerancia demuestra cómo un exceso de apertura puede destruir la libertad.,The paradox of tolerance shows how an excess of openness can destroy freedom.,
paradoxically,C,adverb,paradójicamente,,,De manera contradictoria respecto a lo esperado.,,"Paradójicamente, cuanto más poder acumulaba, más inseguro se mostraba.","Paradoxically, the more power he accumulated, the more insecure he became.",
"even, level",C,adjective,parejo,,,Que es igual o semejante a otra cosa.,,"Sus respuestas fueron parejas, sin altibajos emocionales perceptibles.","His answers were even, without noticeable emotional ups and downs.",
kinship,C,masculine,parentesco,,,Relación de parentesco familiar entre personas.,,Entre ellos existe un parentesco lejano.,There is a distant kinship between them.,
supporter,C,masculine,partidario,,,"Persona que apoya firmemente una causa, grupo o ideología.",,El partido eligió como candidato a un joven partidario de gran carisma.,The party chose as its candidate a young supporter with great charisma.,
in favor of,C,adjective,partidario,,,"Que defiende o apoya una idea, causa o grupo.",,Fue siempre un ferviente partidario de las libertades individuales.,He was always a fervent supporter of individual freedoms.,
fatherland,C,feminine,patria,,,Tierra natal o país al que se pertenece.,,Defendió su amor a la patria en un discurso cargado de emoción y tradición.,He defended his love for the fatherland in a speech full of emotion and tradition.,
sinful,C,adjective,pecaminoso,,,Que implica pecado o falta moral.,,Consideraban su comportamiento como profundamente pecaminoso.,They considered his behavior to be deeply sinful.,
fur,C,masculine,pelaje,,,Conjunto de pelos que cubren el cuerpo de algunos animales.,,El pelaje del lobo es muy espeso en invierno.,The wolf’s fur is very thick in winter.,
punish,C,verb,penar,,,Sufrir o hacer sufrir un castigo.,,Decidieron penar el incumplimiento de las normas con sanciones ejemplares.,They decided to punish noncompliance with exemplary sanctions.,
perceptible,C,adjective,perceptible,,,Que puede percibirse o notarse.,,El cambio de temperatura era apenas perceptible.,The change in temperature was barely perceptible.,
perfection,C,feminine,perfección,,,Cualidad de ser perfecto.,,La búsqueda de la perfección en el arte suele rayar en la obsesión.,The pursuit of perfection in art often borders on obsession.,
perfect,C,verb,perfeccionar,,,Mejorar algo para hacerlo perfecto.,,Pretenden perfeccionar el sistema educativo mediante nuevas técnicas pedagógicas.,They intend to perfect the educational system through new pedagogical techniques.,
perfectionism,C,masculine,perfeccionismo,,,Tendencia a buscar la perfección en todo.,,Su perfeccionismo le impide disfrutar de sus logros con tranquilidad.,His perfectionism prevents him from enjoying his achievements calmly.,
perfectionist,C,adjective,perfeccionista,,,Persona que busca la perfección.,,Es una persona perfeccionista que revisa cada informe hasta el mínimo detalle.,He is a perfectionist who checks every report down to the smallest detail.,
harmful,C,adjective,perjudicial,,,Que causa daño o resulta nocivo.,,"El tabaco es perjudicial para la salud, incluso en pequeñas cantidades.","Tobacco is harmful to health, even in small amounts.",
belonging to,C,adjective,perteneciente,,,Que pertenece o corresponde a algo.,,Todo el proyecto es perteneciente a la comuna vecina según el catastro municipal.,The whole project belongs to the neighboring commune according to the municipal cadastre.,
perverse,C,adjective,perverso,,,Que muestra maldad o inclinaciones dañinas.,,Ese personaje tiene un comportamiento perverso.,That character has a perverse behavior.,
athlete's foot,C,masculine,pie de atleta,,,"Infección por hongos que aparece en los pies, especialmente entre los dedos.",,El pie de atleta es una infección bastante común.,Athlete’s foot is a fairly common infection.,
piety,C,feminine,piedad,,,Compasión o misericordia hacia el sufrimiento ajeno.,,La piedad que mostró hacia el enemigo sorprendió a todos.,The mercy he showed towards the enemy surprised everyone.,
philosopher's stone,C,feminine,piedra filosofal,,,Sustancia mítica que supuestamente permitía obtener la inmortalidad.,,La llamada piedra filosofal simboliza la búsqueda alquímica de transformación interior.,The so-called philosopher’s stone symbolizes the alchemical quest for inner transformation.,
pigment,C,verb,pigmentar,,,Dar color a algo con pigmentos.,,El artista decidió pigmentar la tela con tintes naturales.,The artist decided to pigment the fabric with natural dyes.,
pigment,C,masculine,pigmento,,,Sustancia que da color a los cuerpos.,,El pigmento azul se obtenía de minerales raros.,The blue pigment was obtained from rare minerals.,
"plague, infest",C,verb,plagar,,,Cubrir algo de manera abundante con elementos dañinos.,,La plaga de insectos comenzó a plagar los cultivos antes de su madurez.,The insect infestation began to plague the crops before their maturity.,
set,C,masculine,plató,,,Lugar de rodaje o grabación de películas o programas de televisión.,,El actor estaba grabando una escena en el plató principal.,The actor was filming a scene on the main set.,
plenitude,C,feminine,plenitud,,,"Estado de plenitud, satisfacción total o abundancia.",,La plenitud emocional del reencuentro familiar mostró el valor de la unión ante las adversidades.,The emotional plenitude of the family reunion showed the value of unity in the face of adversity.,
cock,C,feminine,polla,,,"Nombre vulgar y grosero para referirse al pene; en otros contextos, gallina joven.",,"Durante la cena, soltó una broma grosera sobre la polla que incomodó a todos los presentes.","During dinner, he made a crude joke about dicks that made everyone there uncomfortable.",
big cock,C,masculine,pollón,,,Hombre con el pene grande.,,"Tras una noche apasionada, él bromeó diciendo que no esperaba encontrarse con semejante pollón.","After a passionate night, he joked that he didn't expect to encounter such a big cock.",
well hung,C,adjective,pollón,,,Que tiene el pene grande.,,"En el grupo se corría el rumor de que el nuevo entrenador era pollón, pero nadie se atrevía a confirmarlo.","Rumors circulated in the group that the new coach had a big cock, but no one dared to confirm it.",
populism,C,masculine,populismo,,,Doctrina política que busca apoyo en el pueblo mediante promesas fáciles o discursos emotivos.,,El populismo exacerbado suele erosionar las instituciones democráticas tradicionales.,Exacerbated populism tends to erode traditional democratic institutions.,
however much,C,conjunction,por más que,,,"Aunque, por mucho que.",,"Por más que estudies, siempre puedes aprender algo nuevo.","However much you study, you can always learn something new.",
porn,C,masculine,porno,,,Abreviatura coloquial de pornografía.,,El documental analiza cómo el consumo de porno en masa condiciona la percepción del sexo en la juventud.,The documentary analyzes how mass porn consumption shapes youth’s perception of sex.,
pornography,C,feminine,pornografía,,,Representación explícita de actos sexuales con fines de excitación.,,La investigación incluyó un estudio sobre la pornografía en línea y sus efectos en la autoestima.,The research included a study on online pornography and its effects on self-esteem.,
pornographic,C,adjective,pornográfico,,,Relacionado con la pornografía.,,La película fue calificada como pornográfica y vetada en varios países por su contenido explícito.,The film was classified as pornographic and banned in several countries due to its explicit content.,
portfolio,C,masculine,portafolio,,,Cartera o maletín que sirve para llevar documentos.,,Actualicé mi portafolio para la entrevista.,I updated my portfolio for the interview.,
owner,C,masculine,poseedor,,,Persona que posee algo.,,El poseedor del coche debe presentar los papeles.,The car’s owner must present the papers.,
precautionary,C,adjective,precautorio,,,Que sirve para prevenir un daño o riesgo.,,Se tomaron medidas precautorias antes del evento.,Precautionary measures were taken before the event.,
"predetermined, default",C,adjective,predeterminado,,,Que está fijado de antemano.,,El resultado ya estaba predeterminado por el jurado.,The result was already predetermined by the jury.,
predetermine,C,verb,predeterminar,,,Fijar algo con anterioridad.,,Van a predeterminar las condiciones del contrato.,They’re going to predetermine the contract terms.,
preacher,C,masculine,predicador,,,Persona que predica o difunde un mensaje religioso o ideológico.,,El predicador habló con fervor sobre la necesidad de redención.,The preacher spoke passionately about the need for redemption.,
press,C,verb,prensar,,,Comprimir algo con una prensa.,,Van a prensar las hojas para extraer el aceite.,They’re going to press the leaves to extract the oil.,
preservative,C,adjective,preservativo,,,"Que sirve para prevenir, protector.",,El producto contiene un agente preservativo.,The product contains a preservative agent.,
preside,C,verb,presidir,,,Ejercer el cargo de presidente en una institución o reunión.,,Decidió presidir la reunión con una intervención breve pero contundente.,He decided to preside over the meeting with a brief but forceful intervention.,
"claim, pretense",C,feminine,pretensión,,,Deseo o aspiración de conseguir algo.,,La pretensión de obtener el puesto sin experiencia fue mal recibida.,The claim to get the position without experience was badly received.,
deprivation,C,feminine,privación,,,Acción de quitar o perder algo necesario o deseado.,,Sufrió una privación de alimentos durante días.,He suffered food deprivation for days.,
professionally,C,adverb,profesionalmente,,,De manera propia de un profesional o con calidad de experto.,,El deportista fue reconocido internacionalmente por competir profesionalmente.,The athlete was recognized internationally for competing professionally.,
deeply,C,adverb,profundamente,,,De manera muy intensa o profunda.,,"La narrativa nos afectó profundamente, exigiendo una reflexión ética.","The narrative affected us deeply, demanding an ethical reflection.",
progressively,C,adverb,progresivamente,,,"De manera gradual, cada vez más.",,La situación se ha ido resolviendo progresivamente.,The situation has been progressively resolved.,
proliferation,C,feminine,proliferación,,,Aumento rápido del número de elementos de una misma clase.,,La proliferación de medios digitales ha transformado radicalmente el panorama informativo.,The proliferation of digital media has radically transformed the information landscape.,
pronominal,C,adjective,pronominal,,,Que se refiere a los pronombres o se construye con ellos.,,Los verbos pronominales presentan usos particulares en la gramática española.,Pronominal verbs have particular uses in Spanish grammar.,
propaganda,C,feminine,propaganda,,,Conjunto de técnicas de difusión ideológica para influir en la opinión pública.,,La propaganda del régimen utilizaba imágenes cuidadosamente seleccionadas para manipular la percepción pública.,The regime’s propaganda used carefully selected images to manipulate public perception.,
proportional,C,adjective,proporcional,,,Que guarda una relación equilibrada en tamaño o cantidad con otra cosa.,,El castigo debe ser proporcional a la gravedad del delito cometido.,The punishment must be proportional to the seriousness of the crime committed.,
proximity,C,feminine,proximidad,,,Cercanía en el espacio o en el tiempo.,,La proximidad de la playa hace que el lugar sea muy atractivo.,The proximity of the beach makes the place very attractive.,
"designer, planner",C,masculine,proyectista,,,Profesional encargado de diseñar proyectos técnicos o arquitectónicos.,,"El proyectista presentó una maqueta detallada que combinaba funcionalidad, estética y sostenibilidad urbana.","The planner presented a detailed model that combined functionality, aesthetics, and urban sustainability.",
purely,C,adverb,puramente,,,"De manera absoluta, sin mezclas.",,La investigación prosiguió puramente desde una perspectiva empírica sin sesgos.,"The research proceeded purely from an empirical, unbiased perspective.",
surgical,C,adjective,quirúrgico,,,Relacionado con las operaciones médicas.,,El equipo quirúrgico se preparó para una operación de alta complejidad.,The surgical team prepared for a highly complex operation.,
racism,C,masculine,racismo,,,Doctrina que discrimina o margina a personas por su raza.,,El ideólogo se refirió al racismo como un mal estructural de la sociedad.,The ideologue referred to racism as a structural evil of society.,
radicalization,C,feminine,radicalización,,,Proceso de volverse radical en ideas o actitudes.,,La radicalización de ciertos grupos preocupa a las autoridades.,The radicalization of certain groups worries the authorities.,
radicalize,C,verb,radicalizar,,,Hacer que alguien o algo adopte posturas radicales.,,El líder intentó radicalizar a sus seguidores con discursos intensos.,The leader tried to radicalize his followers with intense speeches.,
radically,C,adverb,radicalmente,,,De manera extrema o absoluta.,,La situación cambió radicalmente tras la firma del acuerdo.,The situation changed radically after the signing of the agreement.,
"skim, graze",C,feminine,rasar,,,"Acción de cortar algo al ras, al mismo nivel.",,El avión logró rasar la superficie del mar sin tocar el agua.,The plane managed to skim the surface of the sea without touching the water.,
reactionary,C,adjective,reaccionario,,,"Que se opone fuertemente a cambios, defendiendo lo tradicional.",,Su postura reaccionaria impidió cualquier tipo de avance social.,His reactionary stance blocked any kind of social progress.,
royalty,C,feminine,realeza,,,"Dignidad, poder o condición de rey o reina.",,La realeza intervino en el acto protocolario para avalar los acuerdos.,Royalty intervened in the ceremonial act to endorse the agreements.,
overflow,C,verb,rebosar,,,"Desbordar, rebalsar por exceso.",,"Al final del concierto, el público rebasó cualquier expectativa: el aforo rebasó lo permitido legalmente.","At the end of the concert, the audience exceeded all expectations: the attendance exceeded what was legally allowed.",
rejection,C,masculine,rechazamiento,,,Acción de rechazar algo.,,El rechazamiento de su propuesta fue rotundo.,The rejection of his proposal was resounding.,
reciprocally,C,adverb,recíprocamente,,,"De manera mutua, de forma que dos personas hacen algo una respecto a la otra.",,Se ayudaron recíprocamente durante la crisis.,They helped each other reciprocally during the crisis.,
reciprocate,C,verb,reciprocar,,,Actuar de forma mutua en relación con otra persona.,,Quiero reciprocar su amabilidad.,I want to reciprocate his kindness.,
reciprocal,C,adjective,recíproco,,,Que se da entre dos personas o cosas de manera mutua.,,Tienen una relación recíproca de respeto.,They have a reciprocal relationship of respect.,
Reconquista,C,feminine,Reconquista,,,Período histórico en el que los reinos cristianos recuperaron territorios de la península ibérica ocupados por musulmanes.,,La Reconquista fue un periodo clave en la historia de España.,The Reconquista was a key period in Spanish history.,
reconquer,C,verb,reconquistar,,,Recuperar un territorio o poder que se había perdido.,,El rey intentó reconquistar las tierras perdidas.,The king tried to reconquer the lost lands.,
regrowth,C,masculine,recrecimiento,,,Acción de volver a crecer una construcción o terreno.,,El recrecimiento del bosque fue más rápido de lo esperado.,The regrowth of the forest was faster than expected.,
regionally,C,adverb,regionalmente,,,De manera relativa a una región.,,"Regionalmente, las diferencias culturales son notables.","Regionally, cultural differences are notable.",
reinstallation,C,feminine,reinstalación,,,Acción de volver a instalar un sistema o programa.,,La reinstalación del sistema resolvió todos los fallos.,The system reinstallation solved all the issues.,
reinstall,C,verb,reinstalar,,,Volver a instalar.,,Vamos a reinstalar el programa desde cero.,We’re going to reinstall the program from scratch.,
paid,C,adjective,remunerado,,,Que recibe una compensación económica por un trabajo.,,El trabajo voluntario en este proyecto será remunerado de acuerdo con la normativa vigente.,The volunteer work on this project will be paid in accordance with current regulations.,
rebirth,C,masculine,renacimiento,,,Período histórico en el que se recuperan valores culturales de la antigüedad.,,El renacimiento del arte fue un momento clave en la historia.,The rebirth of art was a key moment in history.,
surrender,C,feminine,rendición,,,Acción de rendirse o entregarse al enemigo.,,Su rendición al agotamiento fue silenciosa pero definitiva: no hubo más resistencia.,His surrender to exhaustion was silent but final: there was no more resistance.,
sudden,C,adjective,repentino,,,"Que ocurre de repente, inesperado.",,Una emoción repentina lo invadió al ver aquella fotografía antigua.,A sudden emotion overwhelmed him upon seeing that old photograph.,
replication,C,feminine,replicación,,,Acción de duplicar o copiar algo.,,La replicación del virus fue más rápida de lo esperado.,The replication of the virus was faster than expected.,
deem,C,verb,reputar,,,Considerar o tener a alguien en cierto concepto.,,El comité lo reputa como el mejor candidato para el puesto.,The committee deems him the best candidate for the position.,
reviewer,C,masculine,reseñador,,,Persona que escribe reseñas.,,El reseñador escribió una crítica muy detallada.,The reviewer wrote a very detailed critique.,
respective,C,adjective,respectivo,,,Que corresponde a cada uno en particular.,,Cada autor debe presentar su trabajo en la sección respectiva.,Each author must present their work in the respective section.,
respectability,C,feminine,respetabilidad,,,Cualidad de ser respetable.,,La respetabilidad del juez nunca fue cuestionada.,The respectability of the judge was never questioned.,
restrictive,C,adjective,restrictivo,,,Que impone limitaciones estrictas.,,Es un reglamento bastante restrictivo para los ciudadanos.,It’s quite a restrictive regulation for citizens.,
restricted,C,adjective,restringido,,,Que está limitado o acotado.,,El acceso al archivo está restringido por razones de seguridad.,Access to the file is restricted for security reasons.,
"retain, hold onto",C,verb,retener,,,"Mantener algo bajo control, impedir que se escape.",,Lograron retener el talento local mediante incentivos culturales eficaces.,They were able to retain local talent through effective cultural incentives.,
rewatch,C,verb,rever,,,Volver a mirar con atención o respeto.,,Decidí rever la película para captar todos los detalles que había pasado por alto.,I decided to rewatch the movie to catch all the details I had missed.,
jumble,C,masculine,revoltijo,,,Conjunto desordenado de cosas mezcladas.,,Tenía un revoltijo de ideas en la cabeza.,He had a jumble of ideas in his head.,
revolutionize,C,verb,revolucionar,,,Producir cambios revolucionarios en algo.,,Se propusieron revolucionar el sistema tributario con una reforma integral.,They proposed to revolutionize the tax system with a comprehensive reform.,
irrigation,C,masculine,riego,,,Acción de regar plantas o campos.,,El sistema de riego mejora notablemente la productividad agrícola.,The irrigation system greatly improves agricultural productivity.,
robust,C,adjective,robusto,,,"Que es fuerte, resistente y vigoroso.",,El puente necesita una estructura más robusta.,The bridge needs a more robust structure.,
tastiness,C,feminine,sabrosura,,,Cualidad de tener buen sabor.,,La sabrosura de este plato es increíble.,The tastiness of this dish is incredible.,
sacrament,C,masculine,sacramento,,,Cada uno de los ritos sagrados de la Iglesia destinados a comunicar la gracia.,,El obispo confirió el sacramento de la confirmación a los catecúmenos durante la vigilia.,The bishop conferred the sacrament of Confirmation on the catechumens during the vigil.,
"salivate, drool",C,verb,salivar,,,Segregar saliva.,,El perro comenzó a salivar al presentarse la bandeja de la cena.,The dog began to salivate when the dinner tray appeared.,
secular,C,adjective,secular,,,Que es independiente de lo religioso o de lo espiritual.,,Defendió una visión secular del Estado en su discurso inaugural.,He defended a secular vision of the State in his inaugural speech.,
segment,C,verb,segmentar,,,Dividir algo en partes o segmentos.,,Es necesario segmentar la audiencia para diseñar campañas efectivas.,It is necessary to segment the audience in order to design effective campaigns.,
select,C,adjective,selecto,,,De calidad superior o escogido con cuidado.,,Solo se invitó a un grupo selecto de expertos.,Only a select group of experts was invited.,
similarly,C,adverb,semejantemente,,,De manera semejante.,,"Semejantemente, ambos autores comparten una visión crítica del poder.","Similarly, both authors share a critical view of power.",
similarity,C,feminine,semejanza,,,Cualidad de ser parecido a algo.,,La semejanza entre los dos cuadros es sorprendente.,The similarity between the two paintings is striking.,
resemble,C,verb,semejar,,,Parecerse a algo o a alguien.,,Su estilo de pintura parece semejar al de los impresionistas.,His painting style seems to resemble that of the Impressionists.,
young gentleman,C,masculine,señorito,,,Hombre joven perteneciente a una familia acomodada.,,El joven señorito era conocido por sus modales refinados y cierta arrogancia aristocrática.,The young gentleman was known for his refined manners and a certain aristocratic arrogance.,
sensual,C,adjective,sensual,,,Que provoca atracción erótica o relacionada con los sentidos.,,La escena tenía un tono muy sensual.,The scene had a very sensual tone.,
sensuality,C,feminine,sensualidad,,,Cualidad de lo que produce atracción erótica.,,La película explora el tema de la sensualidad desde una perspectiva artística.,The film explores the theme of sensuality from an artistic perspective.,
sentimentality,C,masculine,sentimentalismo,,,Exageración de los sentimientos en la expresión o el arte.,,Esa película está llena de sentimentalismo exagerado.,That film is full of exaggerated sentimentality.,
serpentine,C,adjective,serpentino,,,Que se asemeja a una serpiente en forma o movimiento.,,La carretera tiene un trazado serpentino por la montaña.,The road has a serpentine route through the mountains.,
speak with a Latin American accent,C,verb,sesear,,,Pronunciar la “z” o la “c” como “s”.,,En algunas regiones es común sesear.,"In some regions, it’s common to speak with a Latin American accent.",
sexual,C,adjective,sexual,,,Que pertenece o se relaciona con el sexo o la sexualidad.,,Exploraron el deseo sexual desde una perspectiva filosófica y antropológica en el seminario.,They explored sexual desire from a philosophical and anthropological perspective in the seminar.,
shock,C,masculine,shock,,,Impacto emocional fuerte que produce sorpresa o trauma.,,El shock económico derivado de la recesión global afectó a toda la región.,The economic shock resulting from the global recession affected the entire region.,
meaning,C,feminine,significación,,,Sentido o interpretación que se da a algo.,,La significación del símbolo no está clara.,The meaning of the symbol is not clear.,
silicon,C,masculine,silicio,,,"Elemento químico, semiconductor.",,El silicio es un elemento esencial en la tecnología.,Silicon is an essential element in technology.,
symbolism,C,masculine,simbolismo,,,Corriente artística o literaria que utiliza símbolos.,,El mural del escultor interpreta el simbolismo de la emancipación femenina.,The sculptor’s mural interprets the symbolism of female emancipation.,
simultaneously,C,adverb,simultáneamente,,,Al mismo tiempo.,,Los edificios fueron demolidos simultáneamente para ganar espacio público.,The buildings were demolished simultaneously to gain public space.,
Zionism,C,masculine,sionismo,,,Movimiento político e ideológico que defiende el establecimiento y apoyo de un Estado judío.,,"El sionismo, como movimiento político, ha sido objeto de intensos debates históricos.","Zionism, as a political movement, has been the subject of intense historical debates.",
systematically,C,adverb,sistemáticamente,,,De manera metódica u ordenada.,,El protocolo se redactó y ejecutó sistemáticamente conforme a estándares ISO.,The protocol was drafted and executed systematically according to ISO standards.,
sovereign,C,adjective,soberano,,,Que tiene poder supremo dentro de un territorio.,,España es un estado soberano con sus propias leyes.,Spain is a sovereign state with its own laws.,
overblow,C,verb,sobredimensionar,,,Dar dimensiones mayores a las necesarias.,,Algunos medios tienden a sobredimensionar ciertos eventos para generar mayor impacto mediático.,Some media tend to overblow certain events to generate greater media impact.,
"tablecloth, desktop",C,feminine,sobremesa,,,Tiempo de sobremesa después de comer para charlar o descansar.,,"Después de la comida, charlamos un rato en la sobremesa.","After lunch, we chatted for a while at the table.",
"ground, level",C,verb,solar,,,Exponer al sol o broncearse.,,Van a solar el terreno antes de empezar la construcción.,They’re going to level the land before starting construction.,
solemnly,C,adverb,solemnemente,,,"De manera seria, grave o con gran formalidad.",,El juez escuchó solemnemente las declaraciones de los testigos.,The judge solemnly listened to the witnesses’ statements.,
solidity,C,feminine,solidez,,,Cualidad de ser sólido o firme.,,La solidez de sus argumentos sorprendió a todos los presentes en el debate.,The solidity of his arguments surprised everyone present at the debate.,
solvency,C,feminine,solvencia,,,Capacidad económica para responder a las deudas.,,La empresa demuestra una gran solvencia financiera año tras año.,The company shows great financial solvency year after year.,
"settle, solve",C,verb,solventar,,,Resolver o dar solución a un problema.,,Es necesario solventar estas diferencias antes de avanzar en las negociaciones.,It is necessary to settle these differences before moving forward in the negotiations.,
surprisingly,C,adverb,sorprendentemente,,,De manera que causa sorpresa.,,La verdad emergió sorprendentemente en medio del silencio institucional.,The truth emerged surprisingly amid institutional silence.,
"maintenance, sustenance, support",C,masculine,sostenimiento,,,"Acción y efecto de sostener; mantenimiento material, económico o moral.",,El sostenimiento del sistema de pensiones exige reformas graduales y consensuadas que garanticen su viabilidad demográfica y financiera.,"The maintenance of the pension system requires gradual, agreed-upon reforms that guarantee its demographic and financial viability.",
stripper,C,noun,stripper,,,Persona que se desnuda de forma erótica como espectáculo.,,El stripper fue contratado para la despedida de soltera.,The stripper was hired for the bachelorette party.,
softening,C,feminine,suavización,,,Acción de suavizar o hacer más blando.,,La suavización del tono ayudó a calmar el ambiente.,The softening of the tone helped to calm the atmosphere.,
suddenly,C,adverb,súbito,,,"De repente, de forma inesperada.",,"Súbito, el silencio se apoderó de la sala tras la impactante noticia.","Suddenly, silence took over the room after the shocking news.",
sudden,C,adjective,súbito,,,Que ocurre de repente.,,Su partida súbita dejó a todos desconcertados.,Her sudden departure left everyone bewildered.,
release,C,feminine,suelta,,,Cabellera suelta o pelo suelto.,,La suelta de globos fue el momento más emotivo del acto.,The balloon release was the most emotional moment of the event.,
submission,C,feminine,sumisión,,,Acción de someterse a la voluntad de otro.,,El ensayo analiza la sumisión como una estrategia relacional en contextos de poder asimétrico.,The essay analyzes submission as a relational strategy in contexts of asymmetric power.,
high priest,C,masculine,sumo sacerdote,,,Máxima autoridad religiosa en algunos pueblos antiguos.,,El sumo sacerdote dirigía la ceremonia religiosa.,The high priest led the religious ceremony.,
superiority,C,feminine,superioridad,,,Condición de estar por encima de otros en algún aspecto.,,Su actitud reflejaba una clara sensación de superioridad frente a los demás.,His attitude reflected a clear sense of superiority over others.,
supernova,C,feminine,supernova,,,Estrella que explota liberando enorme energía.,,Una supernova puede iluminar el cielo durante semanas.,A supernova can light up the sky for weeks.,
superpower,C,feminine,superpotencia,,,"Estado o nación con gran poder económico, militar o político a nivel mundial.",,La superpotencia ejercía gran influencia en el mundo.,The superpower exercised great influence in the world.,
supreme,C,adjective,supremo,,,Que tiene la máxima autoridad o poder.,,El tribunal es la máxima autoridad suprema en esta materia.,The tribunal is the highest supreme authority in this matter.,
substantial,C,adjective,sustancial,,,De gran importancia o relevancia.,,El informe contenía pruebas sustanciales que reforzaban la tesis principal sin margen de duda.,The report contained substantial evidence that supported the main thesis without doubt.,
taboo,C,masculine,tabú,,,Prohibición social o cultural de ciertos actos o temas.,,"Hablar de ciertos temas sigue siendo un tabú en esa comunidad, a pesar de la apertura generacional.","Talking about certain topics is still taboo in that community, despite generational openness.",
cut,C,verb,tajar,,,Cortar en pedazos con un instrumento afilado.,,La antigua verja fue tajada para permitir el paso de maquinaria pesada.,The old gate was cut to allow heavy machinery to pass.,
carve,C,verb,tallar,,,Dar forma o esculpir un material mediante cortes o desgaste.,,El artista dedicó semanas a tallar la escultura en madera.,The artist dedicated weeks to carving the wooden sculpture.,
lateness,C,feminine,tardanza,,,Retraso en la realización de una acción o llegada.,,La tardanza del informe provocó serias consecuencias en la toma de decisiones.,The lateness of the report caused serious consequences in decision-making.,
"stutter, stammer",C,verb,tartamudear,,,Hablar repitiendo sonidos involuntariamente.,,El niño comenzó a tartamudear durante su presentación.,The boy began to stutter during his presentation.,
"stutter, stammer",C,masculine,tartamudeo,,,Acción o efecto de tartamudear.,,El tartamudeo puede afectar la autoestima de quien lo padece.,Stuttering can affect the self-esteem of those who suffer from it.,
stuttering,C,adjective,tartamudo,,,Que tartamudea.,,Conocí a un joven tartamudo que ahora es orador motivacional.,I met a young man who stutters and is now a motivational speaker.,
televise,C,verb,televisar,,,Transmitir por televisión.,,Pretenden televisar el evento con señal en directo a toda la región.,They intend to broadcast the event live across the region.,
thematic,C,adjective,temático,,,Relacionado con un tema específico.,,La intervención sigue un hilo temático coherente que facilita la comprensión.,The intervention follows a coherent thematic thread that facilitates understanding.,
"temper, soften",C,verb,temperar,,,"Templar, moderar el carácter o suavizar.",,El alcohol se usa para temperar la mezcla sin comprometer su reactividad.,Alcohol is used to temper the mixture without compromising its reactivity.,
"temperance, moderation",C,feminine,templanza,,,Cualidad de moderación o autocontrol.,,Defienden la templanza como valor esencial para el liderazgo ético.,They uphold temperance as an essential value for ethical leadership.,
temporarily,C,adverb,temporariamente,,,Durante un periodo limitado de tiempo y no de forma permanente.,,El museo permanecerá cerrrado temporariamente debido a obras de restauración.,The museum will remain temporarily closed due to restoration work.,
therapeutic,C,adjective,terapéutico,,,Relacionado con la terapia o la curación.,,El masaje tuvo un efecto profundamente terapéutico en el paciente.,The massage had a deeply therapeutic effect on the patient.,
terrestrial,C,adjective,terrestre,,,Que pertenece o está relacionado con la Tierra.,,Los satélites han permitido cartografiar en detalle la superficie terrestre.,Satellites have made it possible to map the Earth’s surface in detail.,
"plot, homeland",C,masculine,terruño,,,Terreno o tierra natal.,,Regresó a su terruño tras décadas de exilio.,He returned to his homeland after decades in exile.,
testify,C,verb,testimoniar,,,Dar testimonio o declarar algo.,,Va a testimoniar ante el tribunal la próxima semana.,He is going to testify in court next week.,
"hesitate, stutter",C,verb,titubear,,,Vacilar al hablar o actuar.,,Empezó a titubear cuando le hicieron la pregunta.,He began to hesitate when they asked him the question.,
"hesitation, stutter",C,masculine,titubeo,,,Acción de titubear.,,Su titubeo reveló inseguridad en su respuesta.,His hesitation revealed insecurity in his response.,
almighty,C,adjective,todopoderoso,,,Que tiene todo el poder.,,El concepto todopoderoso aparece frecuentemente en las liturgias religiosas.,The omnipotent concept appears frequently in religious liturgies.,
turn,C,verb,tornar,,,"Convertirse en algo distinto, cambiar de estado o condición.",,La situación puede tornarse peligrosa si no actuamos con cuidado.,The situation can turn dangerous if we don’t act carefully.,
torture,C,feminine,tortura,,,Acción de infligir dolor físico o psicológico para castigar o coaccionar.,,Denunciaron las torturas como una violación absoluta de derechos humanos.,They denounced the torture as a total violation of human rights.,
elapse,C,verb,transcurrir,,,Pasar el tiempo mientras sucede algo.,,Mucho tiempo puede transcurrir sin cambios.,A lot of time can elapse without changes.,
transformer,C,masculine,transformador,,,Aparato que convierte la corriente eléctrica o que cambia algo profundamente.,,El transformador eléctrico necesita mantenimiento regular.,The electrical transformer needs regular maintenance.,
transformative,C,adjective,transformador,,,Que transforma.,,La experiencia tuvo un efecto transformador en su vida.,The experience had a transformative effect on his life.,
transparently,C,adverb,transparentemente,,,"De manera clara y visible, sin ocultar.",,"Explicó el problema transparentemente, sin ocultar nada.","He explained the problem transparently, hiding nothing.",
upsetting,C,adjective,trastornador,,,Que causa alteración o trastorno.,,Recibió una noticia profundamente trastornadora para toda la familia.,He received deeply upsetting news for the whole family.,
tuber,C,masculine,tubérculo,,,"Órgano comestible de algunas plantas, como la patata, que crece bajo tierra.",,La patata es un tubérculo muy consumido.,The potato is a widely consumed tuber.,
knock down,C,verb,tumbar,,,Echarse o recostarse en un lugar.,,El viento fuerte consiguió tumbar varios árboles en la calle.,The strong wind managed to knock down several trees in the street.,
locatable,C,adjective,ubicable,,,Que puede ser localizado o situado.,,La dirección del local es fácilmente ubicable con Google Maps.,The address of the place is easily locatable with Google Maps.,
usefulness,C,feminine,utilidad,,,Cualidad de ser provechoso o de servir para algo.,,La principal utilidad de esta herramienta es ahorrar tiempo.,The main usefulness of this tool is saving time.,
utopia,C,feminine,utopía,,,Proyecto o idea de una sociedad perfecta e ideal.,,La obra describe una utopía en la que no existe la desigualdad.,The work describes a utopia where inequality does not exist.,
utopian,C,adjective,utópico,,,Relacionado con la utopía.,,El texto propone un modelo utópico difícil de alcanzar.,The text proposes a utopian model that is difficult to achieve.,
worth,C,feminine,valía,,,Valor o mérito de algo o alguien.,,Su valía quedó demostrada en momentos de gran dificultad.,His worth was demonstrated in moments of great difficulty.,
valued,C,adjective,valorado,,,Que es apreciado o estimado.,,Se sintió valorado como persona solo cuando su compromiso y esfuerzo fueron reconocidos públicamente.,He felt valued as a person only when his commitment and effort were publicly recognized.,
veganism,C,masculine,veganismo,,,Doctrina basada en evitar el consumo de productos animales.,,La votación se realizará el próximo viernes en el ayuntamiento.,The voting will take place next Friday at the town hall.,
vegetarianism,C,masculine,vegetarianismo,,,"Práctica de no consumir carne, pero sí otros productos de origen animal.",,"El vegetarianismo, aunque menos restrictivo que el veganismo, plantea igualmente un desafío social y cultural en muchas regiones del mundo.","Vegetarianism, although less restrictive than veganism, still poses a social and cultural challenge in many parts of the world.",
body hair,C,masculine,vello,,,"Pelo corto, suave y fino que crece en la piel del cuerpo humano.",,Algunos adolescentes se sienten inseguros por el vello corporal.,Some teenagers feel insecure about body hair.,
take revenge,C,verb,vengar,,,Tomar venganza por un agravio.,,Juró vengar la muerte de su hermano.,He swore to take revenge for his brother’s death.,
"pole, rod",C,feminine,verga,,,Nombre vulgar para el pene.,,"El mástil del barco, hecho con una verga de acero templado, soportó las peores tormentas del Atlántico sin ceder.","The ship’s mast, made with a tempered steel pole, withstood the worst Atlantic storms without yielding.",
hung,C,adjective,vergón,,,Que tiene el pene grande.,,"Después de la broma inicial entre amigos, alguien señaló que el nuevo repartidor era bastante vergón, lo que provocó risas nerviosas en el grupo.","After the initial joke among friends, someone pointed out that the new delivery guy was quite well-hung, which caused nervous laughter in the group.",
hung,C,adjective,vergudo,,,"Que es fuerte, duro o resistente.",,"En una conversación de sobremesa, el tema surgió y se comentó que el tipo en esa película estaba vergudo, lo que dejó a varios con los ojos muy abiertos.","During a casual after-meal conversation, the topic came up and someone remarked that the guy in that movie was well-endowed, which left several people wide-eyed.",
twenty-fourth,C,adjective,vigésimo cuarto,,,Que ocupa el lugar vigésimo cuarto en una serie.,,El vigésimo cuarto participante no se presentó.,The twenty-fourth participant didn’t show up.,
twenty-first,C,adjective,vigésimo primero,,,Que ocupa el lugar vigésimo primero en una serie.,,El vigésimo primero en hablar fue el presidente.,The twenty-first to speak was the president.,
twenty-fifth,C,adjective,vigésimo quinto,,,Que ocupa el lugar vigésimo quinto en una serie.,,La propuesta fue aceptada en el vigésimo quinto intento.,The proposal was accepted on the twenty-fifth attempt.,
twenty-second,C,adjective,vigésimo segundo,,,Que ocupa el lugar vigésimo segundo en una serie.,,El vigésimo segundo punto del acuerdo generó debate.,The twenty-second point of the agreement sparked debate.,
twenty-third,C,adjective,vigésimo tercero,,,Que ocupa el lugar vigésimo tercero en una serie.,,El vigésimo tercero fue el último en llegar.,The twenty-third was the last to arrive.,
virility,C,feminine,virilidad,,,Cualidad de ser varonil o tener fuerza masculina.,,"La virilidad demostrada por el héroe traspasaba lo físico: reflejaba convicción, valor y liderazgo moral.","The hero’s virility went beyond the physical: it reflected conviction, courage, and moral leadership.",
virtuous,C,adjective,virtuoso,,,Que tiene virtudes o cualidades morales destacadas.,,"La protagonista actúa de forma virtuosa, incluso cuando enfrenta dilemas morales que desafían sus convicciones más profundas.","The protagonist acts virtuously, even when facing moral dilemmas that challenge her deepest convictions.",
visually,C,adverb,visualmente,,,De manera visual o relacionada con la vista.,,"La experiencia estética se presentaba visualmente impresionante: colores, formas y luces coordinadas magistralmente.","The aesthetic experience was visually impressive: colors, shapes, and lights masterfully coordinated.",
vulnerability,C,feminine,vulnerabilidad,,,Condición de ser vulnerable o débil ante algo.,,"La vulnerabilidad humana fue representada con honestidad en la narrativa, sin mitigar las emociones.","Human vulnerability was portrayed with honesty in the narrative, without downplaying the emotions.",
wasabi,C,masculine,wasabi,,,Condimento picante de origen japonés elaborado con una raíz rallada.,,"El sushi se suele acompañar con wasabi, que es muy picante.","Sushi is usually served with wasabi, which is very spicy.",
"sap, undermine",C,verb,zapar,,,Quitar tierra de la superficie con una herramienta.,,"La corrupción institucional no solo frena el progreso económico, sino que poco a poco logra zapar los pilares democráticos de un país.",Institutional corruption not only hinders economic progress but gradually saps the democratic foundations of a country.,
"summit, top",,masculine,colmo,,,,,,,
"huddle, mess",,masculine,embrollo,,,,,,,
,,,,,,,,,,
,,,,,,,,,,
,,,,,,,,,,
,,,,,,,,,,
,,,,,,,,,,
,,,,,,,,,,
,,,,,,,,,,
,,,,,,,,,,
,,,,,,,,,,
,,,,,,,,,,
,,,felino,,,,,,,
,,,nostálgico,,,,,,,
,,,nostalgia,,,,,,,